# Blender 5.1.0
# www.blender.org
mtllib low_poly_house.mtl
o ground_green_0
v 2.958660 0.494226 5.031950
v 3.264682 0.494226 -0.142833
v -2.981503 0.494226 -0.518779
v -3.287526 0.494226 4.656004
v -3.287526 0.170443 4.656004
v -3.287526 0.494226 4.656004
v -2.981503 0.494226 -0.518779
v -2.981503 0.170444 -0.518779
v -2.981503 0.170444 -0.518779
v -2.981503 0.494226 -0.518779
v 3.264682 0.494226 -0.142833
v 3.264682 0.170443 -0.142833
v 3.264682 0.170443 -0.142833
v 2.958660 0.170443 5.031950
v -3.287526 0.170443 4.656004
v -2.981503 0.170444 -0.518779
v 2.958660 0.170443 5.031950
v 2.958660 0.494226 5.031950
v -3.287526 0.494226 4.656004
v -3.287526 0.170443 4.656004
v 3.264682 0.170443 -0.142833
v 3.264682 0.494226 -0.142833
v 2.958660 0.494226 5.031950
v 2.958660 0.170443 5.031950
vn -0.0000 1.0000 -0.0000
vn -0.9983 -0.0000 -0.0590
vn 0.0601 -0.0000 -0.9982
vn -0.0000 -1.0000 -0.0000
vn -0.0601 -0.0000 0.9982
vn 0.9983 -0.0000 0.0590
vt 0.375000 1.000000
vt 0.625000 1.000000
vt 0.625000 0.750000
vt 0.375000 0.750000
vt 0.625000 0.500000
vt 0.375000 0.500000
vt 0.625000 0.250000
vt 0.375000 0.250000
vt 0.625000 0.000000
vt 0.375000 0.000000
vt 0.125000 0.500000
vt 0.125000 0.250000
vt 0.875000 0.500000
vt 0.875000 0.250000
s 0
usemtl green
f 1/1/1 2/2/1 3/3/1
f 1/1/1 3/3/1 4/4/1
f 5/4/2 6/3/2 7/5/2
f 5/4/2 7/5/2 8/6/2
f 9/6/3 10/5/3 11/7/3
f 9/6/3 11/7/3 12/8/3
f 13/8/4 14/7/4 15/9/4
f 13/8/4 15/9/4 16/10/4
f 17/11/5 18/6/5 19/8/5
f 17/11/5 19/8/5 20/12/5
f 21/5/6 22/13/6 23/14/6
f 21/5/6 23/14/6 24/7/6
o tree_Material.007_0
v 0.737322 0.688280 2.073818
v 0.737322 1.350955 2.073818
v 0.696398 1.350955 2.160489
v 0.696398 0.688280 2.160489
v 0.696398 0.688280 2.160489
v 0.696398 1.350955 2.160489
v 0.608098 1.350955 2.192170
v 0.608098 0.688280 2.192170
v 0.608098 0.688280 2.192170
v 0.608098 1.350955 2.192170
v 0.524147 1.350955 2.150303
v 0.524147 0.688280 2.150303
v 0.524147 0.688280 2.150303
v 0.524147 1.350955 2.150303
v 0.493723 1.350955 2.059413
v 0.493723 0.688280 2.059413
v 0.493723 0.688280 2.059413
v 0.493723 1.350955 2.059413
v 0.534648 1.350955 1.972742
v 0.534648 0.688280 1.972742
v 0.534648 0.688280 1.972742
v 0.534648 1.350955 1.972742
v 0.622948 1.350955 1.941061
v 0.622948 0.688280 1.941061
v 0.622948 0.688280 1.941061
v 0.622948 1.350955 1.941061
v 0.706898 1.350955 1.982928
v 0.706898 0.688280 1.982928
v 0.706898 0.688280 1.982928
v 0.706898 1.350955 1.982928
v 0.737322 1.350955 2.073818
v 0.737322 0.688280 2.073818
v 0.696398 1.350955 2.160489
v 0.737322 1.350955 2.073818
v 0.706898 1.350955 1.982928
v 0.622948 1.350955 1.941061
v 0.534648 1.350955 1.972742
v 0.493723 1.350955 2.059413
v 0.524147 1.350955 2.150303
v 0.608098 1.350955 2.192170
vn 0.9043 -0.0000 0.4270
vn 0.3377 -0.0000 0.9413
vn -0.4463 -0.0000 0.8949
vn -0.9483 -0.0000 0.3174
vn -0.9043 -0.0000 -0.4270
vn -0.3377 -0.0000 -0.9413
vn 0.4463 -0.0000 -0.8949
vn 0.9483 -0.0000 -0.3174
vn -0.0000 1.0000 -0.0000
vt 1.000000 0.500000
vt 1.000000 0.000000
vt 0.875000 0.000000
vt 0.875000 0.500000
vt 0.750000 0.000000
vt 0.750000 0.500000
vt 0.625000 0.000000
vt 0.625000 0.500000
vt 0.500000 0.000000
vt 0.500000 0.500000
vt 0.375000 0.000000
vt 0.375000 0.500000
vt 0.250000 0.000000
vt 0.250000 0.500000
vt 0.125000 0.000000
vt 0.125000 0.500000
vt 0.000000 0.000000
vt 0.000000 0.500000
vt 0.080294 0.919706
vt 0.080294 0.580294
vt 0.010000 0.750000
vt 0.250000 0.990000
vt 0.250000 0.510000
vt 0.419706 0.919706
vt 0.419706 0.580294
vt 0.490000 0.750000
s 0
usemtl Material.007
f 25/15/7 26/16/7 27/17/7
f 25/15/7 27/17/7 28/18/7
f 29/18/8 30/17/8 31/19/8
f 29/18/8 31/19/8 32/20/8
f 33/20/9 34/19/9 35/21/9
f 33/20/9 35/21/9 36/22/9
f 37/22/10 38/21/10 39/23/10
f 37/22/10 39/23/10 40/24/10
f 41/24/11 42/23/11 43/25/11
f 41/24/11 43/25/11 44/26/11
f 45/26/12 46/25/12 47/27/12
f 45/26/12 47/27/12 48/28/12
f 49/28/13 50/27/13 51/29/13
f 49/28/13 51/29/13 52/30/13
f 53/30/14 54/29/14 55/31/14
f 53/30/14 55/31/14 56/32/14
f 61/33/15 59/34/15 60/35/15
f 59/34/15 61/33/15 62/36/15
f 59/34/15 62/36/15 58/37/15
f 58/37/15 62/36/15 63/38/15
f 58/37/15 63/38/15 57/39/15
f 57/39/15 63/38/15 64/40/15
o tree_Material.008_0
v 0.493723 0.688280 2.059413
v 0.534648 0.688280 1.972742
v 0.509333 0.483547 1.943358
v 0.455599 0.483547 2.057158
v 0.706898 0.688280 1.982928
v 0.737322 0.688280 2.073818
v 0.775447 0.483547 2.076073
v 0.735500 0.483547 1.956733
v 0.737322 0.688280 2.073818
v 0.696398 0.688280 2.160489
v 0.721712 0.483547 2.189873
v 0.775447 0.483547 2.076073
v 0.608098 0.688280 2.192170
v 0.524147 0.688280 2.150303
v 0.495546 0.483547 2.176498
v 0.605774 0.483547 2.231470
v 0.534648 0.688280 1.972742
v 0.622948 0.688280 1.941061
v 0.625272 0.483547 1.901761
v 0.509333 0.483547 1.943358
v 0.524147 0.688280 2.150303
v 0.493723 0.688280 2.059413
v 0.455599 0.483547 2.057158
v 0.495546 0.483547 2.176498
v 0.622948 0.688280 1.941061
v 0.706898 0.688280 1.982928
v 0.735500 0.483547 1.956733
v 0.625272 0.483547 1.901761
v 0.696398 0.688280 2.160489
v 0.608098 0.688280 2.192170
v 0.605774 0.483547 2.231470
v 0.721712 0.483547 2.189873
v 0.775447 0.483547 2.076073
v 0.721712 0.483547 2.189873
v 0.605774 0.483547 2.231470
v 0.495546 0.483547 2.176498
v 0.455599 0.483547 2.057158
v 0.509333 0.483547 1.943358
v 0.625272 0.483547 1.901761
v 0.735500 0.483547 1.956733
vn -0.8910 0.1706 -0.4207
vn 0.9344 0.1706 -0.3128
vn 0.8910 0.1706 0.4207
vn -0.4395 0.1741 0.8812
vn -0.3325 0.1741 -0.9269
vn -0.9344 0.1706 0.3128
vn 0.4395 0.1741 -0.8812
vn 0.3325 0.1741 0.9269
vn -0.0000 -1.0000 -0.0000
vt 0.500000 0.500000
vt 0.375000 0.500000
vt 0.125000 0.500000
vt 0.000000 0.500000
vt 1.000000 0.500000
vt 0.875000 0.500000
vt 0.750000 0.500000
vt 0.625000 0.500000
vt 0.250000 0.500000
vt 0.580294 0.580294
vt 0.580294 0.919706
vt 0.510000 0.750000
vt 0.750000 0.990000
vt 0.750000 0.510000
vt 0.919706 0.919706
vt 0.919706 0.580294
vt 0.990000 0.750000
s 0
usemtl Material.008
f 65/41/16 66/42/16 67/42/16
f 65/41/16 67/42/16 68/41/16
f 69/43/17 70/44/17 71/44/17
f 69/43/17 71/44/17 72/43/17
f 73/45/18 74/46/18 75/46/18
f 73/45/18 75/46/18 76/45/18
f 77/47/19 78/48/19 79/48/19
f 77/47/19 79/48/19 80/47/19
f 81/42/20 82/49/20 83/49/20
f 81/42/20 83/49/20 84/42/20
f 85/48/21 86/41/21 87/41/21
f 85/48/21 87/41/21 88/48/21
f 89/49/22 90/43/22 91/43/22
f 89/49/22 91/43/22 92/49/22
f 93/46/23 94/47/23 95/47/23
f 93/46/23 95/47/23 96/46/23
f 104/50/24 102/51/24 103/52/24
f 102/51/24 104/50/24 101/53/24
f 101/53/24 104/50/24 97/54/24
f 101/53/24 97/54/24 100/55/24
f 100/55/24 97/54/24 98/56/24
f 100/55/24 98/56/24 99/57/24
o tree_pastelgreen_0
v 1.225157 1.377076 2.091639
v 0.630819 2.567829 2.056492
v 0.973903 1.377076 2.543078
v 0.973903 1.377076 2.543078
v 0.630819 2.567829 2.056492
v 0.464300 1.377076 2.628107
v 0.464300 1.377076 2.628107
v 0.630819 2.567829 2.056492
v 0.080089 1.377076 2.282698
v 0.080089 1.377076 2.282698
v 0.630819 2.567829 2.056492
v 0.110589 1.377076 1.766951
v 0.110589 1.377076 1.766951
v 0.630819 2.567829 2.056492
v 0.532833 1.377076 1.469234
v 0.532833 1.377076 1.469234
v 0.630819 2.567829 2.056492
v 1.028862 1.377076 1.613734
v 1.028862 1.377076 1.613734
v 0.630819 2.567829 2.056492
v 1.225157 1.377076 2.091639
v 1.225157 1.862796 2.091639
v 0.630819 3.053549 2.056492
v 0.973903 1.862796 2.543078
v 0.973903 1.862796 2.543078
v 0.630819 3.053549 2.056492
v 0.464300 1.862796 2.628108
v 0.464300 1.862796 2.628108
v 0.630819 3.053549 2.056492
v 0.080089 1.862796 2.282698
v 0.080089 1.862796 2.282698
v 0.630819 3.053549 2.056492
v 0.110589 1.862796 1.766951
v 0.110589 1.862796 1.766951
v 0.630819 3.053549 2.056492
v 0.532833 1.862796 1.469234
v 0.532833 1.862796 1.469234
v 0.630819 3.053549 2.056492
v 1.028862 1.862796 1.613734
v 1.028862 1.862796 1.613734
v 0.630819 3.053549 2.056492
v 1.225157 1.862796 2.091639
v 0.080089 1.377076 2.282698
v 0.110589 1.377076 1.766951
v 0.110589 1.298524 1.766951
v 0.080089 1.298524 2.282698
v 0.532833 1.298524 1.469234
v 1.028862 1.298524 1.613734
v 0.964201 1.241900 1.685658
v 0.548750 1.241900 1.564632
v 1.028862 1.377076 1.613734
v 1.225157 1.377076 2.091639
v 1.225157 1.298524 2.091639
v 1.028862 1.298524 1.613734
v 1.225157 1.377076 2.091639
v 0.973903 1.377076 2.543078
v 0.973903 1.298523 2.543078
v 1.225157 1.298524 2.091639
v 0.464300 1.377076 2.628107
v 0.080089 1.377076 2.282698
v 0.080089 1.298524 2.282698
v 0.464300 1.298523 2.628107
v 0.973903 1.377076 2.543078
v 0.464300 1.377076 2.628107
v 0.464300 1.298523 2.628107
v 0.973903 1.298523 2.543078
v 0.532833 1.377076 1.469234
v 1.028862 1.377076 1.613734
v 1.028862 1.298524 1.613734
v 0.532833 1.298524 1.469234
v 0.110589 1.377076 1.766951
v 0.532833 1.377076 1.469234
v 0.532833 1.298524 1.469234
v 0.110589 1.298524 1.766951
v 0.080089 1.298524 2.282698
v 0.110589 1.298524 1.766951
v 0.195099 1.241900 1.813986
v 0.169554 1.241900 2.245952
v 0.973903 1.298523 2.543078
v 0.464300 1.298523 2.628107
v 0.491351 1.241900 2.535250
v 0.918170 1.241900 2.464033
v 1.028862 1.298524 1.613734
v 1.225157 1.298524 2.091639
v 1.128608 1.241900 2.085930
v 0.964201 1.241900 1.685658
v 0.110589 1.298524 1.766951
v 0.532833 1.298524 1.469234
v 0.548750 1.241900 1.564632
v 0.195099 1.241900 1.813986
v 0.464300 1.298523 2.628107
v 0.080089 1.298524 2.282698
v 0.169554 1.241900 2.245952
v 0.491351 1.241900 2.535250
v 1.225157 1.298524 2.091639
v 0.973903 1.298523 2.543078
v 0.918170 1.241900 2.464033
v 1.128608 1.241900 2.085930
v 0.080089 1.862796 2.282698
v 0.110589 1.862796 1.766951
v 0.110589 1.784243 1.766951
v 0.080089 1.784243 2.282698
v 0.532833 1.784243 1.469234
v 1.028862 1.784243 1.613734
v 0.964201 1.727620 1.685658
v 0.548750 1.727620 1.564632
v 1.028862 1.862796 1.613734
v 1.225157 1.862796 2.091639
v 1.225157 1.784243 2.091639
v 1.028862 1.784243 1.613734
v 1.225157 1.862796 2.091639
v 0.973903 1.862796 2.543078
v 0.973903 1.784243 2.543078
v 1.225157 1.784243 2.091639
v 0.464300 1.862796 2.628108
v 0.080089 1.862796 2.282698
v 0.080089 1.784243 2.282698
v 0.464300 1.784243 2.628108
v 0.973903 1.862796 2.543078
v 0.464300 1.862796 2.628108
v 0.464300 1.784243 2.628108
v 0.973903 1.784243 2.543078
v 0.532833 1.862796 1.469234
v 1.028862 1.862796 1.613734
v 1.028862 1.784243 1.613734
v 0.532833 1.784243 1.469234
v 0.110589 1.862796 1.766951
v 0.532833 1.862796 1.469234
v 0.532833 1.784243 1.469234
v 0.110589 1.784243 1.766951
v 0.080089 1.784243 2.282698
v 0.110589 1.784243 1.766951
v 0.195099 1.727620 1.813986
v 0.169554 1.727620 2.245952
v 0.973903 1.784243 2.543078
v 0.464300 1.784243 2.628108
v 0.491351 1.727620 2.535250
v 0.918170 1.727620 2.464034
v 1.028862 1.784243 1.613734
v 1.225157 1.784243 2.091639
v 1.128608 1.727620 2.085930
v 0.964201 1.727620 1.685658
v 0.110589 1.784243 1.766951
v 0.532833 1.784243 1.469234
v 0.548750 1.727620 1.564632
v 0.195099 1.727620 1.813986
v 0.464300 1.784243 2.628108
v 0.080089 1.784243 2.282698
v 0.169554 1.727620 2.245952
v 0.491351 1.727620 2.535250
v 1.225157 1.784243 2.091639
v 0.973903 1.784243 2.543078
v 0.918170 1.727620 2.464034
v 1.128608 1.727620 2.085930
v 1.128608 1.241900 2.085930
v 0.918170 1.241900 2.464033
v 0.491351 1.241900 2.535250
v 0.169554 1.241900 2.245952
v 0.195099 1.241900 1.813986
v 0.548750 1.241900 1.564632
v 0.964201 1.241900 1.685658
v 1.128608 1.727620 2.085930
v 0.918170 1.727620 2.464034
v 0.491351 1.727620 2.535250
v 0.169554 1.727620 2.245952
v 0.195099 1.727620 1.813986
v 0.548750 1.727620 1.564632
v 0.964201 1.727620 1.685658
vn 0.7967 0.4107 0.4434
vn 0.1501 0.4107 0.8993
vn -0.6096 0.4107 0.6780
vn -0.9102 0.4107 -0.0538
vn -0.5254 0.4107 -0.7452
vn 0.2550 0.4107 -0.8754
vn 0.8434 0.4107 -0.3464
vn -0.9983 -0.0000 -0.0590
vn 0.1524 -0.8385 -0.5231
vn 0.9250 -0.0000 -0.3799
vn 0.8738 -0.0000 0.4863
vn -0.6686 -0.0000 0.7437
vn 0.1646 -0.0000 0.9864
vn 0.2797 -0.0000 -0.9601
vn -0.5762 -0.0000 -0.8173
vn -0.5439 -0.8385 -0.0322
vn 0.0897 -0.8385 0.5374
vn 0.5040 -0.8385 -0.2070
vn -0.3140 -0.8385 -0.4453
vn -0.3643 -0.8385 0.4052
vn 0.4761 -0.8385 0.2650
vn -0.0000 -1.0000 -0.0000
vt 0.250000 0.510000
vt 0.250000 0.750000
vt 0.437640 0.600362
vt 0.483983 0.803405
vt 0.354132 0.966233
vt 0.145868 0.966233
vt 0.016017 0.803405
vt 0.062360 0.600362
vt 0.562360 0.600362
vt 0.645868 0.966233
vt 0.516017 0.803405
vt 0.750000 0.510000
vt 0.854132 0.966233
vt 0.937640 0.600362
vt 0.983983 0.803405
s 0
usemtl pastelgreen
f 105/58/25 106/59/25 107/60/25
f 108/60/26 109/59/26 110/61/26
f 111/61/27 112/59/27 113/62/27
f 114/62/28 115/59/28 116/63/28
f 117/63/29 118/59/29 119/64/29
s 1
f 120/64/30 121/59/30 122/65/30
s 0
f 123/65/31 124/59/31 125/58/31
f 126/58/25 127/59/25 128/60/25
f 129/60/26 130/59/26 131/61/26
f 132/61/27 133/59/27 134/62/27
f 135/62/28 136/59/28 137/63/28
f 138/63/29 139/59/29 140/64/29
f 141/64/30 142/59/30 143/65/30
f 144/65/31 145/59/31 146/58/31
f 147/62/32 148/63/32 149/63/32
f 147/62/32 149/63/32 150/62/32
f 151/64/33 152/65/33 153/65/33
f 151/64/33 153/65/33 154/64/33
f 155/65/34 156/58/34 157/58/34
f 155/65/34 157/58/34 158/65/34
f 159/58/35 160/60/35 161/60/35
f 159/58/35 161/60/35 162/58/35
f 163/61/36 164/62/36 165/62/36
f 163/61/36 165/62/36 166/61/36
f 167/60/37 168/61/37 169/61/37
f 167/60/37 169/61/37 170/60/37
s 1
f 171/64/38 172/65/38 173/65/38
s 0
f 171/64/38 173/65/38 174/64/38
f 175/63/39 176/64/39 177/64/39
f 175/63/39 177/64/39 178/63/39
f 179/62/40 180/63/40 181/63/40
f 179/62/40 181/63/40 182/62/40
f 183/60/41 184/61/41 185/61/41
f 183/60/41 185/61/41 186/60/41
f 187/65/42 188/58/42 189/58/42
f 187/65/42 189/58/42 190/65/42
f 191/63/43 192/64/43 193/64/43
f 191/63/43 193/64/43 194/63/43
f 195/61/44 196/62/44 197/62/44
f 195/61/44 197/62/44 198/61/44
f 199/58/45 200/60/45 201/60/45
f 199/58/45 201/60/45 202/58/45
f 203/62/32 204/63/32 205/63/32
f 203/62/32 205/63/32 206/62/32
f 207/64/33 208/65/33 209/65/33
f 207/64/33 209/65/33 210/64/33
f 211/65/34 212/58/34 213/58/34
f 211/65/34 213/58/34 214/65/34
f 215/58/35 216/60/35 217/60/35
f 215/58/35 217/60/35 218/58/35
f 219/61/36 220/62/36 221/62/36
f 219/61/36 221/62/36 222/61/36
f 223/60/37 224/61/37 225/61/37
f 223/60/37 225/61/37 226/60/37
f 227/64/38 228/65/38 229/65/38
f 227/64/38 229/65/38 230/64/38
f 231/63/39 232/64/39 233/64/39
f 231/63/39 233/64/39 234/63/39
f 235/62/40 236/63/40 237/63/40
f 235/62/40 237/63/40 238/62/40
f 239/60/41 240/61/41 241/61/41
f 239/60/41 241/61/41 242/60/41
f 243/65/42 244/58/42 245/58/42
f 243/65/42 245/58/42 246/65/42
f 247/63/43 248/64/43 249/64/43
f 247/63/43 249/64/43 250/63/43
f 251/61/44 252/62/44 253/62/44
f 251/61/44 253/62/44 254/61/44
f 255/58/45 256/60/45 257/60/45
f 255/58/45 257/60/45 258/58/45
f 265/66/46 263/67/46 264/68/46
f 263/67/46 265/66/46 259/69/46
f 263/67/46 259/69/46 262/70/46
f 262/70/46 259/69/46 260/71/46
f 262/70/46 260/71/46 261/72/46
f 272/66/46 270/67/46 271/68/46
f 270/67/46 272/66/46 266/69/46
f 270/67/46 266/69/46 269/70/46
f 269/70/46 266/69/46 267/71/46
f 269/70/46 267/71/46 268/72/46
o house_reddishpink_0
v -1.181412 0.610782 1.982250
v -1.181412 1.262339 1.982250
v -0.743512 1.262339 2.008146
v -0.743512 0.610782 2.008146
v -0.743512 0.610782 2.008146
v -0.743512 1.262339 2.008146
v -0.745481 1.262339 2.041440
v -0.745481 0.610782 2.041440
v -0.745481 0.610782 2.041440
v -0.745481 1.262339 2.041440
v -1.183381 1.262339 2.015543
v -1.183381 0.610782 2.015543
v -1.183381 0.610782 2.015543
v -1.183381 1.262339 2.015543
v -1.181412 1.262339 1.982250
v -1.181412 0.610782 1.982250
v -0.743512 0.610782 2.008146
v -0.745481 0.610782 2.041440
v -1.183381 0.610782 2.015543
v -1.181412 0.610782 1.982250
v -0.745481 1.262339 2.041440
v -0.743512 1.262339 2.008146
v -1.181412 1.262339 1.982250
v -1.183381 1.262339 2.015543
vn 0.0590 -0.0000 -0.9983
vn 0.9983 -0.0000 0.0590
vn -0.0590 -0.0000 0.9983
vn -0.9983 -0.0000 -0.0590
vn -0.0000 -1.0000 -0.0000
vn -0.0000 1.0000 -0.0000
vt 0.375000 1.000000
vt 0.625000 1.000000
vt 0.625000 0.750000
vt 0.375000 0.750000
vt 0.625000 0.500000
vt 0.375000 0.500000
vt 0.625000 0.250000
vt 0.375000 0.250000
vt 0.625000 0.000000
vt 0.375000 0.000000
vt 0.125000 0.500000
vt 0.125000 0.250000
vt 0.875000 0.500000
vt 0.875000 0.250000
s 0
usemtl reddishpink
f 273/73/47 274/74/47 275/75/47
f 273/73/47 275/75/47 276/76/47
f 277/76/48 278/75/48 279/77/48
f 277/76/48 279/77/48 280/78/48
f 281/78/49 282/77/49 283/79/49
f 281/78/49 283/79/49 284/80/49
f 285/80/50 286/79/50 287/81/50
f 285/80/50 287/81/50 288/82/50
f 289/83/51 290/78/51 291/80/51
f 289/83/51 291/80/51 292/84/51
f 293/77/52 294/85/52 295/86/52
f 293/77/52 295/86/52 296/79/52
o house_pink_0
v -2.429955 3.247491 -0.093593
v -2.429955 3.475019 -0.093593
v -0.272890 3.475019 0.033970
v -0.272890 3.247491 0.033970
v -0.272890 3.247491 0.033970
v -0.272890 3.475019 0.033970
v -0.400453 3.475019 2.191036
v -0.400453 3.247490 2.191036
v -0.400453 3.247490 2.191036
v -0.400453 3.475019 2.191036
v -2.557518 3.475019 2.063473
v -2.557518 3.247490 2.063473
v -2.557518 3.247490 2.063473
v -2.557518 3.475019 2.063473
v -2.429955 3.475019 -0.093593
v -2.429955 3.247491 -0.093593
v -2.557518 3.247490 2.063473
v -2.429955 3.247491 -0.093593
v -2.353097 3.247491 -0.007073
v -2.470999 3.247490 1.986615
v -0.400453 3.475019 2.191036
v -0.272890 3.475019 0.033970
v -0.427799 3.475019 0.171581
v -0.538064 3.475019 2.036127
v -0.272890 3.247491 0.033970
v -0.400453 3.247490 2.191036
v -0.477311 3.247490 2.104517
v -0.359410 3.247491 0.110829
v -2.429955 3.247491 -0.093593
v -2.353097 3.247491 -0.007073
v -2.292344 3.475019 0.061317
v -2.402608 3.475019 1.925863
v -2.402608 3.356636 1.925862
v -2.292344 3.356637 0.061317
v -2.557518 3.475019 2.063473
v -2.402608 3.475019 1.925863
v -2.429955 3.475019 -0.093593
v -2.292344 3.475019 0.061317
v -2.429955 3.475019 -0.093593
v -2.292344 3.475019 0.061317
v -0.538064 3.356636 2.036127
v -0.427799 3.356637 0.171581
v -2.292344 3.356637 0.061317
v -2.402608 3.356636 1.925862
v -0.538064 3.475019 2.036127
v -0.427799 3.475019 0.171581
v -0.427799 3.356637 0.171581
v -0.538064 3.356636 2.036127
v -2.402608 3.475019 1.925863
v -0.538064 3.475019 2.036127
v -0.538064 3.356636 2.036127
v -2.402608 3.356636 1.925862
v -0.427799 3.475019 0.171581
v -2.292344 3.475019 0.061317
v -2.292344 3.356637 0.061317
v -0.427799 3.356637 0.171581
vn 0.0590 -0.0000 -0.9983
vn 0.9983 -0.0000 0.0590
vn -0.0590 -0.0000 0.9983
vn -0.9983 -0.0000 -0.0590
vn -0.0000 -1.0000 -0.0000
vn -0.0000 1.0000 -0.0000
vt 0.375000 1.000000
vt 0.625000 1.000000
vt 0.625000 0.750000
vt 0.375000 0.750000
vt 0.625000 0.500000
vt 0.375000 0.500000
vt 0.625000 0.250000
vt 0.375000 0.250000
vt 0.625000 0.000000
vt 0.375000 0.000000
vt 0.875000 0.500000
vt 0.875000 0.250000
s 0
usemtl pink
f 297/87/53 298/88/53 299/89/53
f 297/87/53 299/89/53 300/90/53
f 301/90/54 302/89/54 303/91/54
f 301/90/54 303/91/54 304/92/54
f 305/92/55 306/91/55 307/93/55
f 305/92/55 307/93/55 308/94/55
f 309/94/56 310/93/56 311/95/56
f 309/94/56 311/95/56 312/96/56
f 313/94/57 314/96/57 315/96/57
f 313/94/57 315/96/57 316/94/57
f 317/91/58 318/89/58 319/89/58
f 317/91/58 319/89/58 320/91/58
f 321/90/57 322/92/57 323/92/57
f 321/90/57 323/92/57 324/90/57
f 325/87/57 321/90/57 324/90/57
f 325/87/57 324/90/57 326/87/57
f 322/92/57 313/94/57 316/94/57
f 322/92/57 316/94/57 323/92/57
f 327/95/54 328/93/54 329/93/54
f 327/95/54 329/93/54 330/95/54
f 331/93/58 317/91/58 320/91/58
f 331/93/58 320/91/58 332/93/58
f 318/89/58 333/88/58 334/88/58
f 318/89/58 334/88/58 319/89/58
f 335/95/58 331/93/58 332/93/58
f 335/95/58 332/93/58 336/95/58
f 337/91/58 338/97/58 339/98/58
f 337/91/58 339/98/58 340/93/58
f 341/91/56 342/89/56 343/89/56
f 341/91/56 343/89/56 344/91/56
f 345/93/53 346/91/53 347/91/53
f 345/93/53 347/91/53 348/93/53
f 349/89/55 350/88/55 351/88/55
f 349/89/55 351/88/55 352/89/55
o house_Material.002_0
v -0.477311 3.247490 2.104517
v -2.470999 3.247490 1.986615
v -2.470999 3.188057 1.986615
v -0.477311 3.188057 2.104517
v -2.470999 3.188057 1.986615
v -2.353097 3.188057 -0.007073
v -2.268330 3.188057 0.088350
v -2.375575 3.188057 1.901848
v -2.353097 3.247491 -0.007073
v -0.359410 3.247491 0.110829
v -0.359410 3.188057 0.110829
v -2.353097 3.188057 -0.007073
v -2.470999 3.247490 1.986615
v -2.353097 3.247491 -0.007073
v -2.353097 3.188057 -0.007073
v -2.470999 3.188057 1.986615
v -0.359410 3.247491 0.110829
v -0.477311 3.247490 2.104517
v -0.477311 3.188057 2.104517
v -0.359410 3.188057 0.110829
v -0.562078 1.966559 2.009093
v -2.375575 1.966559 1.901848
v -2.375575 0.600434 1.901848
v -0.562078 0.600434 2.009093
v -0.359410 3.188057 0.110829
v -0.477311 3.188057 2.104517
v -0.562078 3.188057 2.009093
v -0.454833 3.188057 0.195596
v -2.353097 3.188057 -0.007073
v -2.268330 3.188057 0.088350
v -2.268330 1.966559 0.088350
v -0.454833 1.966559 0.195596
v -0.454833 0.600435 0.195595
v -2.268330 0.600435 0.088350
v -2.375575 1.966559 1.901848
v -2.268330 1.966559 0.088350
v -2.268330 0.600435 0.088350
v -2.375575 0.600434 1.901848
v -0.454833 1.966559 0.195596
v -0.562078 1.966559 2.009093
v -0.562078 0.600434 2.009093
v -0.454833 0.600435 0.195595
vn -0.0590 -0.0000 0.9983
vn -0.0000 -1.0000 -0.0000
vn 0.0590 -0.0000 -0.9983
vn -0.9983 -0.0000 -0.0590
vn 0.9983 -0.0000 0.0590
vt 0.375000 0.500000
vt 0.375000 0.250000
vt 0.375000 0.000000
vt 0.375000 1.000000
vt 0.375000 0.750000
s 0
usemtl Material.002
f 353/99/59 354/100/59 355/100/59
f 353/99/59 355/100/59 356/99/59
f 357/100/60 358/101/60 359/101/60
f 357/100/60 359/101/60 360/100/60
f 361/102/61 362/103/61 363/103/61
f 361/102/61 363/103/61 364/102/61
f 365/100/62 366/101/62 367/101/62
f 365/100/62 367/101/62 368/100/62
f 369/103/63 370/99/63 371/99/63
f 369/103/63 371/99/63 372/103/63
f 373/99/59 374/100/59 375/100/59
f 373/99/59 375/100/59 376/99/59
f 377/103/60 378/99/60 379/99/60
f 377/103/60 379/99/60 380/103/60
f 378/99/60 357/100/60 360/100/60
f 378/99/60 360/100/60 379/99/60
f 381/102/60 377/103/60 380/103/60
f 381/102/60 380/103/60 382/102/60
f 383/102/61 384/103/61 385/103/61
f 383/102/61 385/103/61 386/102/61
f 387/100/62 388/101/62 389/101/62
f 387/100/62 389/101/62 390/100/62
f 391/103/63 392/99/63 393/99/63
f 391/103/63 393/99/63 394/103/63
o house_yellow_0
v -0.562078 0.600434 2.009093
v -2.375575 0.600434 1.901848
v -2.437969 0.594612 1.957274
v -0.506652 0.594612 2.071487
v -2.437969 0.594612 1.957274
v -2.323756 0.594612 0.025956
v -2.323756 0.446606 0.025956
v -2.437969 0.446606 1.957274
v -2.268330 0.600435 0.088350
v -0.454833 0.600435 0.195595
v -0.392439 0.594612 0.140169
v -2.323756 0.594612 0.025956
v -2.375575 0.600434 1.901848
v -2.268330 0.600435 0.088350
v -2.323756 0.594612 0.025956
v -2.437969 0.594612 1.957274
v -0.454833 0.600435 0.195595
v -0.562078 0.600434 2.009093
v -0.506652 0.594612 2.071487
v -0.392439 0.594612 0.140169
v -0.392439 0.446606 0.140169
v -0.506652 0.446606 2.071487
v -2.437969 0.446606 1.957274
v -2.323756 0.446606 0.025956
v -0.392439 0.594612 0.140169
v -0.506652 0.594612 2.071487
v -0.506652 0.446606 2.071487
v -0.392439 0.446606 0.140169
v -0.506652 0.594612 2.071487
v -2.437969 0.594612 1.957274
v -2.437969 0.446606 1.957274
v -0.506652 0.446606 2.071487
v -2.323756 0.594612 0.025956
v -0.392439 0.594612 0.140169
v -0.392439 0.446606 0.140169
v -2.323756 0.446606 0.025956
vn -0.0058 0.9952 0.0980
vn -0.9983 -0.0000 -0.0590
vn 0.0058 0.9952 -0.0980
vn -0.0980 0.9952 -0.0058
vn 0.0980 0.9952 0.0058
vn -0.0000 -1.0000 -0.0000
vn 0.9983 -0.0000 0.0590
vn -0.0590 -0.0000 0.9983
vn 0.0590 -0.0000 -0.9983
vt 0.375000 0.500000
vt 0.375000 0.250000
vt 0.375000 0.000000
vt 0.375000 1.000000
vt 0.375000 0.750000
vt 0.125000 0.500000
vt 0.125000 0.250000
s 0
usemtl yellow
f 395/104/64 396/105/64 397/105/64
f 395/104/64 397/105/64 398/104/64
f 399/105/65 400/106/65 401/106/65
f 399/105/65 401/106/65 402/105/65
f 403/107/66 404/108/66 405/108/66
f 403/107/66 405/108/66 406/107/66
f 407/105/67 408/106/67 409/106/67
f 407/105/67 409/106/67 410/105/67
f 411/108/68 412/104/68 413/104/68
f 411/108/68 413/104/68 414/108/68
f 415/109/69 416/104/69 417/105/69
f 415/109/69 417/105/69 418/110/69
f 419/108/70 420/104/70 421/104/70
f 419/108/70 421/104/70 422/108/70
f 423/104/71 424/105/71 425/105/71
f 423/104/71 425/105/71 426/104/71
f 427/107/72 428/108/72 429/108/72
f 427/107/72 429/108/72 430/107/72
o house_Material.003_0
v -0.454833 2.128802 0.195596
v -0.562078 2.128802 2.009093
v -0.562078 1.966559 2.009093
v -0.454833 1.966559 0.195596
v -2.375575 2.128802 1.901848
v -2.268330 2.128802 0.088350
v -2.268330 1.966559 0.088350
v -2.375575 1.966559 1.901848
v -2.268330 2.128802 0.088350
v -0.454833 2.128802 0.195596
v -0.454833 1.966559 0.195596
v -2.268330 1.966559 0.088350
v -2.380751 1.966559 1.989375
v -2.380751 2.128802 1.989375
v -0.567254 2.128802 2.096620
v -2.380751 2.128802 1.989375
v -2.380751 1.966559 1.989375
v -0.567254 1.966559 2.096620
v -2.375575 1.966559 1.901848
v -0.562078 1.966559 2.009093
v -0.567254 1.966559 2.096620
v -2.380751 1.966559 1.989375
v -0.562078 2.128802 2.009093
v -2.375575 2.128802 1.901848
v -2.380751 2.128802 1.989375
v -0.567254 2.128802 2.096620
v -0.567254 2.128802 2.096620
v -0.567254 1.966559 2.096620
vn 0.9983 -0.0000 0.0590
vn -0.9983 -0.0000 -0.0590
vn 0.0590 -0.0000 -0.9983
vn -0.0590 -0.0000 0.9983
vn -0.0000 -1.0000 -0.0000
vn -0.0000 1.0000 -0.0000
vt 0.375000 0.750000
vt 0.375000 0.500000
vt 0.375000 0.250000
vt 0.375000 0.000000
vt 0.375000 1.000000
vt 0.375000 1.000000
s 0
usemtl Material.003
f 431/111/73 432/112/73 433/112/73
f 431/111/73 433/112/73 434/111/73
f 435/113/74 436/114/74 437/114/74
f 435/113/74 437/114/74 438/113/74
f 439/115/75 440/111/75 441/111/75
f 439/115/75 441/111/75 442/116/75
f 435/113/74 438/113/74 443/113/74
f 435/113/74 443/113/74 444/113/74
f 445/112/76 446/113/76 447/113/76
f 445/112/76 447/113/76 448/112/76
f 449/113/77 450/112/77 451/112/77
f 449/113/77 451/112/77 452/113/77
f 453/112/78 454/113/78 455/113/78
f 453/112/78 455/113/78 456/112/78
f 433/112/73 432/112/73 457/112/73
f 433/112/73 457/112/73 458/112/73
o house_white_0
v -1.132068 0.878879 2.027264
v -1.144336 0.884820 2.040289
v -1.150298 0.884820 2.020933
v -1.152940 0.900868 2.049424
v -1.144336 0.884820 2.040289
v -1.133688 0.897745 2.054670
v -1.132068 0.878879 2.027264
v -1.150298 0.884820 2.020933
v -1.131066 0.884820 2.010326
v -1.132068 0.878879 2.027264
v -1.131066 0.884820 2.010326
v -1.113218 0.884820 2.023126
v -1.132068 0.878879 2.027264
v -1.113218 0.884820 2.023126
v -1.121420 0.884820 2.041645
v -1.152940 0.900868 2.049424
v -1.133688 0.897745 2.054670
v -1.145338 0.918658 2.057228
v -1.163083 0.900868 2.016494
v -1.162566 0.897745 2.033959
v -1.169147 0.918658 2.025071
v -1.130363 0.900868 1.998447
v -1.149296 0.897745 2.003995
v -1.141714 0.918658 1.995945
v -1.099999 0.900868 2.020224
v -1.112217 0.897745 2.006188
v -1.100950 0.918658 2.010100
v -1.113953 0.900868 2.051730
v -1.102571 0.897745 2.037507
v -1.103189 0.918658 2.047975
v -1.152940 0.900868 2.049424
v -1.145338 0.918658 2.057228
v -1.163185 0.918658 2.044427
v -1.163083 0.900868 2.016494
v -1.169147 0.918658 2.025071
v -1.160946 0.918658 2.006552
v -1.130363 0.900868 1.998447
v -1.141714 0.918658 1.995945
v -1.118797 0.918658 1.997300
v -1.099999 0.900868 2.020224
v -1.100950 0.918658 2.010100
v -1.094988 0.918658 2.029457
v -1.113953 0.900868 2.051730
v -1.103189 0.918658 2.047975
v -1.122422 0.918658 2.058583
v -1.164136 0.936448 2.034303
v -1.151918 0.939571 2.048340
v -1.150917 0.952496 2.031401
v -1.150182 0.936448 2.002798
v -1.161564 0.939572 2.017020
v -1.142715 0.952496 2.012883
v -1.111195 0.936448 2.005103
v -1.130447 0.939571 1.999857
v -1.119799 0.952496 2.014238
v -1.101053 0.936448 2.038034
v -1.101569 0.939572 2.020569
v -1.113837 0.952496 2.033594
v -1.133772 0.936448 2.056081
v -1.114839 0.939571 2.050532
v -1.133069 0.952496 2.044202
v -1.133069 0.952496 2.044202
v -1.113837 0.952496 2.033594
v -1.132068 0.958437 2.027264
v -1.133069 0.952496 2.044202
v -1.114839 0.939571 2.050532
v -1.113837 0.952496 2.033594
v -1.114839 0.939571 2.050532
v -1.101053 0.936448 2.038034
v -1.113837 0.952496 2.033594
v -1.113837 0.952496 2.033594
v -1.119799 0.952496 2.014238
v -1.132068 0.958437 2.027264
v -1.113837 0.952496 2.033594
v -1.101569 0.939572 2.020569
v -1.119799 0.952496 2.014238
v -1.101569 0.939572 2.020569
v -1.111195 0.936448 2.005103
v -1.119799 0.952496 2.014238
v -1.119799 0.952496 2.014238
v -1.142715 0.952496 2.012883
v -1.132068 0.958437 2.027264
v -1.119799 0.952496 2.014238
v -1.130447 0.939571 1.999857
v -1.142715 0.952496 2.012883
v -1.130447 0.939571 1.999857
v -1.150182 0.936448 2.002798
v -1.142715 0.952496 2.012883
v -1.142715 0.952496 2.012883
v -1.150917 0.952496 2.031401
v -1.132068 0.958437 2.027264
v -1.142715 0.952496 2.012883
v -1.161564 0.939572 2.017020
v -1.150917 0.952496 2.031401
v -1.161564 0.939572 2.017020
v -1.164136 0.936448 2.034303
v -1.150917 0.952496 2.031401
v -1.150917 0.952496 2.031401
v -1.133069 0.952496 2.044202
v -1.132068 0.958437 2.027264
v -1.150917 0.952496 2.031401
v -1.151918 0.939571 2.048340
v -1.133069 0.952496 2.044202
v -1.151918 0.939571 2.048340
v -1.133772 0.936448 2.056081
v -1.133069 0.952496 2.044202
v -1.122422 0.918658 2.058583
v -1.114839 0.939571 2.050532
v -1.133772 0.936448 2.056081
v -1.122422 0.918658 2.058583
v -1.103189 0.918658 2.047975
v -1.114839 0.939571 2.050532
v -1.103189 0.918658 2.047975
v -1.101053 0.936448 2.038034
v -1.114839 0.939571 2.050532
v -1.094988 0.918658 2.029457
v -1.101569 0.939572 2.020569
v -1.101053 0.936448 2.038034
v -1.094988 0.918658 2.029457
v -1.100950 0.918658 2.010100
v -1.101569 0.939572 2.020569
v -1.100950 0.918658 2.010100
v -1.111195 0.936448 2.005103
v -1.101569 0.939572 2.020569
v -1.118797 0.918658 1.997300
v -1.130447 0.939571 1.999857
v -1.111195 0.936448 2.005103
v -1.118797 0.918658 1.997300
v -1.141714 0.918658 1.995945
v -1.130447 0.939571 1.999857
v -1.141714 0.918658 1.995945
v -1.150182 0.936448 2.002798
v -1.130447 0.939571 1.999857
v -1.160946 0.918658 2.006552
v -1.161564 0.939572 2.017020
v -1.150182 0.936448 2.002798
v -1.160946 0.918658 2.006552
v -1.169147 0.918658 2.025071
v -1.161564 0.939572 2.017020
v -1.169147 0.918658 2.025071
v -1.164136 0.936448 2.034303
v -1.161564 0.939572 2.017020
v -1.163185 0.918658 2.044427
v -1.151918 0.939571 2.048340
v -1.164136 0.936448 2.034303
v -1.163185 0.918658 2.044427
v -1.145338 0.918658 2.057228
v -1.151918 0.939571 2.048340
v -1.145338 0.918658 2.057228
v -1.133772 0.936448 2.056081
v -1.151918 0.939571 2.048340
v -1.103189 0.918658 2.047975
v -1.094988 0.918658 2.029457
v -1.101053 0.936448 2.038034
v -1.103189 0.918658 2.047975
v -1.102571 0.897745 2.037507
v -1.094988 0.918658 2.029457
v -1.102571 0.897745 2.037507
v -1.099999 0.900868 2.020224
v -1.094988 0.918658 2.029457
v -1.100950 0.918658 2.010100
v -1.118797 0.918658 1.997300
v -1.111195 0.936448 2.005103
v -1.100950 0.918658 2.010100
v -1.112217 0.897745 2.006188
v -1.118797 0.918658 1.997300
v -1.112217 0.897745 2.006188
v -1.130363 0.900868 1.998447
v -1.118797 0.918658 1.997300
v -1.141714 0.918658 1.995945
v -1.160946 0.918658 2.006552
v -1.150182 0.936448 2.002798
v -1.141714 0.918658 1.995945
v -1.149296 0.897745 2.003995
v -1.160946 0.918658 2.006552
v -1.149296 0.897745 2.003995
v -1.163083 0.900868 2.016494
v -1.160946 0.918658 2.006552
v -1.169147 0.918658 2.025071
v -1.163185 0.918658 2.044427
v -1.164136 0.936448 2.034303
v -1.169147 0.918658 2.025071
v -1.162566 0.897745 2.033959
v -1.163185 0.918658 2.044427
v -1.162566 0.897745 2.033959
v -1.152940 0.900868 2.049424
v -1.163185 0.918658 2.044427
v -1.145338 0.918658 2.057228
v -1.122422 0.918658 2.058583
v -1.133772 0.936448 2.056081
v -1.145338 0.918658 2.057228
v -1.133688 0.897745 2.054670
v -1.122422 0.918658 2.058583
v -1.133688 0.897745 2.054670
v -1.113953 0.900868 2.051730
v -1.122422 0.918658 2.058583
v -1.121420 0.884820 2.041645
v -1.102571 0.897745 2.037507
v -1.113953 0.900868 2.051730
v -1.121420 0.884820 2.041645
v -1.113218 0.884820 2.023126
v -1.102571 0.897745 2.037507
v -1.113218 0.884820 2.023126
v -1.099999 0.900868 2.020224
v -1.102571 0.897745 2.037507
v -1.113218 0.884820 2.023126
v -1.112217 0.897745 2.006188
v -1.099999 0.900868 2.020224
v -1.113218 0.884820 2.023126
v -1.131066 0.884820 2.010326
v -1.112217 0.897745 2.006188
v -1.131066 0.884820 2.010326
v -1.130363 0.900868 1.998447
v -1.112217 0.897745 2.006188
v -1.131066 0.884820 2.010326
v -1.149296 0.897745 2.003995
v -1.130363 0.900868 1.998447
v -1.131066 0.884820 2.010326
v -1.150298 0.884820 2.020933
v -1.149296 0.897745 2.003995
v -1.150298 0.884820 2.020933
v -1.163083 0.900868 2.016494
v -1.149296 0.897745 2.003995
v -1.133688 0.897745 2.054670
v -1.121420 0.884820 2.041645
v -1.113953 0.900868 2.051730
v -1.133688 0.897745 2.054670
v -1.144336 0.884820 2.040289
v -1.121420 0.884820 2.041645
v -1.144336 0.884820 2.040289
v -1.132068 0.878879 2.027264
v -1.121420 0.884820 2.041645
v -1.150298 0.884820 2.020933
v -1.162566 0.897745 2.033959
v -1.163083 0.900868 2.016494
v -1.150298 0.884820 2.020933
v -1.144336 0.884820 2.040289
v -1.162566 0.897745 2.033959
v -1.144336 0.884820 2.040289
v -1.152940 0.900868 2.049424
v -1.162566 0.897745 2.033959
v -0.562078 3.188057 2.009093
v -2.375575 3.188057 1.901848
v -2.375575 2.128802 1.901848
v -0.562078 2.128802 2.009093
v -2.268330 3.188057 0.088350
v -0.454833 3.188057 0.195596
v -0.454833 2.128802 0.195596
v -2.268330 2.128802 0.088350
v -2.375575 3.188057 1.901848
v -2.268330 3.188057 0.088350
v -2.268330 2.128802 0.088350
v -2.375575 2.128802 1.901848
v -0.454833 3.188057 0.195596
v -0.562078 3.188057 2.009093
v -0.562078 2.128802 2.009093
v -0.454833 2.128802 0.195596
vn -0.3409 -0.9342 0.1050
vn -0.3001 -0.5883 0.7509
vn -0.1848 -0.9239 -0.3350
vn 0.2230 -0.9239 -0.3109
vn 0.3262 -0.9342 0.1444
vn -0.2941 -0.2757 0.9151
vn -0.9501 -0.3107 -0.0275
vn -0.2279 -0.2767 -0.9335
vn 0.7523 -0.2951 -0.5891
vn 0.7127 -0.2970 0.6355
vn -0.5795 -0.1068 0.8080
vn -0.9082 -0.1157 -0.4022
vn 0.0587 -0.1022 -0.9930
vn 0.9493 -0.1157 -0.2924
vn 0.4802 -0.1068 0.8706
vn -0.6557 0.6184 0.4331
vn -0.5457 0.6130 -0.5713
vn 0.3001 0.5883 -0.7509
vn 0.7665 0.6358 0.0910
vn 0.1376 0.5854 0.7990
vn 0.1848 0.9239 0.3350
vn 0.3233 0.7430 0.5861
vn 0.6001 0.6184 0.5074
vn 0.3409 0.9342 -0.1050
vn 0.6107 0.7692 -0.1881
vn 0.6093 0.6130 -0.5030
vn 0.0234 0.9177 -0.3965
vn 0.0405 0.7281 -0.6843
vn -0.2095 0.5883 -0.7810
vn -0.3262 0.9342 -0.1444
vn -0.5843 0.7692 -0.2588
vn -0.7719 0.6358 0.0001
vn -0.2230 0.9239 0.3109
vn -0.3901 0.7430 0.5439
vn -0.2308 0.5854 0.7772
vn 0.2279 0.2767 0.9335
vn 0.4768 0.1599 0.8644
vn 0.6776 0.2951 0.6737
vn 0.9501 0.3107 0.0275
vn 0.9413 0.1730 -0.2899
vn 0.7826 0.2970 -0.5471
vn 0.2941 0.2757 -0.9151
vn 0.0583 0.1531 -0.9865
vn -0.1842 0.2757 -0.9434
vn -0.7127 0.2970 -0.6355
vn -0.9006 0.1730 -0.3988
vn -0.9467 0.3107 -0.0847
vn -0.7523 0.2951 0.5891
vn -0.5753 0.1599 0.8022
vn -0.3364 0.2767 0.9002
vn 0.9082 0.1157 0.4022
vn 0.9006 -0.1730 0.3988
vn 0.9467 -0.3107 0.0847
vn 0.5795 0.1068 -0.8080
vn 0.5753 -0.1599 -0.8022
vn 0.3364 -0.2767 -0.9002
vn -0.4802 0.1068 -0.8706
vn -0.4768 -0.1599 -0.8644
vn -0.6776 -0.2951 -0.6737
vn -0.9493 0.1157 0.2924
vn -0.9413 -0.1730 0.2899
vn -0.7826 -0.2970 0.5471
vn -0.0587 0.1022 0.9930
vn -0.0583 -0.1531 0.9865
vn 0.1842 -0.2757 0.9434
vn 0.5457 -0.6130 0.5713
vn 0.5843 -0.7692 0.2588
vn 0.7719 -0.6358 -0.0001
vn 0.6557 -0.6184 -0.4331
vn 0.3901 -0.7430 -0.5439
vn 0.2308 -0.5854 -0.7772
vn -0.1376 -0.5854 -0.7990
vn -0.3233 -0.7430 -0.5861
vn -0.6001 -0.6184 -0.5074
vn 0.2095 -0.5883 0.7810
vn -0.0405 -0.7281 0.6843
vn -0.0234 -0.9177 0.3965
vn -0.7665 -0.6358 -0.0910
vn -0.6107 -0.7692 0.1881
vn -0.6093 -0.6130 0.5030
vn -0.0590 -0.0000 0.9983
vn 0.0590 -0.0000 -0.9983
vn -0.9983 -0.0000 -0.0590
vn 0.9983 -0.0000 0.0590
vt 0.818181 1.000000
vt 0.772726 0.921269
vt 0.863635 0.921269
vt 0.727272 0.842539
vt 0.681818 0.921269
vt 0.636363 0.842539
vt 0.090909 1.000000
vt 0.045454 0.921269
vt 0.136363 0.921269
vt 0.272727 1.000000
vt 0.227273 0.921269
vt 0.318182 0.921269
vt 0.454545 1.000000
vt 0.409090 0.921269
vt 0.500000 0.921269
vt 0.681818 0.763809
vt 0.909090 0.842539
vt 0.818181 0.842539
vt 0.863635 0.763809
vt 0.181818 0.842539
vt 0.090909 0.842539
vt 0.136363 0.763809
vt 0.363636 0.842539
vt 0.272727 0.842539
vt 0.318182 0.763809
vt 0.545454 0.842539
vt 0.454545 0.842539
vt 0.500000 0.763809
vt 0.772726 0.763809
vt 0.954545 0.763809
vt 0.227273 0.763809
vt 0.409090 0.763809
vt 0.590909 0.763809
vt 0.818181 0.685079
vt 0.727272 0.685079
vt 0.772726 0.606349
vt 1.000000 0.685079
vt 0.909091 0.685079
vt 0.954545 0.606349
vt 0.272727 0.685079
vt 0.181818 0.685079
vt 0.227273 0.606349
vt 0.454545 0.685079
vt 0.363636 0.685079
vt 0.409090 0.606349
vt 0.636363 0.685079
vt 0.545454 0.685079
vt 0.590909 0.606349
vt 0.500000 0.606349
vt 0.545454 0.527618
vt 0.318182 0.606349
vt 0.363636 0.527618
vt 0.136363 0.606349
vt 0.181818 0.527618
vt 0.090909 0.685079
vt 0.863635 0.606349
vt 0.909090 0.527618
vt 0.681818 0.606349
vt 0.727272 0.527618
vt 0.045454 0.763809
vt 0.000000 0.842539
vt 0.590909 0.921269
vt 0.636363 1.000000
vt 0.375000 0.500000
vt 0.375000 0.250000
vt 0.375000 1.000000
vt 0.375000 0.750000
vt 0.375000 1.000000
vt 0.375000 0.000000
s 0
usemtl white
f 459/117/79 460/118/79 461/119/79
f 462/120/80 463/121/80 464/122/80
f 465/123/81 466/124/81 467/125/81
f 468/126/82 469/127/82 470/128/82
f 471/129/83 472/130/83 473/131/83
f 474/120/84 475/122/84 476/132/84
f 477/133/85 478/134/85 479/135/85
f 480/136/86 481/137/86 482/138/86
f 483/139/87 484/140/87 485/141/87
f 486/142/88 487/143/88 488/144/88
f 489/120/89 490/132/89 491/145/89
f 492/133/90 493/135/90 494/146/90
f 495/136/91 496/138/91 497/147/91
f 498/139/92 499/141/92 500/148/92
f 501/142/93 502/144/93 503/149/93
f 504/150/94 505/151/94 506/152/94
f 507/153/95 508/154/95 509/155/95
f 510/156/96 511/157/96 512/158/96
f 513/159/97 514/160/97 515/161/97
f 516/162/98 517/163/98 518/164/98
f 519/164/99 520/165/99 521/166/99
f 522/164/100 523/163/100 524/165/100
f 525/163/101 526/159/101 527/165/101
f 528/161/102 529/167/102 530/168/102
f 531/161/103 532/160/103 533/167/103
f 534/160/104 535/156/104 536/167/104
f 537/158/105 538/169/105 539/170/105
f 540/158/106 541/157/106 542/169/106
f 543/157/107 544/171/107 545/169/107
f 546/155/108 547/172/108 548/173/108
f 549/155/109 550/154/109 551/172/109
f 552/154/110 553/150/110 554/172/110
f 555/152/111 556/174/111 557/175/111
f 558/152/112 559/151/112 560/174/112
f 561/151/113 562/162/113 563/174/113
f 564/149/114 565/163/114 566/162/114
f 567/149/115 568/144/115 569/163/115
f 570/144/116 571/159/116 572/163/116
f 573/148/117 574/160/117 575/159/117
f 576/148/118 577/141/118 578/160/118
f 579/141/119 580/156/119 581/160/119
f 582/147/120 583/157/120 584/156/120
f 585/147/121 586/138/121 587/157/121
f 588/138/122 589/171/122 590/157/122
f 591/146/123 592/154/123 593/153/123
f 594/146/124 595/135/124 596/154/124
f 597/135/125 598/150/125 599/154/125
f 600/145/126 601/151/126 602/150/126
f 603/145/127 604/132/127 605/151/127
f 606/132/128 607/162/128 608/151/128
f 609/144/129 610/148/129 611/159/129
f 612/144/130 613/143/130 614/148/130
f 615/143/131 616/139/131 617/148/131
f 618/141/132 619/147/132 620/156/132
f 621/141/133 622/140/133 623/147/133
f 624/140/134 625/136/134 626/147/134
f 627/138/135 628/176/135 629/171/135
f 630/138/136 631/137/136 632/176/136
f 633/137/137 634/177/137 635/176/137
f 636/135/138 637/145/138 638/150/138
s 1
f 639/135/139 640/134/139 641/145/139
s 0
f 642/134/140 643/120/140 644/145/140
f 645/132/141 646/149/141 647/162/141
f 648/132/142 649/122/142 650/149/142
f 651/122/143 652/142/143 653/149/143
f 654/131/144 655/143/144 656/142/144
f 657/131/145 658/130/145 659/143/145
f 660/130/146 661/139/146 662/143/146
f 663/128/147 664/140/147 665/139/147
f 666/128/148 667/127/148 668/140/148
f 669/127/149 670/136/149 671/140/149
f 672/125/150 673/137/150 674/136/150
f 675/125/151 676/124/151 677/137/151
f 678/124/152 679/177/152 680/137/152
f 681/122/153 682/178/153 683/142/153
f 684/122/154 685/121/154 686/178/154
f 687/121/155 688/179/155 689/178/155
f 690/119/156 691/134/156 692/133/156
f 693/119/157 694/118/157 695/134/157
f 696/118/158 697/120/158 698/134/158
f 699/180/159 700/181/159 701/181/159
f 699/180/159 701/181/159 702/180/159
f 703/182/160 704/183/160 705/183/160
f 703/182/160 705/183/160 706/184/160
f 707/181/161 708/185/161 709/185/161
f 707/181/161 709/185/161 710/181/161
f 711/183/162 712/180/162 713/180/162
f 711/183/162 713/180/162 714/183/162
o house_Material.009_0
v -2.264821 0.678512 1.892520
v -2.264821 1.290351 1.892520
v -1.411797 1.290351 1.942965
v -1.411797 0.678512 1.942965
v -1.411797 0.678512 1.942965
v -1.411797 1.290351 1.942965
v -1.415739 1.290351 2.009624
v -1.415739 0.678512 2.009624
v -1.415739 0.678512 2.009624
v -1.415739 1.290351 2.009624
v -2.268763 1.290351 1.959178
v -2.268763 0.678512 1.959178
v -2.268763 0.678512 1.959178
v -2.268763 1.290351 1.959178
v -2.264821 1.290351 1.892520
v -2.264821 0.678512 1.892520
v -1.411797 0.678512 1.942965
v -1.415739 0.678512 2.009624
v -2.268763 0.678512 1.959178
v -2.264821 0.678512 1.892520
v -1.415739 1.290351 2.009624
v -1.411797 1.290351 1.942965
v -2.264821 1.290351 1.892520
v -2.268763 1.290351 1.959178
v -2.321235 2.281379 1.889184
v -2.321235 2.893219 1.889184
v -1.442705 2.893219 1.941138
v -1.442705 2.281379 1.941138
v -1.442705 2.281379 1.941138
v -1.442705 2.893219 1.941138
v -1.446647 2.893219 2.007796
v -1.446647 2.281379 2.007796
v -1.446647 2.281379 2.007796
v -1.446647 2.893219 2.007796
v -2.325177 2.893219 1.955842
v -2.325177 2.281379 1.955842
v -2.325177 2.281379 1.955842
v -2.325177 2.893219 1.955842
v -2.321235 2.893219 1.889184
v -2.321235 2.281379 1.889184
v -1.442705 2.281379 1.941138
v -1.446647 2.281379 2.007796
v -2.325177 2.281379 1.955842
v -2.321235 2.281379 1.889184
v -1.446647 2.893219 2.007796
v -1.442705 2.893219 1.941138
v -2.321235 2.893219 1.889184
v -2.325177 2.893219 1.955842
vn 0.0590 -0.0000 -0.9983
vn 0.9983 -0.0000 0.0590
vn -0.0590 -0.0000 0.9983
vn -0.9983 -0.0000 -0.0590
vn -0.0000 -1.0000 -0.0000
vn -0.0000 1.0000 -0.0000
vt 0.375000 1.000000
vt 0.625000 1.000000
vt 0.625000 0.750000
vt 0.375000 0.750000
vt 0.625000 0.500000
vt 0.375000 0.500000
vt 0.625000 0.250000
vt 0.375000 0.250000
vt 0.625000 0.000000
vt 0.375000 0.000000
vt 0.125000 0.500000
vt 0.125000 0.250000
vt 0.875000 0.500000
vt 0.875000 0.250000
s 0
usemtl Material.009
f 715/186/163 716/187/163 717/188/163
f 715/186/163 717/188/163 718/189/163
f 719/189/164 720/188/164 721/190/164
f 719/189/164 721/190/164 722/191/164
f 723/191/165 724/190/165 725/192/165
f 723/191/165 725/192/165 726/193/165
f 727/193/166 728/192/166 729/194/166
f 727/193/166 729/194/166 730/195/166
f 731/196/167 732/191/167 733/193/167
f 731/196/167 733/193/167 734/197/167
f 735/190/168 736/198/168 737/199/168
f 735/190/168 737/199/168 738/192/168
f 739/186/163 740/187/163 741/188/163
f 739/186/163 741/188/163 742/189/163
f 743/189/164 744/188/164 745/190/164
f 743/189/164 745/190/164 746/191/164
f 747/191/165 748/190/165 749/192/165
f 747/191/165 749/192/165 750/193/165
f 751/193/166 752/192/166 753/194/166
f 751/193/166 753/194/166 754/195/166
f 755/196/167 756/191/167 757/193/167
f 755/196/167 757/193/167 758/197/167
f 759/190/168 760/198/168 761/199/168
f 759/190/168 761/199/168 762/192/168
o house_brickbeige_0
v -2.288345 1.288397 1.891129
v -2.288345 1.338106 1.891129
v -1.388273 1.338106 1.944357
v -1.388273 1.288397 1.944357
v -1.388273 1.288397 1.944357
v -1.388273 1.338106 1.944357
v -1.392215 1.338106 2.011015
v -1.392215 1.288397 2.011015
v -1.392215 1.288397 2.011015
v -1.392215 1.338106 2.011015
v -2.292287 1.338106 1.957787
v -2.292287 1.288397 1.957787
v -2.292287 1.288397 1.957787
v -2.292287 1.338106 1.957787
v -2.288345 1.338106 1.891129
v -2.288345 1.288397 1.891129
v -1.388273 1.288397 1.944357
v -1.392215 1.288397 2.011015
v -2.292287 1.288397 1.957787
v -2.288345 1.288397 1.891129
v -1.392215 1.338106 2.011015
v -1.388273 1.338106 1.944357
v -2.288345 1.338106 1.891129
v -2.292287 1.338106 1.957787
v -2.288345 0.619467 1.891129
v -2.288345 0.669176 1.891129
v -1.388273 0.669176 1.944356
v -1.388273 0.619467 1.944356
v -1.388273 0.619467 1.944356
v -1.388273 0.669176 1.944356
v -1.392215 0.669176 2.011015
v -1.392215 0.619467 2.011015
v -1.392215 0.619467 2.011015
v -1.392215 0.669176 2.011015
v -2.292287 0.669176 1.957787
v -2.292287 0.619467 1.957787
v -2.292287 0.619467 1.957787
v -2.292287 0.669176 1.957787
v -2.288345 0.669176 1.891129
v -2.288345 0.619467 1.891129
v -1.388273 0.619467 1.944356
v -1.392215 0.619467 2.011015
v -2.292287 0.619467 1.957787
v -2.288345 0.619467 1.891129
v -1.392215 0.669176 2.011015
v -1.388273 0.669176 1.944356
v -2.288345 0.669176 1.891129
v -2.292287 0.669176 1.957787
v -1.443996 2.940029 1.946702
v -1.447938 2.940029 2.013360
v -1.397310 2.940029 2.016196
v -1.393368 2.940029 1.949538
v -1.393368 2.891334 1.949538
v -1.393368 2.940029 1.949538
v -1.397310 2.940029 2.016196
v -1.397310 2.891334 2.016196
v -2.360765 2.278215 1.895228
v -2.360765 2.891334 1.895228
v -2.322783 2.891334 1.897475
v -2.322783 2.278215 1.897475
v -2.322783 2.278215 1.897475
v -2.322783 2.891334 1.897475
v -2.326725 2.891334 1.964133
v -2.326725 2.278215 1.964133
v -2.326725 2.278215 1.964133
v -2.326725 2.891334 1.964133
v -2.364707 2.891334 1.961887
v -2.364707 2.278215 1.961887
v -2.364707 2.278215 1.961887
v -2.364707 2.891334 1.961887
v -2.360765 2.891334 1.895228
v -2.360765 2.278215 1.895228
v -2.361482 2.173491 1.886804
v -2.361482 2.282377 1.886804
v -1.392488 2.282377 1.943526
v -1.392488 2.173491 1.943526
v -1.392488 2.173491 1.943526
v -1.392488 2.282377 1.943526
v -1.398483 2.282377 2.044885
v -1.398483 2.173491 2.044885
v -1.398483 2.173491 2.044885
v -1.398483 2.282377 2.044885
v -2.367476 2.282377 1.988163
v -2.367476 2.173491 1.988163
v -2.367476 2.173491 1.988163
v -2.367476 2.282377 1.988163
v -2.361482 2.282377 1.886804
v -2.361482 2.173491 1.886804
v -1.392488 2.173491 1.943526
v -1.398483 2.173491 2.044885
v -2.367476 2.173491 1.988163
v -2.361482 2.173491 1.886804
v -1.398483 2.282377 2.044885
v -1.392488 2.282377 1.943526
v -2.361482 2.282377 1.886804
v -2.367476 2.282377 1.988163
v -1.397310 2.891334 2.016196
v -1.447938 2.891334 2.013360
v -1.447938 2.268478 2.013360
v -1.397310 2.268478 2.016196
v -1.447938 2.268478 2.013360
v -1.443996 2.268478 1.946702
v -1.393368 2.268478 1.949538
v -1.397310 2.268478 2.016196
v -2.322783 2.940029 1.897475
v -2.326725 2.940029 1.964133
v -2.322783 2.891334 1.897475
v -2.322783 2.940029 1.897475
v -1.443996 2.940029 1.946702
v -1.443996 2.891334 1.946702
v -2.326725 2.940029 1.964133
v -2.326725 2.891334 1.964133
v -1.447938 2.891334 2.013360
v -1.447938 2.940029 2.013360
v -2.326725 2.891334 1.964133
v -2.322783 2.891334 1.897475
v -1.443996 2.891334 1.946702
v -1.447938 2.891334 2.013360
v -2.360765 2.891334 1.895228
v -2.360765 2.940029 1.895228
v -2.322783 2.940029 1.897475
v -2.322783 2.891334 1.897475
v -1.443996 2.891334 1.946702
v -1.443996 2.940029 1.946702
v -1.393368 2.940029 1.949538
v -1.393368 2.891334 1.949538
v -2.326725 2.891334 1.964133
v -2.326725 2.940029 1.964133
v -2.364707 2.940029 1.961887
v -2.364707 2.891334 1.961887
v -2.364707 2.891334 1.961887
v -2.364707 2.940029 1.961887
v -2.360765 2.940029 1.895228
v -2.360765 2.891334 1.895228
v -2.322783 2.278215 1.897475
v -2.326725 2.278215 1.964133
v -2.364707 2.278215 1.961887
v -2.360765 2.278215 1.895228
v -2.326725 2.940029 1.964133
v -2.322783 2.940029 1.897475
v -2.360765 2.940029 1.895228
v -2.364707 2.940029 1.961887
v -1.909934 2.274143 1.917524
v -1.909934 2.893909 1.917524
v -1.871952 2.893909 1.919770
v -1.871952 2.274143 1.919770
v -1.871952 2.274143 1.919770
v -1.871952 2.893909 1.919770
v -1.875894 2.893909 1.986429
v -1.875894 2.274143 1.986428
v -1.875894 2.274143 1.986428
v -1.875894 2.893909 1.986429
v -1.913876 2.893909 1.984182
v -1.913876 2.274143 1.984182
v -1.913876 2.274143 1.984182
v -1.913876 2.893909 1.984182
v -1.909934 2.893909 1.917524
v -1.909934 2.274143 1.917524
v -1.871952 2.274143 1.919770
v -1.875894 2.274143 1.986428
v -1.913876 2.274143 1.984182
v -1.909934 2.274143 1.917524
v -1.875894 2.893909 1.986429
v -1.871952 2.893909 1.919770
v -1.909934 2.893909 1.917524
v -1.913876 2.893909 1.984182
v -1.447938 2.940029 2.013360
v -1.447938 2.891334 2.013360
v -1.397310 2.891334 2.016196
v -1.397310 2.940029 2.016196
v -1.447938 2.891334 2.013360
v -1.443996 2.891334 1.946702
v -1.443996 2.268478 1.946702
v -1.447938 2.268478 2.013360
v -1.443996 2.891334 1.946702
v -1.393368 2.891334 1.949538
v -1.393368 2.268478 1.949538
v -1.443996 2.268478 1.946702
v -1.393368 2.891334 1.949538
v -1.397310 2.891334 2.016196
v -1.397310 2.268478 2.016196
v -1.393368 2.268478 1.949538
vn 0.0590 -0.0000 -0.9983
vn 0.9983 -0.0000 0.0590
vn -0.0590 -0.0000 0.9983
vn -0.9983 -0.0000 -0.0590
vn -0.0000 -1.0000 -0.0000
vn -0.0000 1.0000 -0.0000
vn 0.0584 -0.0000 -0.9983
vn -0.0584 -0.0000 0.9983
vn -0.0559 -0.0000 0.9984
vn 0.0559 -0.0000 -0.9984
vt 0.375000 1.000000
vt 0.625000 1.000000
vt 0.625000 0.750000
vt 0.375000 0.750000
vt 0.625000 0.500000
vt 0.375000 0.500000
vt 0.625000 0.250000
vt 0.375000 0.250000
vt 0.625000 0.000000
vt 0.375000 0.000000
vt 0.125000 0.500000
vt 0.125000 0.250000
vt 0.875000 0.500000
vt 0.875000 0.250000
vt 0.606606 0.750000
vt 0.606606 0.500000
vt 0.606606 1.000000
vt 0.606606 0.250000
vt 0.606606 0.000000
s 0
usemtl brickbeige
f 763/200/169 764/201/169 765/202/169
f 763/200/169 765/202/169 766/203/169
f 767/203/170 768/202/170 769/204/170
f 767/203/170 769/204/170 770/205/170
f 771/205/171 772/204/171 773/206/171
f 771/205/171 773/206/171 774/207/171
f 775/207/172 776/206/172 777/208/172
f 775/207/172 777/208/172 778/209/172
f 779/210/173 780/205/173 781/207/173
f 779/210/173 781/207/173 782/211/173
f 783/204/174 784/212/174 785/213/174
f 783/204/174 785/213/174 786/206/174
f 787/200/169 788/201/169 789/202/169
f 787/200/169 789/202/169 790/203/169
f 791/203/170 792/202/170 793/204/170
f 791/203/170 793/204/170 794/205/170
f 795/205/171 796/204/171 797/206/171
f 795/205/171 797/206/171 798/207/171
f 799/207/172 800/206/172 801/208/172
f 799/207/172 801/208/172 802/209/172
f 803/210/173 804/205/173 805/207/173
f 803/210/173 805/207/173 806/211/173
f 807/204/174 808/212/174 809/213/174
f 807/204/174 809/213/174 810/206/174
f 811/212/174 812/204/174 813/204/174
f 811/212/174 813/204/174 814/212/174
f 815/214/170 816/202/170 817/204/170
f 815/214/170 817/204/170 818/215/170
f 819/200/169 820/216/169 821/214/169
f 819/200/169 821/214/169 822/203/169
f 823/203/170 824/214/170 825/215/170
f 823/203/170 825/215/170 826/205/170
f 827/205/171 828/215/171 829/217/171
f 827/205/171 829/217/171 830/207/171
f 831/207/172 832/217/172 833/218/172
f 831/207/172 833/218/172 834/209/172
f 835/200/175 836/201/175 837/202/175
f 835/200/175 837/202/175 838/203/175
f 839/203/170 840/202/170 841/204/170
f 839/203/170 841/204/170 842/205/170
f 843/205/176 844/204/176 845/206/176
f 843/205/176 845/206/176 846/207/176
f 847/207/172 848/206/172 849/208/172
f 847/207/172 849/208/172 850/209/172
f 851/210/173 852/205/173 853/207/173
f 851/210/173 853/207/173 854/211/173
f 855/204/174 856/212/174 857/213/174
f 855/204/174 857/213/174 858/206/174
f 859/215/177 860/215/177 861/215/177
f 859/215/177 861/215/177 862/215/177
f 863/215/173 864/214/173 865/214/173
f 863/215/173 865/214/173 866/215/173
f 867/212/174 868/204/174 812/204/174
f 867/212/174 812/204/174 811/212/174
f 869/214/178 870/202/178 871/202/178
f 869/214/178 871/202/178 872/214/178
f 873/204/177 874/215/177 875/215/177
f 873/204/177 875/215/177 876/204/177
f 877/215/173 878/214/173 879/214/173
f 877/215/173 879/214/173 880/215/173
f 881/216/169 882/201/169 883/202/169
f 881/216/169 883/202/169 884/214/169
f 885/214/178 886/202/178 887/202/178
f 885/214/178 887/202/178 888/214/178
f 889/215/171 890/204/171 891/206/171
f 889/215/171 891/206/171 892/217/171
f 893/217/172 894/206/172 895/208/172
f 893/217/172 895/208/172 896/218/172
f 897/210/173 898/205/173 899/207/173
f 897/210/173 899/207/173 900/211/173
f 901/204/174 902/212/174 903/213/174
f 901/204/174 903/213/174 904/206/174
f 905/200/169 906/201/169 907/202/169
f 905/200/169 907/202/169 908/203/169
f 909/203/170 910/202/170 911/204/170
f 909/203/170 911/204/170 912/205/170
f 913/205/171 914/204/171 915/206/171
f 913/205/171 915/206/171 916/207/171
f 917/207/172 918/206/172 919/208/172
f 917/207/172 919/208/172 920/209/172
f 921/210/173 922/205/173 923/207/173
f 921/210/173 923/207/173 924/211/173
f 925/204/174 926/212/174 927/213/174
f 925/204/174 927/213/174 928/206/174
f 929/204/177 930/215/177 931/215/177
f 929/204/177 931/215/177 932/204/177
f 933/215/172 934/214/172 935/214/172
f 933/215/172 935/214/172 936/215/172
f 937/214/178 938/214/178 939/214/178
f 937/214/178 939/214/178 940/214/178
f 941/214/170 942/215/170 943/215/170
f 941/214/170 943/215/170 944/214/170
o house_beige_0
v -2.421984 1.582015 1.825328
v -2.421984 1.703268 1.825328
v -2.157961 1.703268 1.840942
v -2.157961 1.582015 1.840942
v -2.157961 1.582015 1.840942
v -2.157961 1.703268 1.840942
v -2.164751 1.703268 1.955759
v -2.164751 1.582015 1.955759
v -2.164751 1.582015 1.955759
v -2.164751 1.703268 1.955759
v -2.428774 1.703268 1.940145
v -2.428774 1.582015 1.940145
v -2.428774 1.582015 1.940145
v -2.428774 1.703268 1.940145
v -2.421984 1.703268 1.825328
v -2.421984 1.582015 1.825328
v -2.157961 1.582015 1.840942
v -2.164751 1.582015 1.955759
v -2.428774 1.582015 1.940145
v -2.421984 1.582015 1.825328
v -2.164751 1.703268 1.955759
v -2.157961 1.703268 1.840942
v -2.421984 1.703268 1.825328
v -2.428774 1.703268 1.940145
v -0.762402 1.605311 1.881691
v -0.762402 1.726564 1.881691
v -0.498379 1.726564 1.897304
v -0.498379 1.605311 1.897304
v -0.498379 1.605311 1.897304
v -0.498379 1.726564 1.897304
v -0.508045 1.726564 2.060763
v -0.508045 1.605311 2.060763
v -0.508045 1.605311 2.060763
v -0.508045 1.726564 2.060763
v -0.772069 1.726564 2.045150
v -0.772069 1.605311 2.045150
v -0.772069 1.605311 2.045150
v -0.772069 1.726564 2.045150
v -0.762402 1.726564 1.881691
v -0.762402 1.605311 1.881691
v -0.498379 1.605311 1.897304
v -0.508045 1.605311 2.060763
v -0.772069 1.605311 2.045150
v -0.762402 1.605311 1.881691
v -0.508045 1.726564 2.060763
v -0.498379 1.726564 1.897304
v -0.762402 1.726564 1.881691
v -0.772069 1.726564 2.045150
v -1.978862 2.781400 0.052233
v -1.978862 2.923288 0.052233
v -1.601114 2.923288 0.074572
v -1.601114 2.781400 0.074572
v -1.601114 2.781400 0.074572
v -1.601114 2.923288 0.074572
v -1.607904 2.923288 0.189389
v -1.607904 2.781400 0.189389
v -1.607904 2.781400 0.189389
v -1.607904 2.923288 0.189389
v -1.985652 2.923288 0.167050
v -1.985652 2.781400 0.167050
v -1.985652 2.781400 0.167050
v -1.985652 2.923288 0.167050
v -1.978862 2.923288 0.052233
v -1.978862 2.781400 0.052233
v -1.601114 2.781400 0.074572
v -1.607904 2.781400 0.189389
v -1.985652 2.781400 0.167050
v -1.978862 2.781400 0.052233
v -1.607904 2.923288 0.189389
v -1.601114 2.923288 0.074572
v -1.978862 2.923288 0.052233
v -1.985652 2.923288 0.167050
v -0.831306 2.849998 0.132249
v -0.831306 2.971251 0.132249
v -0.515279 2.971251 0.150938
v -0.515279 2.849998 0.150938
v -0.515279 2.849998 0.150938
v -0.515279 2.971251 0.150938
v -0.519725 2.971251 0.226115
v -0.519725 2.849998 0.226115
v -0.519725 2.849998 0.226115
v -0.519725 2.971251 0.226115
v -0.835752 2.971251 0.207426
v -0.835752 2.849998 0.207426
v -0.835752 2.849998 0.207426
v -0.835752 2.971251 0.207426
v -0.831306 2.971251 0.132249
v -0.831306 2.849998 0.132249
v -0.515279 2.849998 0.150938
v -0.519725 2.849998 0.226115
v -0.835752 2.849998 0.207426
v -0.831306 2.849998 0.132249
v -0.519725 2.971251 0.226115
v -0.515279 2.971251 0.150938
v -0.831306 2.971251 0.132249
v -0.835752 2.971251 0.207426
v -1.405931 2.849998 0.098267
v -1.405931 2.971251 0.098267
v -1.089905 2.971251 0.116956
v -1.089905 2.849998 0.116956
v -1.089905 2.849998 0.116956
v -1.089905 2.971251 0.116956
v -1.094350 2.971251 0.192133
v -1.094350 2.849998 0.192133
v -1.094350 2.849998 0.192133
v -1.094350 2.971251 0.192133
v -1.410377 2.971251 0.173444
v -1.410377 2.849998 0.173444
v -1.410377 2.849998 0.173444
v -1.410377 2.971251 0.173444
v -1.405931 2.971251 0.098267
v -1.405931 2.849998 0.098267
v -1.089905 2.849998 0.116956
v -1.094350 2.849998 0.192133
v -1.410377 2.849998 0.173444
v -1.405931 2.849998 0.098267
v -1.094350 2.971251 0.192133
v -1.089905 2.971251 0.116956
v -1.405931 2.971251 0.098267
v -1.410377 2.971251 0.173444
v -1.405931 2.288911 0.098267
v -1.405931 2.410164 0.098267
v -1.089905 2.410164 0.116956
v -1.089905 2.288911 0.116956
v -1.089905 2.288911 0.116956
v -1.089905 2.410164 0.116956
v -1.094350 2.410164 0.192133
v -1.094350 2.288911 0.192133
v -1.094350 2.288911 0.192133
v -1.094350 2.410164 0.192133
v -1.410377 2.410164 0.173444
v -1.410377 2.288911 0.173444
v -1.410377 2.288911 0.173444
v -1.410377 2.410164 0.173444
v -1.405931 2.410164 0.098267
v -1.405931 2.288911 0.098267
v -1.089905 2.288911 0.116956
v -1.094350 2.288911 0.192133
v -1.410377 2.288911 0.173444
v -1.405931 2.288911 0.098267
v -1.094350 2.410164 0.192133
v -1.089905 2.410164 0.116956
v -1.405931 2.410164 0.098267
v -1.410377 2.410164 0.173444
v -1.168824 2.485469 0.100137
v -1.168824 2.627356 0.100137
v -0.791076 2.627356 0.122476
v -0.791076 2.485469 0.122476
v -0.791076 2.485469 0.122476
v -0.791076 2.627356 0.122476
v -0.797866 2.627356 0.237293
v -0.797866 2.485469 0.237293
v -0.797866 2.485469 0.237293
v -0.797866 2.627356 0.237293
v -1.175614 2.627356 0.214954
v -1.175614 2.485469 0.214954
v -1.175614 2.485469 0.214954
v -1.175614 2.627356 0.214954
v -1.168824 2.627356 0.100137
v -1.168824 2.485469 0.100137
v -0.791076 2.485469 0.122476
v -0.797866 2.485469 0.237293
v -1.175614 2.485469 0.214954
v -1.168824 2.485469 0.100137
v -0.797866 2.627356 0.237293
v -0.791076 2.627356 0.122476
v -1.168824 2.627356 0.100137
v -1.175614 2.627356 0.214954
v -2.412857 2.602503 1.297840
v -2.412857 2.723755 1.297840
v -2.282516 2.723755 1.305548
v -2.282516 2.602503 1.305548
v -2.282516 2.602503 1.305548
v -2.282516 2.723755 1.305548
v -2.301526 2.723755 1.627015
v -2.301526 2.602503 1.627015
v -2.301526 2.602503 1.627015
v -2.301526 2.723755 1.627015
v -2.431868 2.723755 1.619307
v -2.431868 2.602503 1.619307
v -2.431868 2.602503 1.619307
v -2.431868 2.723755 1.619307
v -2.412857 2.723755 1.297840
v -2.412857 2.602503 1.297840
v -2.282516 2.602503 1.305548
v -2.301526 2.602503 1.627015
v -2.431868 2.602503 1.619307
v -2.412857 2.602503 1.297840
v -2.301526 2.723755 1.627015
v -2.282516 2.723755 1.305548
v -2.412857 2.723755 1.297840
v -2.431868 2.723755 1.619307
v -2.369539 2.602503 0.565332
v -2.369539 2.723755 0.565333
v -2.239197 2.723755 0.573040
v -2.239197 2.602503 0.573040
v -2.239197 2.602503 0.573040
v -2.239197 2.723755 0.573040
v -2.258208 2.723755 0.894507
v -2.258208 2.602503 0.894507
v -2.258208 2.602503 0.894507
v -2.258208 2.723755 0.894507
v -2.388549 2.723755 0.886799
v -2.388549 2.602503 0.886799
v -2.388549 2.602503 0.886799
v -2.388549 2.723755 0.886799
v -2.369539 2.723755 0.565333
v -2.369539 2.602503 0.565332
v -2.239197 2.602503 0.573040
v -2.258208 2.602503 0.894507
v -2.388549 2.602503 0.886799
v -2.369539 2.602503 0.565332
v -2.258208 2.723755 0.894507
v -2.239197 2.723755 0.573040
v -2.369539 2.723755 0.565333
v -2.388549 2.723755 0.886799
v -2.347786 2.234147 0.007361
v -2.347786 2.355400 0.007361
v -2.125563 2.355400 0.020503
v -2.125563 2.234147 0.020503
v -2.125563 2.234147 0.020503
v -2.125563 2.355400 0.020503
v -2.136856 2.355400 0.211468
v -2.136856 2.234147 0.211468
v -2.136856 2.234147 0.211468
v -2.136856 2.355400 0.211468
v -2.359080 2.355400 0.198327
v -2.359080 2.234147 0.198327
v -2.359080 2.234147 0.198327
v -2.359080 2.355400 0.198327
v -2.347786 2.355400 0.007361
v -2.347786 2.234147 0.007361
v -2.125563 2.234147 0.020503
v -2.136856 2.234147 0.211468
v -2.359080 2.234147 0.198327
v -2.347786 2.234147 0.007361
v -2.136856 2.355400 0.211468
v -2.125563 2.355400 0.020503
v -2.347786 2.355400 0.007361
v -2.359080 2.355400 0.198327
v -0.648902 2.234147 0.107828
v -0.648902 2.355400 0.107828
v -0.376800 2.355400 0.123920
v -0.376800 2.234147 0.123920
v -0.376800 2.234147 0.123920
v -0.376800 2.355400 0.123920
v -0.388094 2.355400 0.314885
v -0.388094 2.234147 0.314885
v -0.388094 2.234147 0.314885
v -0.388094 2.355400 0.314885
v -0.660195 2.355400 0.298794
v -0.660195 2.234147 0.298794
v -0.660195 2.234147 0.298794
v -0.660195 2.355400 0.298794
v -0.648902 2.355400 0.107828
v -0.648902 2.234147 0.107828
v -0.376800 2.234147 0.123920
v -0.388094 2.234147 0.314885
v -0.660195 2.234147 0.298794
v -0.648902 2.234147 0.107828
v -0.388094 2.355400 0.314885
v -0.376800 2.355400 0.123920
v -0.648902 2.355400 0.107828
v -0.660195 2.355400 0.298794
v -0.763167 2.409585 1.881645
v -0.763167 2.530838 1.881645
v -0.499144 2.530838 1.897259
v -0.499144 2.409585 1.897259
v -0.499144 2.409585 1.897259
v -0.499144 2.530838 1.897259
v -0.508810 2.530838 2.060718
v -0.508810 2.409585 2.060718
v -0.508810 2.409585 2.060718
v -0.508810 2.530838 2.060718
v -0.772834 2.530838 2.045105
v -0.772834 2.409585 2.045105
v -0.772834 2.409585 2.045105
v -0.772834 2.530838 2.045105
v -0.763167 2.530838 1.881645
v -0.763167 2.409585 1.881645
v -0.499144 2.409585 1.897259
v -0.508810 2.409585 2.060718
v -0.772834 2.409585 2.045105
v -0.763167 2.409585 1.881645
v -0.508810 2.530838 2.060718
v -0.499144 2.530838 1.897259
v -0.763167 2.530838 1.881645
v -0.772834 2.530838 2.045105
v -0.615936 2.570027 1.397958
v -0.615936 2.691280 1.397958
v -0.495611 2.691280 1.405074
v -0.495611 2.570027 1.405074
v -0.495611 2.570027 1.405074
v -0.495611 2.691280 1.405074
v -0.511804 2.691280 1.678887
v -0.511804 2.570027 1.678887
v -0.511804 2.570027 1.678887
v -0.511804 2.691280 1.678887
v -0.632128 2.691280 1.671771
v -0.632128 2.570027 1.671771
v -0.632128 2.570027 1.671771
v -0.632128 2.691280 1.671771
v -0.615936 2.691280 1.397958
v -0.615936 2.570027 1.397958
v -0.495611 2.570027 1.405074
v -0.511804 2.570027 1.678887
v -0.632128 2.570027 1.671771
v -0.615936 2.570027 1.397958
v -0.511804 2.691280 1.678887
v -0.495611 2.691280 1.405074
v -0.615936 2.691280 1.397958
v -0.632128 2.691280 1.671771
v -1.215879 0.562774 1.952019
v -1.215879 1.315205 1.952019
v -0.705722 1.315205 1.982189
v -0.705722 0.562774 1.982188
v -0.705722 0.562774 1.982188
v -0.705722 1.315205 1.982189
v -0.707691 1.315205 2.015482
v -0.707691 0.562774 2.015482
v -0.707691 0.562774 2.015482
v -0.707691 1.315205 2.015482
v -1.217848 1.315205 1.985313
v -1.217848 0.562774 1.985313
v -1.217848 0.562774 1.985313
v -1.217848 1.315205 1.985313
v -1.215879 1.315205 1.952019
v -1.215879 0.562774 1.952019
v -0.705722 0.562774 1.982188
v -0.707691 0.562774 2.015482
v -1.217848 0.562774 1.985313
v -1.215879 0.562774 1.952019
v -0.707691 1.315205 2.015482
v -0.705722 1.315205 1.982189
v -1.215879 1.315205 1.952019
v -1.217848 1.315205 1.985313
v -1.978862 1.560216 0.052233
v -1.978862 1.702103 0.052233
v -1.601114 1.702103 0.074572
v -1.601114 1.560216 0.074572
v -1.601114 1.560216 0.074572
v -1.601114 1.702103 0.074572
v -1.607904 1.702103 0.189389
v -1.607904 1.560216 0.189389
v -1.607904 1.560216 0.189389
v -1.607904 1.702103 0.189389
v -1.985652 1.702103 0.167050
v -1.985652 1.560216 0.167050
v -1.985652 1.560216 0.167050
v -1.985652 1.702103 0.167050
v -1.978862 1.702103 0.052233
v -1.978862 1.560216 0.052233
v -1.601114 1.560216 0.074572
v -1.607904 1.560216 0.189389
v -1.985652 1.560216 0.167050
v -1.978862 1.560216 0.052233
v -1.607904 1.702103 0.189389
v -1.601114 1.702103 0.074572
v -1.978862 1.702103 0.052233
v -1.985652 1.702103 0.167050
v -1.405931 1.628813 0.098267
v -1.405931 1.750067 0.098267
v -1.089905 1.750067 0.116956
v -1.089905 1.628813 0.116956
v -1.089905 1.628813 0.116956
v -1.089905 1.750067 0.116956
v -1.094350 1.750067 0.192133
v -1.094350 1.628813 0.192133
v -1.094350 1.628813 0.192133
v -1.094350 1.750067 0.192133
v -1.410377 1.750067 0.173444
v -1.410377 1.628813 0.173444
v -1.410377 1.628813 0.173444
v -1.410377 1.750067 0.173444
v -1.405931 1.750067 0.098267
v -1.405931 1.628813 0.098267
v -1.089905 1.628813 0.116956
v -1.094350 1.628813 0.192133
v -1.410377 1.628813 0.173444
v -1.405931 1.628813 0.098267
v -1.094350 1.750067 0.192133
v -1.089905 1.750067 0.116956
v -1.405931 1.750067 0.098267
v -1.410377 1.750067 0.173444
v -1.405931 1.067727 0.098267
v -1.405931 1.188980 0.098267
v -1.089905 1.188980 0.116956
v -1.089905 1.067727 0.116956
v -1.089905 1.067727 0.116956
v -1.089905 1.188980 0.116956
v -1.094350 1.188980 0.192133
v -1.094350 1.067727 0.192133
v -1.094350 1.067727 0.192133
v -1.094350 1.188980 0.192133
v -1.410377 1.188980 0.173444
v -1.410377 1.067727 0.173444
v -1.410377 1.067727 0.173444
v -1.410377 1.188980 0.173444
v -1.405931 1.188980 0.098267
v -1.405931 1.067727 0.098267
v -1.089905 1.067727 0.116956
v -1.094350 1.067727 0.192133
v -1.410377 1.067727 0.173444
v -1.405931 1.067727 0.098267
v -1.094350 1.188980 0.192133
v -1.089905 1.188980 0.116956
v -1.405931 1.188980 0.098267
v -1.410377 1.188980 0.173444
v -1.168824 1.264285 0.100137
v -1.168824 1.406172 0.100137
v -0.791076 1.406172 0.122476
v -0.791076 1.264285 0.122476
v -0.791076 1.264285 0.122476
v -0.791076 1.406172 0.122476
v -0.797866 1.406172 0.237293
v -0.797866 1.264285 0.237293
v -0.797866 1.264285 0.237293
v -0.797866 1.406172 0.237293
v -1.175614 1.406172 0.214954
v -1.175614 1.264285 0.214954
v -1.175614 1.264285 0.214954
v -1.175614 1.406172 0.214954
v -1.168824 1.406172 0.100137
v -1.168824 1.264285 0.100137
v -0.791076 1.264285 0.122476
v -0.797866 1.264285 0.237293
v -1.175614 1.264285 0.214954
v -1.168824 1.264285 0.100137
v -0.797866 1.406172 0.237293
v -0.791076 1.406172 0.122476
v -1.168824 1.406172 0.100137
v -1.175614 1.406172 0.214954
v -2.412857 1.381318 1.297840
v -2.412857 1.502571 1.297840
v -2.282516 1.502571 1.305548
v -2.282516 1.381318 1.305548
v -2.282516 1.381318 1.305548
v -2.282516 1.502571 1.305548
v -2.301526 1.502571 1.627015
v -2.301526 1.381318 1.627015
v -2.301526 1.381318 1.627015
v -2.301526 1.502571 1.627015
v -2.431868 1.502571 1.619307
v -2.431868 1.381318 1.619307
v -2.431868 1.381318 1.619307
v -2.431868 1.502571 1.619307
v -2.412857 1.502571 1.297840
v -2.412857 1.381318 1.297840
v -2.282516 1.381318 1.305548
v -2.301526 1.381318 1.627015
v -2.431868 1.381318 1.619307
v -2.412857 1.381318 1.297840
v -2.301526 1.502571 1.627015
v -2.282516 1.502571 1.305548
v -2.412857 1.502571 1.297840
v -2.431868 1.502571 1.619307
v -2.369539 1.381319 0.565332
v -2.369539 1.502571 0.565332
v -2.239197 1.502571 0.573040
v -2.239197 1.381319 0.573040
v -2.239197 1.381319 0.573040
v -2.239197 1.502571 0.573040
v -2.258208 1.502571 0.894507
v -2.258208 1.381319 0.894507
v -2.258208 1.381319 0.894507
v -2.258208 1.502571 0.894507
v -2.388549 1.502571 0.886799
v -2.388549 1.381319 0.886799
v -2.388549 1.381319 0.886799
v -2.388549 1.502571 0.886799
v -2.369539 1.502571 0.565332
v -2.369539 1.381319 0.565332
v -2.239197 1.381319 0.573040
v -2.258208 1.381319 0.894507
v -2.388549 1.381319 0.886799
v -2.369539 1.381319 0.565332
v -2.258208 1.502571 0.894507
v -2.239197 1.502571 0.573040
v -2.369539 1.502571 0.565332
v -2.388549 1.502571 0.886799
v -2.347786 1.012963 0.007361
v -2.347786 1.134216 0.007361
v -2.125563 1.134216 0.020503
v -2.125563 1.012963 0.020503
v -2.125563 1.012963 0.020503
v -2.125563 1.134216 0.020503
v -2.136856 1.134216 0.211468
v -2.136856 1.012963 0.211468
v -2.136856 1.012963 0.211468
v -2.136856 1.134216 0.211468
v -2.359080 1.134216 0.198327
v -2.359080 1.012963 0.198327
v -2.359080 1.012963 0.198327
v -2.359080 1.134216 0.198327
v -2.347786 1.134216 0.007361
v -2.347786 1.012963 0.007361
v -2.125563 1.012963 0.020503
v -2.136856 1.012963 0.211468
v -2.359080 1.012963 0.198327
v -2.347786 1.012963 0.007361
v -2.136856 1.134216 0.211468
v -2.125563 1.134216 0.020503
v -2.347786 1.134216 0.007361
v -2.359080 1.134216 0.198327
vn 0.0590 -0.0000 -0.9983
vn 0.9983 -0.0000 0.0590
vn -0.0590 -0.0000 0.9983
vn -0.9983 -0.0000 -0.0590
vn -0.0000 -1.0000 -0.0000
vn -0.0000 1.0000 -0.0000
vt 0.375000 1.000000
vt 0.625000 1.000000
vt 0.625000 0.750000
vt 0.375000 0.750000
vt 0.625000 0.500000
vt 0.375000 0.500000
vt 0.625000 0.250000
vt 0.375000 0.250000
vt 0.625000 0.000000
vt 0.375000 0.000000
vt 0.125000 0.500000
vt 0.125000 0.250000
vt 0.875000 0.500000
vt 0.875000 0.250000
s 0
usemtl beige
f 945/219/179 946/220/179 947/221/179
f 945/219/179 947/221/179 948/222/179
f 949/222/180 950/221/180 951/223/180
f 949/222/180 951/223/180 952/224/180
f 953/224/181 954/223/181 955/225/181
f 953/224/181 955/225/181 956/226/181
f 957/226/182 958/225/182 959/227/182
f 957/226/182 959/227/182 960/228/182
f 961/229/183 962/224/183 963/226/183
f 961/229/183 963/226/183 964/230/183
f 965/223/184 966/231/184 967/232/184
f 965/223/184 967/232/184 968/225/184
f 969/219/179 970/220/179 971/221/179
f 969/219/179 971/221/179 972/222/179
f 973/222/180 974/221/180 975/223/180
f 973/222/180 975/223/180 976/224/180
f 977/224/181 978/223/181 979/225/181
f 977/224/181 979/225/181 980/226/181
f 981/226/182 982/225/182 983/227/182
f 981/226/182 983/227/182 984/228/182
f 985/229/183 986/224/183 987/226/183
f 985/229/183 987/226/183 988/230/183
f 989/223/184 990/231/184 991/232/184
f 989/223/184 991/232/184 992/225/184
f 993/219/179 994/220/179 995/221/179
f 993/219/179 995/221/179 996/222/179
f 997/222/180 998/221/180 999/223/180
f 997/222/180 999/223/180 1000/224/180
f 1001/224/181 1002/223/181 1003/225/181
f 1001/224/181 1003/225/181 1004/226/181
f 1005/226/182 1006/225/182 1007/227/182
f 1005/226/182 1007/227/182 1008/228/182
f 1009/229/183 1010/224/183 1011/226/183
f 1009/229/183 1011/226/183 1012/230/183
f 1013/223/184 1014/231/184 1015/232/184
f 1013/223/184 1015/232/184 1016/225/184
f 1017/219/179 1018/220/179 1019/221/179
f 1017/219/179 1019/221/179 1020/222/179
f 1021/222/180 1022/221/180 1023/223/180
f 1021/222/180 1023/223/180 1024/224/180
f 1025/224/181 1026/223/181 1027/225/181
f 1025/224/181 1027/225/181 1028/226/181
f 1029/226/182 1030/225/182 1031/227/182
f 1029/226/182 1031/227/182 1032/228/182
f 1033/229/183 1034/224/183 1035/226/183
f 1033/229/183 1035/226/183 1036/230/183
f 1037/223/184 1038/231/184 1039/232/184
f 1037/223/184 1039/232/184 1040/225/184
f 1041/219/179 1042/220/179 1043/221/179
f 1041/219/179 1043/221/179 1044/222/179
f 1045/222/180 1046/221/180 1047/223/180
f 1045/222/180 1047/223/180 1048/224/180
f 1049/224/181 1050/223/181 1051/225/181
f 1049/224/181 1051/225/181 1052/226/181
f 1053/226/182 1054/225/182 1055/227/182
f 1053/226/182 1055/227/182 1056/228/182
f 1057/229/183 1058/224/183 1059/226/183
f 1057/229/183 1059/226/183 1060/230/183
f 1061/223/184 1062/231/184 1063/232/184
f 1061/223/184 1063/232/184 1064/225/184
f 1065/219/179 1066/220/179 1067/221/179
f 1065/219/179 1067/221/179 1068/222/179
f 1069/222/180 1070/221/180 1071/223/180
f 1069/222/180 1071/223/180 1072/224/180
f 1073/224/181 1074/223/181 1075/225/181
f 1073/224/181 1075/225/181 1076/226/181
f 1077/226/182 1078/225/182 1079/227/182
f 1077/226/182 1079/227/182 1080/228/182
f 1081/229/183 1082/224/183 1083/226/183
f 1081/229/183 1083/226/183 1084/230/183
f 1085/223/184 1086/231/184 1087/232/184
f 1085/223/184 1087/232/184 1088/225/184
f 1089/219/179 1090/220/179 1091/221/179
f 1089/219/179 1091/221/179 1092/222/179
f 1093/222/180 1094/221/180 1095/223/180
f 1093/222/180 1095/223/180 1096/224/180
f 1097/224/181 1098/223/181 1099/225/181
f 1097/224/181 1099/225/181 1100/226/181
f 1101/226/182 1102/225/182 1103/227/182
f 1101/226/182 1103/227/182 1104/228/182
f 1105/229/183 1106/224/183 1107/226/183
f 1105/229/183 1107/226/183 1108/230/183
f 1109/223/184 1110/231/184 1111/232/184
f 1109/223/184 1111/232/184 1112/225/184
f 1113/219/179 1114/220/179 1115/221/179
f 1113/219/179 1115/221/179 1116/222/179
f 1117/222/180 1118/221/180 1119/223/180
f 1117/222/180 1119/223/180 1120/224/180
f 1121/224/181 1122/223/181 1123/225/181
f 1121/224/181 1123/225/181 1124/226/181
f 1125/226/182 1126/225/182 1127/227/182
f 1125/226/182 1127/227/182 1128/228/182
f 1129/229/183 1130/224/183 1131/226/183
f 1129/229/183 1131/226/183 1132/230/183
f 1133/223/184 1134/231/184 1135/232/184
f 1133/223/184 1135/232/184 1136/225/184
f 1137/219/179 1138/220/179 1139/221/179
f 1137/219/179 1139/221/179 1140/222/179
f 1141/222/180 1142/221/180 1143/223/180
f 1141/222/180 1143/223/180 1144/224/180
f 1145/224/181 1146/223/181 1147/225/181
f 1145/224/181 1147/225/181 1148/226/181
f 1149/226/182 1150/225/182 1151/227/182
f 1149/226/182 1151/227/182 1152/228/182
f 1153/229/183 1154/224/183 1155/226/183
f 1153/229/183 1155/226/183 1156/230/183
f 1157/223/184 1158/231/184 1159/232/184
f 1157/223/184 1159/232/184 1160/225/184
f 1161/219/179 1162/220/179 1163/221/179
s 1
f 1161/219/179 1163/221/179 1164/222/179
s 0
f 1165/222/180 1166/221/180 1167/223/180
f 1165/222/180 1167/223/180 1168/224/180
f 1169/224/181 1170/223/181 1171/225/181
f 1169/224/181 1171/225/181 1172/226/181
f 1173/226/182 1174/225/182 1175/227/182
f 1173/226/182 1175/227/182 1176/228/182
f 1177/229/183 1178/224/183 1179/226/183
f 1177/229/183 1179/226/183 1180/230/183
f 1181/223/184 1182/231/184 1183/232/184
f 1181/223/184 1183/232/184 1184/225/184
f 1185/219/179 1186/220/179 1187/221/179
f 1185/219/179 1187/221/179 1188/222/179
f 1189/222/180 1190/221/180 1191/223/180
f 1189/222/180 1191/223/180 1192/224/180
f 1193/224/181 1194/223/181 1195/225/181
f 1193/224/181 1195/225/181 1196/226/181
f 1197/226/182 1198/225/182 1199/227/182
f 1197/226/182 1199/227/182 1200/228/182
f 1201/229/183 1202/224/183 1203/226/183
f 1201/229/183 1203/226/183 1204/230/183
f 1205/223/184 1206/231/184 1207/232/184
f 1205/223/184 1207/232/184 1208/225/184
s 1
f 1209/219/179 1210/220/179 1211/221/179
f 1209/219/179 1211/221/179 1212/222/179
s 0
f 1213/222/180 1214/221/180 1215/223/180
f 1213/222/180 1215/223/180 1216/224/180
f 1217/224/181 1218/223/181 1219/225/181
f 1217/224/181 1219/225/181 1220/226/181
f 1221/226/182 1222/225/182 1223/227/182
f 1221/226/182 1223/227/182 1224/228/182
f 1225/229/183 1226/224/183 1227/226/183
f 1225/229/183 1227/226/183 1228/230/183
f 1229/223/184 1230/231/184 1231/232/184
f 1229/223/184 1231/232/184 1232/225/184
f 1233/219/179 1234/220/179 1235/221/179
f 1233/219/179 1235/221/179 1236/222/179
f 1237/222/180 1238/221/180 1239/223/180
f 1237/222/180 1239/223/180 1240/224/180
f 1241/224/181 1242/223/181 1243/225/181
f 1241/224/181 1243/225/181 1244/226/181
f 1245/226/182 1246/225/182 1247/227/182
f 1245/226/182 1247/227/182 1248/228/182
f 1249/229/183 1250/224/183 1251/226/183
f 1249/229/183 1251/226/183 1252/230/183
f 1253/223/184 1254/231/184 1255/232/184
f 1253/223/184 1255/232/184 1256/225/184
f 1257/219/179 1258/220/179 1259/221/179
f 1257/219/179 1259/221/179 1260/222/179
f 1261/222/180 1262/221/180 1263/223/180
f 1261/222/180 1263/223/180 1264/224/180
f 1265/224/181 1266/223/181 1267/225/181
f 1265/224/181 1267/225/181 1268/226/181
f 1269/226/182 1270/225/182 1271/227/182
f 1269/226/182 1271/227/182 1272/228/182
f 1273/229/183 1274/224/183 1275/226/183
f 1273/229/183 1275/226/183 1276/230/183
f 1277/223/184 1278/231/184 1279/232/184
f 1277/223/184 1279/232/184 1280/225/184
f 1281/219/179 1282/220/179 1283/221/179
f 1281/219/179 1283/221/179 1284/222/179
f 1285/222/180 1286/221/180 1287/223/180
f 1285/222/180 1287/223/180 1288/224/180
f 1289/224/181 1290/223/181 1291/225/181
f 1289/224/181 1291/225/181 1292/226/181
f 1293/226/182 1294/225/182 1295/227/182
f 1293/226/182 1295/227/182 1296/228/182
f 1297/229/183 1298/224/183 1299/226/183
f 1297/229/183 1299/226/183 1300/230/183
f 1301/223/184 1302/231/184 1303/232/184
f 1301/223/184 1303/232/184 1304/225/184
f 1305/219/179 1306/220/179 1307/221/179
f 1305/219/179 1307/221/179 1308/222/179
f 1309/222/180 1310/221/180 1311/223/180
f 1309/222/180 1311/223/180 1312/224/180
f 1313/224/181 1314/223/181 1315/225/181
f 1313/224/181 1315/225/181 1316/226/181
f 1317/226/182 1318/225/182 1319/227/182
f 1317/226/182 1319/227/182 1320/228/182
f 1321/229/183 1322/224/183 1323/226/183
f 1321/229/183 1323/226/183 1324/230/183
f 1325/223/184 1326/231/184 1327/232/184
f 1325/223/184 1327/232/184 1328/225/184
f 1329/219/179 1330/220/179 1331/221/179
f 1329/219/179 1331/221/179 1332/222/179
f 1333/222/180 1334/221/180 1335/223/180
f 1333/222/180 1335/223/180 1336/224/180
f 1337/224/181 1338/223/181 1339/225/181
f 1337/224/181 1339/225/181 1340/226/181
f 1341/226/182 1342/225/182 1343/227/182
f 1341/226/182 1343/227/182 1344/228/182
f 1345/229/183 1346/224/183 1347/226/183
f 1345/229/183 1347/226/183 1348/230/183
f 1349/223/184 1350/231/184 1351/232/184
f 1349/223/184 1351/232/184 1352/225/184
f 1353/219/179 1354/220/179 1355/221/179
f 1353/219/179 1355/221/179 1356/222/179
f 1357/222/180 1358/221/180 1359/223/180
f 1357/222/180 1359/223/180 1360/224/180
f 1361/224/181 1362/223/181 1363/225/181
f 1361/224/181 1363/225/181 1364/226/181
f 1365/226/182 1366/225/182 1367/227/182
f 1365/226/182 1367/227/182 1368/228/182
f 1369/229/183 1370/224/183 1371/226/183
f 1369/229/183 1371/226/183 1372/230/183
f 1373/223/184 1374/231/184 1375/232/184
f 1373/223/184 1375/232/184 1376/225/184
f 1377/219/179 1378/220/179 1379/221/179
f 1377/219/179 1379/221/179 1380/222/179
f 1381/222/180 1382/221/180 1383/223/180
f 1381/222/180 1383/223/180 1384/224/180
f 1385/224/181 1386/223/181 1387/225/181
f 1385/224/181 1387/225/181 1388/226/181
f 1389/226/182 1390/225/182 1391/227/182
f 1389/226/182 1391/227/182 1392/228/182
f 1393/229/183 1394/224/183 1395/226/183
f 1393/229/183 1395/226/183 1396/230/183
f 1397/223/184 1398/231/184 1399/232/184
f 1397/223/184 1399/232/184 1400/225/184
f 1401/219/179 1402/220/179 1403/221/179
f 1401/219/179 1403/221/179 1404/222/179
f 1405/222/180 1406/221/180 1407/223/180
f 1405/222/180 1407/223/180 1408/224/180
f 1409/224/181 1410/223/181 1411/225/181
f 1409/224/181 1411/225/181 1412/226/181
f 1413/226/182 1414/225/182 1415/227/182
f 1413/226/182 1415/227/182 1416/228/182
f 1417/229/183 1418/224/183 1419/226/183
f 1417/229/183 1419/226/183 1420/230/183
f 1421/223/184 1422/231/184 1423/232/184
f 1421/223/184 1423/232/184 1424/225/184
f 1425/219/179 1426/220/179 1427/221/179
f 1425/219/179 1427/221/179 1428/222/179
f 1429/222/180 1430/221/180 1431/223/180
f 1429/222/180 1431/223/180 1432/224/180
f 1433/224/181 1434/223/181 1435/225/181
f 1433/224/181 1435/225/181 1436/226/181
f 1437/226/182 1438/225/182 1439/227/182
f 1437/226/182 1439/227/182 1440/228/182
f 1441/229/183 1442/224/183 1443/226/183
f 1441/229/183 1443/226/183 1444/230/183
f 1445/223/184 1446/231/184 1447/232/184
f 1445/223/184 1447/232/184 1448/225/184
o tree.001_Material.007_0
v 0.852488 0.688280 0.620260
v 0.852488 1.350955 0.620260
v 0.811564 1.350955 0.706931
v 0.811564 0.688280 0.706931
v 0.811564 0.688280 0.706931
v 0.811564 1.350955 0.706931
v 0.723264 1.350955 0.738612
v 0.723264 0.688280 0.738612
v 0.723264 0.688280 0.738612
v 0.723264 1.350955 0.738612
v 0.639313 1.350955 0.696745
v 0.639313 0.688280 0.696745
v 0.639313 0.688280 0.696745
v 0.639313 1.350955 0.696745
v 0.608889 1.350955 0.605855
v 0.608889 0.688280 0.605855
v 0.608889 0.688280 0.605855
v 0.608889 1.350955 0.605855
v 0.649814 1.350955 0.519184
v 0.649814 0.688280 0.519184
v 0.649814 0.688280 0.519184
v 0.649814 1.350955 0.519184
v 0.738114 1.350955 0.487503
v 0.738114 0.688280 0.487503
v 0.738114 0.688280 0.487503
v 0.738114 1.350955 0.487503
v 0.822064 1.350955 0.529370
v 0.822064 0.688280 0.529370
v 0.822064 0.688280 0.529370
v 0.822064 1.350955 0.529370
v 0.852488 1.350955 0.620260
v 0.852488 0.688280 0.620260
v 0.811564 1.350955 0.706931
v 0.852488 1.350955 0.620260
v 0.822064 1.350955 0.529370
v 0.738114 1.350955 0.487503
v 0.649814 1.350955 0.519184
v 0.608889 1.350955 0.605855
v 0.639313 1.350955 0.696745
v 0.723264 1.350955 0.738612
vn 0.9043 -0.0000 0.4270
vn 0.3377 -0.0000 0.9413
vn -0.4463 -0.0000 0.8949
vn -0.9483 -0.0000 0.3174
vn -0.9043 -0.0000 -0.4270
vn -0.3377 -0.0000 -0.9413
vn 0.4463 -0.0000 -0.8949
vn 0.9483 -0.0000 -0.3174
vn -0.0000 1.0000 -0.0000
vt 1.000000 0.500000
vt 1.000000 0.000000
vt 0.875000 0.000000
vt 0.875000 0.500000
vt 0.750000 0.000000
vt 0.750000 0.500000
vt 0.625000 0.000000
vt 0.625000 0.500000
vt 0.500000 0.000000
vt 0.500000 0.500000
vt 0.375000 0.000000
vt 0.375000 0.500000
vt 0.250000 0.000000
vt 0.250000 0.500000
vt 0.125000 0.000000
vt 0.125000 0.500000
vt 0.000000 0.000000
vt 0.000000 0.500000
vt 0.080294 0.919706
vt 0.080294 0.580294
vt 0.010000 0.750000
vt 0.250000 0.990000
vt 0.250000 0.510000
vt 0.419706 0.919706
vt 0.419706 0.580294
vt 0.490000 0.750000
s 0
usemtl Material.007
f 1449/233/185 1450/234/185 1451/235/185
f 1449/233/185 1451/235/185 1452/236/185
f 1453/236/186 1454/235/186 1455/237/186
f 1453/236/186 1455/237/186 1456/238/186
f 1457/238/187 1458/237/187 1459/239/187
f 1457/238/187 1459/239/187 1460/240/187
f 1461/240/188 1462/239/188 1463/241/188
f 1461/240/188 1463/241/188 1464/242/188
f 1465/242/189 1466/241/189 1467/243/189
f 1465/242/189 1467/243/189 1468/244/189
f 1469/244/190 1470/243/190 1471/245/190
f 1469/244/190 1471/245/190 1472/246/190
f 1473/246/191 1474/245/191 1475/247/191
f 1473/246/191 1475/247/191 1476/248/191
f 1477/248/192 1478/247/192 1479/249/192
f 1477/248/192 1479/249/192 1480/250/192
f 1485/251/193 1483/252/193 1484/253/193
f 1483/252/193 1485/251/193 1486/254/193
f 1483/252/193 1486/254/193 1482/255/193
f 1482/255/193 1486/254/193 1487/256/193
f 1482/255/193 1487/256/193 1481/257/193
f 1481/257/193 1487/256/193 1488/258/193
o tree.001_Material.008_0
v 0.608889 0.688280 0.605855
v 0.649814 0.688280 0.519184
v 0.624499 0.483547 0.489800
v 0.570765 0.483547 0.603600
v 0.822064 0.688280 0.529370
v 0.852488 0.688280 0.620260
v 0.890613 0.483547 0.622515
v 0.850666 0.483547 0.503175
v 0.852488 0.688280 0.620260
v 0.811564 0.688280 0.706931
v 0.836879 0.483547 0.736315
v 0.890613 0.483547 0.622515
v 0.723264 0.688280 0.738612
v 0.639313 0.688280 0.696745
v 0.610712 0.483547 0.722940
v 0.720940 0.483547 0.777912
v 0.649814 0.688280 0.519184
v 0.738114 0.688280 0.487503
v 0.740438 0.483547 0.448203
v 0.624499 0.483547 0.489800
v 0.639313 0.688280 0.696745
v 0.608889 0.688280 0.605855
v 0.570765 0.483547 0.603600
v 0.610712 0.483547 0.722940
v 0.738114 0.688280 0.487503
v 0.822064 0.688280 0.529370
v 0.850666 0.483547 0.503175
v 0.740438 0.483547 0.448203
v 0.811564 0.688280 0.706931
v 0.723264 0.688280 0.738612
v 0.720940 0.483547 0.777912
v 0.836879 0.483547 0.736315
v 0.890613 0.483547 0.622515
v 0.836879 0.483547 0.736315
v 0.720940 0.483547 0.777912
v 0.610712 0.483547 0.722940
v 0.570765 0.483547 0.603600
v 0.624499 0.483547 0.489800
v 0.740438 0.483547 0.448203
v 0.850666 0.483547 0.503175
vn -0.8910 0.1706 -0.4207
vn 0.9344 0.1706 -0.3128
vn 0.8910 0.1706 0.4207
vn -0.4395 0.1741 0.8812
vn -0.3325 0.1741 -0.9269
vn -0.9344 0.1706 0.3128
vn 0.4395 0.1741 -0.8812
vn 0.3325 0.1741 0.9269
vn -0.0000 -1.0000 -0.0000
vt 0.500000 0.500000
vt 0.375000 0.500000
vt 0.125000 0.500000
vt 0.000000 0.500000
vt 1.000000 0.500000
vt 0.875000 0.500000
vt 0.750000 0.500000
vt 0.625000 0.500000
vt 0.250000 0.500000
vt 0.580294 0.580294
vt 0.580294 0.919706
vt 0.510000 0.750000
vt 0.750000 0.990000
vt 0.750000 0.510000
vt 0.919706 0.919706
vt 0.919706 0.580294
vt 0.990000 0.750000
s 0
usemtl Material.008
f 1489/259/194 1490/260/194 1491/260/194
f 1489/259/194 1491/260/194 1492/259/194
f 1493/261/195 1494/262/195 1495/262/195
f 1493/261/195 1495/262/195 1496/261/195
f 1497/263/196 1498/264/196 1499/264/196
f 1497/263/196 1499/264/196 1500/263/196
f 1501/265/197 1502/266/197 1503/266/197
f 1501/265/197 1503/266/197 1504/265/197
f 1505/260/198 1506/267/198 1507/267/198
f 1505/260/198 1507/267/198 1508/260/198
f 1509/266/199 1510/259/199 1511/259/199
f 1509/266/199 1511/259/199 1512/266/199
f 1513/267/200 1514/261/200 1515/261/200
f 1513/267/200 1515/261/200 1516/267/200
f 1517/264/201 1518/265/201 1519/265/201
f 1517/264/201 1519/265/201 1520/264/201
f 1528/268/202 1526/269/202 1527/270/202
f 1526/269/202 1528/268/202 1525/271/202
f 1525/271/202 1528/268/202 1521/272/202
f 1525/271/202 1521/272/202 1524/273/202
f 1524/273/202 1521/272/202 1522/274/202
f 1524/273/202 1522/274/202 1523/275/202
o tree.001_pastelgreen_0
v 1.340323 1.377076 0.638081
v 0.745985 2.567829 0.602934
v 1.089069 1.377076 1.089520
v 1.089069 1.377076 1.089520
v 0.745985 2.567829 0.602934
v 0.579466 1.377076 1.174549
v 0.579466 1.377076 1.174549
v 0.745985 2.567829 0.602934
v 0.195255 1.377076 0.829140
v 0.195255 1.377076 0.829140
v 0.745985 2.567829 0.602934
v 0.225755 1.377076 0.313393
v 0.225755 1.377076 0.313393
v 0.745985 2.567829 0.602934
v 0.647999 1.377076 0.015676
v 0.647999 1.377076 0.015676
v 0.745985 2.567829 0.602934
v 1.144028 1.377076 0.160175
v 1.144028 1.377076 0.160175
v 0.745985 2.567829 0.602934
v 1.340323 1.377076 0.638081
v 1.340323 1.862796 0.638081
v 0.745985 3.053549 0.602934
v 1.089069 1.862796 1.089520
v 1.089069 1.862796 1.089520
v 0.745985 3.053549 0.602934
v 0.579466 1.862796 1.174549
v 0.579466 1.862796 1.174549
v 0.745985 3.053549 0.602934
v 0.195255 1.862796 0.829140
v 0.195255 1.862796 0.829140
v 0.745985 3.053549 0.602934
v 0.225755 1.862796 0.313393
v 0.225755 1.862796 0.313393
v 0.745985 3.053549 0.602934
v 0.647999 1.862796 0.015676
v 0.647999 1.862796 0.015676
v 0.745985 3.053549 0.602934
v 1.144028 1.862796 0.160176
v 1.144028 1.862796 0.160176
v 0.745985 3.053549 0.602934
v 1.340323 1.862796 0.638081
v 0.195255 1.377076 0.829140
v 0.225755 1.377076 0.313393
v 0.225755 1.298524 0.313393
v 0.195255 1.298524 0.829140
v 0.647999 1.298524 0.015676
v 1.144028 1.298524 0.160175
v 1.079367 1.241900 0.232100
v 0.663916 1.241900 0.111074
v 1.144028 1.377076 0.160175
v 1.340323 1.377076 0.638081
v 1.340323 1.298524 0.638081
v 1.144028 1.298524 0.160175
v 1.340323 1.377076 0.638081
v 1.089069 1.377076 1.089520
v 1.089069 1.298523 1.089520
v 1.340323 1.298524 0.638081
v 0.579466 1.377076 1.174549
v 0.195255 1.377076 0.829140
v 0.195255 1.298524 0.829140
v 0.579466 1.298523 1.174549
v 1.089069 1.377076 1.089520
v 0.579466 1.377076 1.174549
v 0.579466 1.298523 1.174549
v 1.089069 1.298523 1.089520
v 0.647999 1.377076 0.015676
v 1.144028 1.377076 0.160175
v 1.144028 1.298524 0.160175
v 0.647999 1.298524 0.015676
v 0.225755 1.377076 0.313393
v 0.647999 1.377076 0.015676
v 0.647999 1.298524 0.015676
v 0.225755 1.298524 0.313393
v 0.195255 1.298524 0.829140
v 0.225755 1.298524 0.313393
v 0.310265 1.241900 0.360428
v 0.284720 1.241900 0.792394
v 1.089069 1.298523 1.089520
v 0.579466 1.298523 1.174549
v 0.606517 1.241900 1.081692
v 1.033336 1.241900 1.010475
v 1.144028 1.298524 0.160175
v 1.340323 1.298524 0.638081
v 1.243774 1.241900 0.632371
v 1.079367 1.241900 0.232100
v 0.225755 1.298524 0.313393
v 0.647999 1.298524 0.015676
v 0.663916 1.241900 0.111074
v 0.310265 1.241900 0.360428
v 0.579466 1.298523 1.174549
v 0.195255 1.298524 0.829140
v 0.284720 1.241900 0.792394
v 0.606517 1.241900 1.081692
v 1.340323 1.298524 0.638081
v 1.089069 1.298523 1.089520
v 1.033336 1.241900 1.010475
v 1.243774 1.241900 0.632371
v 0.195255 1.862796 0.829140
v 0.225755 1.862796 0.313393
v 0.225755 1.784243 0.313393
v 0.195255 1.784243 0.829140
v 0.647999 1.784243 0.015676
v 1.144028 1.784243 0.160176
v 1.079367 1.727620 0.232100
v 0.663916 1.727620 0.111074
v 1.144028 1.862796 0.160176
v 1.340323 1.862796 0.638081
v 1.340323 1.784243 0.638081
v 1.144028 1.784243 0.160176
v 1.340323 1.862796 0.638081
v 1.089069 1.862796 1.089520
v 1.089069 1.784243 1.089520
v 1.340323 1.784243 0.638081
v 0.579466 1.862796 1.174549
v 0.195255 1.862796 0.829140
v 0.195255 1.784243 0.829140
v 0.579466 1.784243 1.174549
v 1.089069 1.862796 1.089520
v 0.579466 1.862796 1.174549
v 0.579466 1.784243 1.174549
v 1.089069 1.784243 1.089520
v 0.647999 1.862796 0.015676
v 1.144028 1.862796 0.160176
v 1.144028 1.784243 0.160176
v 0.647999 1.784243 0.015676
v 0.225755 1.862796 0.313393
v 0.647999 1.862796 0.015676
v 0.647999 1.784243 0.015676
v 0.225755 1.784243 0.313393
v 0.195255 1.784243 0.829140
v 0.225755 1.784243 0.313393
v 0.310265 1.727620 0.360428
v 0.284720 1.727620 0.792394
v 1.089069 1.784243 1.089520
v 0.579466 1.784243 1.174549
v 0.606517 1.727620 1.081692
v 1.033336 1.727620 1.010475
v 1.144028 1.784243 0.160176
v 1.340323 1.784243 0.638081
v 1.243774 1.727620 0.632372
v 1.079367 1.727620 0.232100
v 0.225755 1.784243 0.313393
v 0.647999 1.784243 0.015676
v 0.663916 1.727620 0.111074
v 0.310265 1.727620 0.360428
v 0.579466 1.784243 1.174549
v 0.195255 1.784243 0.829140
v 0.284720 1.727620 0.792394
v 0.606517 1.727620 1.081692
v 1.340323 1.784243 0.638081
v 1.089069 1.784243 1.089520
v 1.033336 1.727620 1.010475
v 1.243774 1.727620 0.632372
v 1.243774 1.241900 0.632371
v 1.033336 1.241900 1.010475
v 0.606517 1.241900 1.081692
v 0.284720 1.241900 0.792394
v 0.310265 1.241900 0.360428
v 0.663916 1.241900 0.111074
v 1.079367 1.241900 0.232100
v 1.243774 1.727620 0.632372
v 1.033336 1.727620 1.010475
v 0.606517 1.727620 1.081692
v 0.284720 1.727620 0.792394
v 0.310265 1.727620 0.360428
v 0.663916 1.727620 0.111074
v 1.079367 1.727620 0.232100
vn 0.7967 0.4107 0.4434
vn 0.1501 0.4107 0.8993
vn -0.6096 0.4107 0.6780
vn -0.9102 0.4107 -0.0538
vn -0.5254 0.4107 -0.7452
vn 0.2550 0.4107 -0.8754
vn 0.8434 0.4107 -0.3464
vn -0.9983 -0.0000 -0.0590
vn 0.1524 -0.8385 -0.5231
vn 0.9250 -0.0000 -0.3799
vn 0.8738 -0.0000 0.4863
vn -0.6686 -0.0000 0.7437
vn 0.1646 -0.0000 0.9864
vn 0.2797 -0.0000 -0.9601
vn -0.5762 -0.0000 -0.8173
vn -0.5439 -0.8385 -0.0322
vn 0.0897 -0.8385 0.5374
vn 0.5040 -0.8385 -0.2070
vn -0.3140 -0.8385 -0.4453
vn -0.3643 -0.8385 0.4052
vn 0.4761 -0.8385 0.2650
vn -0.0000 -1.0000 -0.0000
vt 0.250000 0.510000
vt 0.250000 0.750000
vt 0.437640 0.600362
vt 0.483983 0.803405
vt 0.354132 0.966233
vt 0.145868 0.966233
vt 0.016017 0.803405
vt 0.062360 0.600362
vt 0.562360 0.600362
vt 0.645868 0.966233
vt 0.516017 0.803405
vt 0.750000 0.510000
vt 0.854132 0.966233
vt 0.937640 0.600362
vt 0.983983 0.803405
s 0
usemtl pastelgreen
f 1529/276/203 1530/277/203 1531/278/203
f 1532/278/204 1533/277/204 1534/279/204
f 1535/279/205 1536/277/205 1537/280/205
f 1538/280/206 1539/277/206 1540/281/206
f 1541/281/207 1542/277/207 1543/282/207
s 1
f 1544/282/208 1545/277/208 1546/283/208
s 0
f 1547/283/209 1548/277/209 1549/276/209
f 1550/276/203 1551/277/203 1552/278/203
f 1553/278/204 1554/277/204 1555/279/204
f 1556/279/205 1557/277/205 1558/280/205
f 1559/280/206 1560/277/206 1561/281/206
f 1562/281/207 1563/277/207 1564/282/207
f 1565/282/208 1566/277/208 1567/283/208
f 1568/283/209 1569/277/209 1570/276/209
f 1571/280/210 1572/281/210 1573/281/210
f 1571/280/210 1573/281/210 1574/280/210
f 1575/282/211 1576/283/211 1577/283/211
f 1575/282/211 1577/283/211 1578/282/211
f 1579/283/212 1580/276/212 1581/276/212
f 1579/283/212 1581/276/212 1582/283/212
f 1583/276/213 1584/278/213 1585/278/213
f 1583/276/213 1585/278/213 1586/276/213
f 1587/279/214 1588/280/214 1589/280/214
f 1587/279/214 1589/280/214 1590/279/214
f 1591/278/215 1592/279/215 1593/279/215
f 1591/278/215 1593/279/215 1594/278/215
s 1
f 1595/282/216 1596/283/216 1597/283/216
s 0
f 1595/282/216 1597/283/216 1598/282/216
f 1599/281/217 1600/282/217 1601/282/217
f 1599/281/217 1601/282/217 1602/281/217
f 1603/280/218 1604/281/218 1605/281/218
f 1603/280/218 1605/281/218 1606/280/218
f 1607/278/219 1608/279/219 1609/279/219
f 1607/278/219 1609/279/219 1610/278/219
f 1611/283/220 1612/276/220 1613/276/220
f 1611/283/220 1613/276/220 1614/283/220
f 1615/281/221 1616/282/221 1617/282/221
f 1615/281/221 1617/282/221 1618/281/221
f 1619/279/222 1620/280/222 1621/280/222
f 1619/279/222 1621/280/222 1622/279/222
f 1623/276/223 1624/278/223 1625/278/223
f 1623/276/223 1625/278/223 1626/276/223
f 1627/280/210 1628/281/210 1629/281/210
f 1627/280/210 1629/281/210 1630/280/210
f 1631/282/211 1632/283/211 1633/283/211
f 1631/282/211 1633/283/211 1634/282/211
f 1635/283/212 1636/276/212 1637/276/212
f 1635/283/212 1637/276/212 1638/283/212
f 1639/276/213 1640/278/213 1641/278/213
f 1639/276/213 1641/278/213 1642/276/213
f 1643/279/214 1644/280/214 1645/280/214
f 1643/279/214 1645/280/214 1646/279/214
f 1647/278/215 1648/279/215 1649/279/215
f 1647/278/215 1649/279/215 1650/278/215
f 1651/282/216 1652/283/216 1653/283/216
f 1651/282/216 1653/283/216 1654/282/216
f 1655/281/217 1656/282/217 1657/282/217
f 1655/281/217 1657/282/217 1658/281/217
f 1659/280/218 1660/281/218 1661/281/218
f 1659/280/218 1661/281/218 1662/280/218
f 1663/278/219 1664/279/219 1665/279/219
f 1663/278/219 1665/279/219 1666/278/219
f 1667/283/220 1668/276/220 1669/276/220
f 1667/283/220 1669/276/220 1670/283/220
f 1671/281/221 1672/282/221 1673/282/221
f 1671/281/221 1673/282/221 1674/281/221
f 1675/279/222 1676/280/222 1677/280/222
f 1675/279/222 1677/280/222 1678/279/222
f 1679/276/223 1680/278/223 1681/278/223
f 1679/276/223 1681/278/223 1682/276/223
f 1689/284/224 1687/285/224 1688/286/224
f 1687/285/224 1689/284/224 1683/287/224
f 1687/285/224 1683/287/224 1686/288/224
f 1686/288/224 1683/287/224 1684/289/224
f 1686/288/224 1684/289/224 1685/290/224
f 1696/284/224 1694/285/224 1695/286/224
f 1694/285/224 1696/284/224 1690/287/224
f 1694/285/224 1690/287/224 1693/288/224
f 1693/288/224 1690/287/224 1691/289/224
f 1693/288/224 1691/289/224 1692/290/224
o block.018_white_0
v 1.387899 0.412620 4.658591
v 1.387899 1.164804 4.658591
v 1.571206 1.062163 4.669431
v 1.571206 0.412620 4.669431
v 1.571206 0.412620 4.669431
v 1.571206 1.062163 4.669431
v 1.563324 1.062163 4.802709
v 1.563324 0.412620 4.802709
v 1.380018 0.412620 4.791868
v 1.380018 1.164804 4.791868
v 1.196711 1.062163 4.781028
v 1.196711 0.412620 4.781028
v 1.196711 0.412620 4.781028
v 1.196711 1.062163 4.781028
v 1.204593 1.062163 4.647751
v 1.204593 0.412620 4.647751
v 1.387899 0.412620 4.658591
v 1.380018 0.412620 4.791868
v 1.196711 0.412620 4.781028
v 1.204593 0.412620 4.647751
v 1.380018 1.164804 4.791868
v 1.387899 1.164804 4.658591
v 1.204593 1.062163 4.647751
v 1.196711 1.062163 4.781028
v 1.563324 1.062163 4.802709
v 1.571206 1.062163 4.669431
v 1.387899 1.164804 4.658591
v 1.380018 1.164804 4.791868
v 1.571206 0.412620 4.669431
v 1.563324 0.412620 4.802709
v 1.563324 0.412620 4.802709
v 1.563324 1.062163 4.802709
v 1.204593 0.412620 4.647751
v 1.204593 1.062163 4.647751
vn 0.0590 -0.0000 -0.9983
vn 0.9983 -0.0000 0.0590
vn -0.0590 -0.0000 0.9983
vn -0.9983 -0.0000 -0.0590
vn -0.0000 -1.0000 -0.0000
vn -0.4871 0.8729 -0.0288
vn 0.4871 0.8729 0.0288
vt 0.375000 0.875000
vt 0.625000 0.875000
vt 0.625000 0.750000
vt 0.375000 0.750000
vt 0.625000 0.500000
vt 0.375000 0.500000
vt 0.375000 0.375000
vt 0.625000 0.375000
vt 0.625000 0.250000
vt 0.375000 0.250000
vt 0.625000 0.000000
vt 0.375000 0.000000
vt 0.125000 0.375000
vt 0.125000 0.250000
vt 0.875000 0.375000
vt 0.875000 0.250000
vt 0.875000 0.500000
vt 0.125000 0.500000
vt 0.375000 1.000000
vt 0.625000 1.000000
s 0
usemtl white
f 1697/291/225 1698/292/225 1699/293/225
f 1697/291/225 1699/293/225 1700/294/225
f 1701/294/226 1702/293/226 1703/295/226
f 1701/294/226 1703/295/226 1704/296/226
f 1705/297/227 1706/298/227 1707/299/227
f 1705/297/227 1707/299/227 1708/300/227
f 1709/300/228 1710/299/228 1711/301/228
f 1709/300/228 1711/301/228 1712/302/228
f 1713/303/229 1714/297/229 1715/300/229
f 1713/303/229 1715/300/229 1716/304/229
f 1717/298/230 1718/305/230 1719/306/230
f 1717/298/230 1719/306/230 1720/299/230
f 1721/295/231 1722/307/231 1723/305/231
f 1721/295/231 1723/305/231 1724/298/231
f 1725/308/229 1726/296/229 1714/297/229
f 1725/308/229 1714/297/229 1713/303/229
f 1727/296/227 1728/295/227 1706/298/227
f 1727/296/227 1706/298/227 1705/297/227
f 1729/309/225 1730/310/225 1698/292/225
f 1729/309/225 1698/292/225 1697/291/225
o fence_white_0
v 2.909655 0.976399 0.275770
v 3.039327 0.976399 0.283438
v 3.055529 0.976399 0.009457
v 2.925858 0.976399 0.001789
v 2.778805 0.826800 4.688802
v 2.778805 0.976398 4.688802
v 2.774364 0.976398 4.763910
v 2.774364 0.826800 4.763910
v 2.644692 0.826800 4.756242
v 2.644692 0.976398 4.756242
v 0.877661 0.976398 4.651744
v 0.877661 0.826800 4.651744
v 0.877661 0.826800 4.651744
v 0.877661 0.976398 4.651744
v 0.882102 0.976398 4.576636
v 0.882102 0.826800 4.576636
v 2.649134 0.826800 4.681133
v 2.644692 0.826800 4.756242
v 0.877661 0.826800 4.651744
v 0.882102 0.826800 4.576636
v 2.644692 0.976398 4.756242
v 2.649134 0.976398 4.681133
v 0.882102 0.976398 4.576636
v 0.877661 0.976398 4.651744
v 2.774364 0.976398 4.763910
v 2.778805 0.976398 4.688802
v 2.778805 0.826800 4.688802
v 2.774364 0.826800 4.763910
v 2.774364 0.826800 4.763910
v 2.774364 0.976398 4.763910
v 0.882102 0.826800 4.576636
v 0.882102 0.976398 4.576636
v 2.649134 0.976398 4.681133
v 2.649134 0.826800 4.681133
v 2.925858 0.826801 0.001789
v 2.925858 0.976399 0.001789
v 3.055529 0.976399 0.009457
v 3.055529 0.826801 0.009457
v 3.039327 0.976399 0.283438
v 3.039327 0.826800 0.283438
v 3.055529 0.826801 0.009457
v 3.055529 0.976399 0.009457
v 3.039327 0.826800 0.283438
v 2.909655 0.826800 0.275770
v 2.925858 0.826801 0.001789
v 3.055529 0.826801 0.009457
v -2.536110 0.976399 -0.046278
v -2.519909 0.976399 -0.320259
v -2.788422 0.976399 -0.336139
v -2.804624 0.976399 -0.062157
v 2.649134 0.826800 4.681133
v 2.649134 0.976398 4.681133
v 2.909655 0.976399 0.275770
v 2.909655 0.826800 0.275770
v -2.804624 0.826801 -0.062157
v -2.804624 0.976399 -0.062157
v -2.788422 0.976399 -0.336139
v -2.788422 0.826801 -0.336139
v -2.519909 0.826801 -0.320259
v -2.536110 0.826801 -0.046278
v -2.804624 0.826801 -0.062157
v -2.788422 0.826801 -0.336139
v -2.519909 0.976399 -0.320259
v -2.519909 0.826801 -0.320259
v -2.788422 0.826801 -0.336139
v -2.788422 0.976399 -0.336139
v -3.073093 0.976398 4.477609
v -2.804580 0.976398 4.493488
v 2.909655 0.826800 0.275770
v 2.909655 0.976399 0.275770
v -2.536110 0.976399 -0.046278
v -2.536110 0.826801 -0.046278
v -2.804580 0.826800 4.493488
v -2.804580 0.976398 4.493488
v -3.073093 0.976398 4.477609
v -3.073093 0.826800 4.477609
v -3.073093 0.826800 4.477609
v -3.073093 0.976398 4.477609
v -2.536110 0.826801 -0.046278
v -2.536110 0.976399 -0.046278
v -2.804580 0.976398 4.493488
v -2.804580 0.826800 4.493488
v -2.804580 0.826800 4.493488
v -3.073093 0.826800 4.477609
vn -0.0000 1.0000 -0.0000
vn 0.9983 -0.0000 0.0590
vn -0.0590 -0.0000 0.9983
vn -0.9983 -0.0000 -0.0590
vn -0.0000 -1.0000 -0.0000
vn 0.0590 -0.0000 -0.9983
vt 0.875000 0.375000
vt 0.875000 0.500000
vt 0.375000 0.750000
vt 0.625000 0.750000
vt 0.625000 0.500000
vt 0.375000 0.500000
vt 0.375000 0.375000
vt 0.625000 0.375000
vt 0.625000 0.250000
vt 0.375000 0.250000
vt 0.625000 0.000000
vt 0.375000 0.000000
vt 0.125000 0.375000
vt 0.125000 0.250000
vt 0.875000 0.250000
vt 0.125000 0.500000
vt 0.375000 1.000000
vt 0.625000 1.000000
vt 0.625000 0.875000
vt 0.375000 0.875000
s 0
usemtl white
f 1731/311/232 1732/312/232 1733/312/232
f 1731/311/232 1733/312/232 1734/311/232
f 1735/313/233 1736/314/233 1737/315/233
f 1735/313/233 1737/315/233 1738/316/233
f 1739/317/234 1740/318/234 1741/319/234
f 1739/317/234 1741/319/234 1742/320/234
f 1743/320/235 1744/319/235 1745/321/235
f 1743/320/235 1745/321/235 1746/322/235
f 1747/323/236 1748/317/236 1749/320/236
f 1747/323/236 1749/320/236 1750/324/236
f 1751/318/232 1752/311/232 1753/325/232
f 1751/318/232 1753/325/232 1754/319/232
f 1755/315/232 1756/312/232 1752/311/232
f 1755/315/232 1752/311/232 1751/318/232
f 1757/326/236 1758/316/236 1748/317/236
f 1757/326/236 1748/317/236 1747/323/236
f 1759/316/234 1760/315/234 1740/318/234
f 1759/316/234 1740/318/234 1739/317/234
f 1761/327/237 1762/328/237 1763/329/237
f 1761/327/237 1763/329/237 1764/330/237
f 1765/330/237 1766/329/237 1767/314/237
f 1765/330/237 1767/314/237 1768/313/237
f 1769/314/233 1770/313/233 1771/313/233
f 1769/314/233 1771/313/233 1772/314/233
f 1773/326/236 1774/323/236 1775/323/236
f 1773/326/236 1775/323/236 1776/326/236
f 1777/311/232 1778/311/232 1779/311/232
f 1777/311/232 1779/311/232 1780/311/232
f 1781/330/235 1782/329/235 1783/329/235
f 1781/330/235 1783/329/235 1784/330/235
f 1757/326/236 1747/323/236 1774/323/236
f 1757/326/236 1774/323/236 1773/326/236
f 1736/314/233 1735/313/233 1770/313/233
f 1736/314/233 1770/313/233 1769/314/233
f 1752/311/232 1756/312/232 1732/312/232
f 1752/311/232 1732/312/232 1731/311/232
f 1785/330/235 1786/329/235 1787/329/235
f 1785/330/235 1787/329/235 1788/330/235
f 1789/323/236 1790/323/236 1791/323/236
f 1789/323/236 1791/323/236 1792/323/236
f 1793/329/237 1794/330/237 1795/330/237
f 1793/329/237 1795/330/237 1796/329/237
f 1777/311/232 1780/311/232 1797/311/232
f 1777/311/232 1797/311/232 1798/311/232
f 1799/330/234 1800/329/234 1801/329/234
f 1799/330/234 1801/329/234 1802/330/234
f 1766/329/237 1765/330/237 1794/330/237
f 1766/329/237 1794/330/237 1793/329/237
f 1775/323/236 1774/323/236 1790/323/236
f 1775/323/236 1790/323/236 1789/323/236
f 1731/311/232 1734/311/232 1778/311/232
f 1731/311/232 1778/311/232 1777/311/232
f 1803/330/234 1804/329/234 1805/329/234
f 1803/330/234 1805/329/234 1806/330/234
f 1786/329/235 1785/330/235 1807/330/235
f 1786/329/235 1807/330/235 1808/329/235
f 1809/330/233 1810/329/233 1811/329/233
f 1809/330/233 1811/329/233 1812/330/233
f 1791/323/236 1790/323/236 1813/323/236
f 1791/323/236 1813/323/236 1814/323/236
o block.017_white_0
v 2.296489 0.412620 4.712323
v 2.296489 1.164804 4.712323
v 2.479795 1.062163 4.723163
v 2.479795 0.412620 4.723163
v 2.479795 0.412620 4.723163
v 2.479795 1.062163 4.723163
v 2.471914 1.062163 4.856440
v 2.471914 0.412620 4.856440
v 2.288607 0.412620 4.845600
v 2.288607 1.164804 4.845600
v 2.105301 1.062163 4.834760
v 2.105301 0.412620 4.834760
v 2.105301 0.412620 4.834760
v 2.105301 1.062163 4.834760
v 2.113182 1.062163 4.701482
v 2.113182 0.412620 4.701482
v 2.296489 0.412620 4.712323
v 2.288607 0.412620 4.845600
v 2.105301 0.412620 4.834760
v 2.113182 0.412620 4.701482
v 2.288607 1.164804 4.845600
v 2.296489 1.164804 4.712323
v 2.113182 1.062163 4.701482
v 2.105301 1.062163 4.834760
v 2.471914 1.062163 4.856440
v 2.479795 1.062163 4.723163
v 2.296489 1.164804 4.712323
v 2.288607 1.164804 4.845600
v 2.479795 0.412620 4.723163
v 2.471914 0.412620 4.856440
v 2.471914 0.412620 4.856440
v 2.471914 1.062163 4.856440
v 2.113182 0.412620 4.701482
v 2.113182 1.062163 4.701482
vn 0.0590 -0.0000 -0.9983
vn 0.9983 -0.0000 0.0590
vn -0.0590 -0.0000 0.9983
vn -0.9983 -0.0000 -0.0590
vn -0.0000 -1.0000 -0.0000
vn -0.4871 0.8729 -0.0288
vn 0.4871 0.8729 0.0288
vt 0.375000 0.875000
vt 0.625000 0.875000
vt 0.625000 0.750000
vt 0.375000 0.750000
vt 0.625000 0.500000
vt 0.375000 0.500000
vt 0.375000 0.375000
vt 0.625000 0.375000
vt 0.625000 0.250000
vt 0.375000 0.250000
vt 0.625000 0.000000
vt 0.375000 0.000000
vt 0.125000 0.375000
vt 0.125000 0.250000
vt 0.875000 0.375000
vt 0.875000 0.250000
vt 0.875000 0.500000
vt 0.125000 0.500000
vt 0.375000 1.000000
vt 0.625000 1.000000
s 0
usemtl white
f 1815/331/238 1816/332/238 1817/333/238
f 1815/331/238 1817/333/238 1818/334/238
f 1819/334/239 1820/333/239 1821/335/239
f 1819/334/239 1821/335/239 1822/336/239
f 1823/337/240 1824/338/240 1825/339/240
f 1823/337/240 1825/339/240 1826/340/240
f 1827/340/241 1828/339/241 1829/341/241
f 1827/340/241 1829/341/241 1830/342/241
f 1831/343/242 1832/337/242 1833/340/242
f 1831/343/242 1833/340/242 1834/344/242
f 1835/338/243 1836/345/243 1837/346/243
f 1835/338/243 1837/346/243 1838/339/243
f 1839/335/244 1840/347/244 1841/345/244
f 1839/335/244 1841/345/244 1842/338/244
f 1843/348/242 1844/336/242 1832/337/242
f 1843/348/242 1832/337/242 1831/343/242
f 1845/336/240 1846/335/240 1824/338/240
f 1845/336/240 1824/338/240 1823/337/240
f 1847/349/238 1848/350/238 1816/332/238
f 1847/349/238 1816/332/238 1815/331/238
o block.016_white_0
v 2.777924 0.412620 4.365220
v 2.777924 1.164804 4.365220
v 2.788764 1.062163 4.181913
v 2.788764 0.412620 4.181913
v 2.788764 0.412620 4.181913
v 2.788764 1.062163 4.181913
v 2.922041 1.062163 4.189795
v 2.922041 0.412620 4.189795
v 2.911201 0.412620 4.373101
v 2.911201 1.164804 4.373102
v 2.900361 1.062163 4.556408
v 2.900361 0.412620 4.556408
v 2.900361 0.412620 4.556408
v 2.900361 1.062163 4.556408
v 2.767083 1.062163 4.548526
v 2.767083 0.412620 4.548526
v 2.777924 0.412620 4.365220
v 2.911201 0.412620 4.373101
v 2.900361 0.412620 4.556408
v 2.767083 0.412620 4.548526
v 2.911201 1.164804 4.373102
v 2.777924 1.164804 4.365220
v 2.767083 1.062163 4.548526
v 2.900361 1.062163 4.556408
v 2.922041 1.062163 4.189795
v 2.788764 1.062163 4.181913
v 2.777924 1.164804 4.365220
v 2.911201 1.164804 4.373102
v 2.788764 0.412620 4.181913
v 2.922041 0.412620 4.189795
v 2.922041 0.412620 4.189795
v 2.922041 1.062163 4.189795
v 2.767083 0.412620 4.548526
v 2.767083 1.062163 4.548526
vn -0.9983 -0.0000 -0.0590
vn 0.0590 -0.0000 -0.9983
vn 0.9983 -0.0000 0.0590
vn -0.0590 -0.0000 0.9983
vn -0.0000 -1.0000 -0.0000
vn -0.0288 0.8729 0.4871
vn 0.0288 0.8729 -0.4871
vt 0.375000 0.875000
vt 0.625000 0.875000
vt 0.625000 0.750000
vt 0.375000 0.750000
vt 0.625000 0.500000
vt 0.375000 0.500000
vt 0.375000 0.375000
vt 0.625000 0.375000
vt 0.625000 0.250000
vt 0.375000 0.250000
vt 0.625000 0.000000
vt 0.375000 0.000000
vt 0.125000 0.375000
vt 0.125000 0.250000
vt 0.875000 0.375000
vt 0.875000 0.250000
vt 0.875000 0.500000
vt 0.125000 0.500000
vt 0.375000 1.000000
vt 0.625000 1.000000
s 0
usemtl white
f 1849/351/245 1850/352/245 1851/353/245
f 1849/351/245 1851/353/245 1852/354/245
f 1853/354/246 1854/353/246 1855/355/246
f 1853/354/246 1855/355/246 1856/356/246
f 1857/357/247 1858/358/247 1859/359/247
f 1857/357/247 1859/359/247 1860/360/247
f 1861/360/248 1862/359/248 1863/361/248
f 1861/360/248 1863/361/248 1864/362/248
f 1865/363/249 1866/357/249 1867/360/249
f 1865/363/249 1867/360/249 1868/364/249
f 1869/358/250 1870/365/250 1871/366/250
f 1869/358/250 1871/366/250 1872/359/250
f 1873/355/251 1874/367/251 1875/365/251
f 1873/355/251 1875/365/251 1876/358/251
f 1877/368/249 1878/356/249 1866/357/249
f 1877/368/249 1866/357/249 1865/363/249
f 1879/356/247 1880/355/247 1858/358/247
f 1879/356/247 1858/358/247 1857/357/247
f 1881/369/245 1882/370/245 1850/352/245
f 1881/369/245 1850/352/245 1849/351/245
o block.015_white_0
v 2.825921 0.412620 3.553588
v 2.825921 1.164804 3.553588
v 2.836761 1.062163 3.370282
v 2.836761 0.412620 3.370282
v 2.836761 0.412620 3.370282
v 2.836761 1.062163 3.370282
v 2.970038 1.062163 3.378163
v 2.970038 0.412620 3.378163
v 2.959198 0.412620 3.561470
v 2.959198 1.164804 3.561470
v 2.948358 1.062163 3.744776
v 2.948358 0.412620 3.744776
v 2.948358 0.412620 3.744776
v 2.948358 1.062163 3.744776
v 2.815081 1.062163 3.736895
v 2.815081 0.412620 3.736895
v 2.825921 0.412620 3.553588
v 2.959198 0.412620 3.561470
v 2.948358 0.412620 3.744776
v 2.815081 0.412620 3.736895
v 2.959198 1.164804 3.561470
v 2.825921 1.164804 3.553588
v 2.815081 1.062163 3.736895
v 2.948358 1.062163 3.744776
v 2.970038 1.062163 3.378163
v 2.836761 1.062163 3.370282
v 2.825921 1.164804 3.553588
v 2.959198 1.164804 3.561470
v 2.836761 0.412620 3.370282
v 2.970038 0.412620 3.378163
v 2.970038 0.412620 3.378163
v 2.970038 1.062163 3.378163
v 2.815081 0.412620 3.736895
v 2.815081 1.062163 3.736895
vn -0.9983 -0.0000 -0.0590
vn 0.0590 -0.0000 -0.9983
vn 0.9983 -0.0000 0.0590
vn -0.0590 -0.0000 0.9983
vn -0.0000 -1.0000 -0.0000
vn -0.0288 0.8729 0.4871
vn 0.0288 0.8729 -0.4871
vt 0.375000 0.875000
vt 0.625000 0.875000
vt 0.625000 0.750000
vt 0.375000 0.750000
vt 0.625000 0.500000
vt 0.375000 0.500000
vt 0.375000 0.375000
vt 0.625000 0.375000
vt 0.625000 0.250000
vt 0.375000 0.250000
vt 0.625000 0.000000
vt 0.375000 0.000000
vt 0.125000 0.375000
vt 0.125000 0.250000
vt 0.875000 0.375000
vt 0.875000 0.250000
vt 0.875000 0.500000
vt 0.125000 0.500000
vt 0.375000 1.000000
vt 0.625000 1.000000
s 0
usemtl white
f 1883/371/252 1884/372/252 1885/373/252
f 1883/371/252 1885/373/252 1886/374/252
f 1887/374/253 1888/373/253 1889/375/253
f 1887/374/253 1889/375/253 1890/376/253
f 1891/377/254 1892/378/254 1893/379/254
f 1891/377/254 1893/379/254 1894/380/254
f 1895/380/255 1896/379/255 1897/381/255
f 1895/380/255 1897/381/255 1898/382/255
f 1899/383/256 1900/377/256 1901/380/256
f 1899/383/256 1901/380/256 1902/384/256
f 1903/378/257 1904/385/257 1905/386/257
f 1903/378/257 1905/386/257 1906/379/257
f 1907/375/258 1908/387/258 1909/385/258
f 1907/375/258 1909/385/258 1910/378/258
f 1911/388/256 1912/376/256 1900/377/256
f 1911/388/256 1900/377/256 1899/383/256
f 1913/376/254 1914/375/254 1892/378/254
f 1913/376/254 1892/378/254 1891/377/254
f 1915/389/252 1916/390/252 1884/372/252
f 1915/389/252 1884/372/252 1883/371/252
o block.014_white_0
v 2.877556 0.412620 2.680454
v 2.877556 1.164804 2.680454
v 2.888396 1.062163 2.497148
v 2.888396 0.412620 2.497148
v 2.888396 0.412620 2.497148
v 2.888396 1.062163 2.497148
v 3.021673 1.062163 2.505029
v 3.021673 0.412620 2.505029
v 3.010833 0.412620 2.688336
v 3.010833 1.164804 2.688336
v 2.999993 1.062163 2.871642
v 2.999993 0.412620 2.871642
v 2.999993 0.412620 2.871642
v 2.999993 1.062163 2.871642
v 2.866715 1.062163 2.863760
v 2.866715 0.412620 2.863760
v 2.877556 0.412620 2.680454
v 3.010833 0.412620 2.688336
v 2.999993 0.412620 2.871642
v 2.866715 0.412620 2.863760
v 3.010833 1.164804 2.688336
v 2.877556 1.164804 2.680454
v 2.866715 1.062163 2.863760
v 2.999993 1.062163 2.871642
v 3.021673 1.062163 2.505029
v 2.888396 1.062163 2.497148
v 2.877556 1.164804 2.680454
v 3.010833 1.164804 2.688336
v 2.888396 0.412620 2.497148
v 3.021673 0.412620 2.505029
v 3.021673 0.412620 2.505029
v 3.021673 1.062163 2.505029
v 2.866715 0.412620 2.863760
v 2.866715 1.062163 2.863760
vn -0.9983 -0.0000 -0.0590
vn 0.0590 -0.0000 -0.9983
vn 0.9983 -0.0000 0.0590
vn -0.0590 -0.0000 0.9983
vn -0.0000 -1.0000 -0.0000
vn -0.0288 0.8729 0.4871
vn 0.0288 0.8729 -0.4871
vt 0.375000 0.875000
vt 0.625000 0.875000
vt 0.625000 0.750000
vt 0.375000 0.750000
vt 0.625000 0.500000
vt 0.375000 0.500000
vt 0.375000 0.375000
vt 0.625000 0.375000
vt 0.625000 0.250000
vt 0.375000 0.250000
vt 0.625000 0.000000
vt 0.375000 0.000000
vt 0.125000 0.375000
vt 0.125000 0.250000
vt 0.875000 0.375000
vt 0.875000 0.250000
vt 0.875000 0.500000
vt 0.125000 0.500000
vt 0.375000 1.000000
vt 0.625000 1.000000
s 0
usemtl white
f 1917/391/259 1918/392/259 1919/393/259
f 1917/391/259 1919/393/259 1920/394/259
f 1921/394/260 1922/393/260 1923/395/260
f 1921/394/260 1923/395/260 1924/396/260
f 1925/397/261 1926/398/261 1927/399/261
f 1925/397/261 1927/399/261 1928/400/261
f 1929/400/262 1930/399/262 1931/401/262
f 1929/400/262 1931/401/262 1932/402/262
f 1933/403/263 1934/397/263 1935/400/263
f 1933/403/263 1935/400/263 1936/404/263
f 1937/398/264 1938/405/264 1939/406/264
f 1937/398/264 1939/406/264 1940/399/264
f 1941/395/265 1942/407/265 1943/405/265
f 1941/395/265 1943/405/265 1944/398/265
f 1945/408/263 1946/396/263 1934/397/263
f 1945/408/263 1934/397/263 1933/403/263
f 1947/396/261 1948/395/261 1926/398/261
f 1947/396/261 1926/398/261 1925/397/261
f 1949/409/259 1950/410/259 1918/392/259
f 1949/409/259 1918/392/259 1917/391/259
o block.013_white_0
v 2.937420 0.412620 1.668167
v 2.937420 1.164804 1.668167
v 2.948261 1.062163 1.484860
v 2.948261 0.412620 1.484860
v 2.948261 0.412620 1.484860
v 2.948261 1.062163 1.484860
v 3.081538 1.062163 1.492742
v 3.081538 0.412620 1.492742
v 3.070698 0.412620 1.676048
v 3.070698 1.164804 1.676049
v 3.059857 1.062163 1.859355
v 3.059857 0.412620 1.859355
v 3.059857 0.412620 1.859355
v 3.059857 1.062163 1.859355
v 2.926580 1.062163 1.851473
v 2.926580 0.412620 1.851473
v 2.937420 0.412620 1.668167
v 3.070698 0.412620 1.676048
v 3.059857 0.412620 1.859355
v 2.926580 0.412620 1.851473
v 3.070698 1.164804 1.676049
v 2.937420 1.164804 1.668167
v 2.926580 1.062163 1.851473
v 3.059857 1.062163 1.859355
v 3.081538 1.062163 1.492742
v 2.948261 1.062163 1.484860
v 2.937420 1.164804 1.668167
v 3.070698 1.164804 1.676049
v 2.948261 0.412620 1.484860
v 3.081538 0.412620 1.492742
v 3.081538 0.412620 1.492742
v 3.081538 1.062163 1.492742
v 2.926580 0.412620 1.851473
v 2.926580 1.062163 1.851473
vn -0.9983 -0.0000 -0.0590
vn 0.0590 -0.0000 -0.9983
vn 0.9983 -0.0000 0.0590
vn -0.0590 -0.0000 0.9983
vn -0.0000 -1.0000 -0.0000
vn -0.0288 0.8729 0.4871
vn 0.0288 0.8729 -0.4871
vt 0.375000 0.875000
vt 0.625000 0.875000
vt 0.625000 0.750000
vt 0.375000 0.750000
vt 0.625000 0.500000
vt 0.375000 0.500000
vt 0.375000 0.375000
vt 0.625000 0.375000
vt 0.625000 0.250000
vt 0.375000 0.250000
vt 0.625000 0.000000
vt 0.375000 0.000000
vt 0.125000 0.375000
vt 0.125000 0.250000
vt 0.875000 0.375000
vt 0.875000 0.250000
vt 0.875000 0.500000
vt 0.125000 0.500000
vt 0.375000 1.000000
vt 0.625000 1.000000
s 0
usemtl white
f 1951/411/266 1952/412/266 1953/413/266
f 1951/411/266 1953/413/266 1954/414/266
f 1955/414/267 1956/413/267 1957/415/267
f 1955/414/267 1957/415/267 1958/416/267
f 1959/417/268 1960/418/268 1961/419/268
f 1959/417/268 1961/419/268 1962/420/268
f 1963/420/269 1964/419/269 1965/421/269
f 1963/420/269 1965/421/269 1966/422/269
f 1967/423/270 1968/417/270 1969/420/270
f 1967/423/270 1969/420/270 1970/424/270
f 1971/418/271 1972/425/271 1973/426/271
f 1971/418/271 1973/426/271 1974/419/271
f 1975/415/272 1976/427/272 1977/425/272
f 1975/415/272 1977/425/272 1978/418/272
f 1979/428/270 1980/416/270 1968/417/270
f 1979/428/270 1968/417/270 1967/423/270
f 1981/416/268 1982/415/268 1960/418/268
f 1981/416/268 1960/418/268 1959/417/268
f 1983/429/266 1984/430/266 1952/412/266
f 1983/429/266 1952/412/266 1951/411/266
o block.012_white_0
v 2.997891 0.412620 0.645616
v 2.997891 1.164804 0.645617
v 3.008731 1.062163 0.462310
v 3.008731 0.412620 0.462310
v 3.008731 0.412620 0.462310
v 3.008731 1.062163 0.462310
v 3.142008 1.062163 0.470192
v 3.142008 0.412620 0.470192
v 3.131168 0.412620 0.653498
v 3.131168 1.164804 0.653498
v 3.120328 1.062163 0.836805
v 3.120328 0.412620 0.836804
v 3.120328 0.412620 0.836804
v 3.120328 1.062163 0.836805
v 2.987051 1.062163 0.828923
v 2.987051 0.412620 0.828923
v 2.997891 0.412620 0.645616
v 3.131168 0.412620 0.653498
v 3.120328 0.412620 0.836804
v 2.987051 0.412620 0.828923
v 3.131168 1.164804 0.653498
v 2.997891 1.164804 0.645617
v 2.987051 1.062163 0.828923
v 3.120328 1.062163 0.836805
v 3.142008 1.062163 0.470192
v 3.008731 1.062163 0.462310
v 2.997891 1.164804 0.645617
v 3.131168 1.164804 0.653498
v 3.008731 0.412620 0.462310
v 3.142008 0.412620 0.470192
v 3.142008 0.412620 0.470192
v 3.142008 1.062163 0.470192
v 2.987051 0.412620 0.828923
v 2.987051 1.062163 0.828923
vn -0.9983 -0.0000 -0.0590
vn 0.0590 -0.0000 -0.9983
vn 0.9983 -0.0000 0.0590
vn -0.0590 -0.0000 0.9983
vn -0.0000 -1.0000 -0.0000
vn -0.0288 0.8729 0.4871
vn 0.0288 0.8729 -0.4871
vt 0.375000 0.875000
vt 0.625000 0.875000
vt 0.625000 0.750000
vt 0.375000 0.750000
vt 0.625000 0.500000
vt 0.375000 0.500000
vt 0.375000 0.375000
vt 0.625000 0.375000
vt 0.625000 0.250000
vt 0.375000 0.250000
vt 0.625000 0.000000
vt 0.375000 0.000000
vt 0.125000 0.375000
vt 0.125000 0.250000
vt 0.875000 0.375000
vt 0.875000 0.250000
vt 0.875000 0.500000
vt 0.125000 0.500000
vt 0.375000 1.000000
vt 0.625000 1.000000
s 0
usemtl white
f 1985/431/273 1986/432/273 1987/433/273
f 1985/431/273 1987/433/273 1988/434/273
f 1989/434/274 1990/433/274 1991/435/274
f 1989/434/274 1991/435/274 1992/436/274
f 1993/437/275 1994/438/275 1995/439/275
f 1993/437/275 1995/439/275 1996/440/275
f 1997/440/276 1998/439/276 1999/441/276
f 1997/440/276 1999/441/276 2000/442/276
f 2001/443/277 2002/437/277 2003/440/277
f 2001/443/277 2003/440/277 2004/444/277
f 2005/438/278 2006/445/278 2007/446/278
f 2005/438/278 2007/446/278 2008/439/278
f 2009/435/279 2010/447/279 2011/445/279
f 2009/435/279 2011/445/279 2012/438/279
f 2013/448/277 2014/436/277 2002/437/277
f 2013/448/277 2002/437/277 2001/443/277
f 2015/436/275 2016/435/275 1994/438/275
f 2015/436/275 1994/438/275 1993/437/275
f 2017/449/273 2018/450/273 1986/432/273
f 2017/449/273 1986/432/273 1985/431/273
o block.011_white_0
v 2.921491 0.459447 -0.108765
v 2.921491 1.211632 -0.108765
v 3.104797 1.108991 -0.097925
v 3.104797 0.459447 -0.097925
v 3.104797 0.459447 -0.097925
v 3.104797 1.108991 -0.097925
v 3.096916 1.108991 0.035352
v 3.096916 0.459447 0.035352
v 2.913609 0.459447 0.024512
v 2.913609 1.211632 0.024512
v 2.730303 1.108991 0.013672
v 2.730303 0.459447 0.013672
v 2.730303 0.459447 0.013672
v 2.730303 1.108991 0.013672
v 2.738184 1.108991 -0.119605
v 2.738184 0.459447 -0.119605
v 2.921491 0.459447 -0.108765
v 2.913609 0.459447 0.024512
v 2.730303 0.459447 0.013672
v 2.738184 0.459447 -0.119605
v 2.913609 1.211632 0.024512
v 2.921491 1.211632 -0.108765
v 2.738184 1.108991 -0.119605
v 2.730303 1.108991 0.013672
v 3.096916 1.108991 0.035352
v 3.104797 1.108991 -0.097925
v 2.921491 1.211632 -0.108765
v 2.913609 1.211632 0.024512
v 3.104797 0.459447 -0.097925
v 3.096916 0.459447 0.035352
v 3.096916 0.459447 0.035352
v 3.096916 1.108991 0.035352
v 2.738184 0.459447 -0.119605
v 2.738184 1.108991 -0.119605
vn 0.0590 -0.0000 -0.9983
vn 0.9983 -0.0000 0.0590
vn -0.0590 -0.0000 0.9983
vn -0.9983 -0.0000 -0.0590
vn -0.0000 -1.0000 -0.0000
vn -0.4871 0.8729 -0.0288
vn 0.4871 0.8729 0.0288
vt 0.375000 0.875000
vt 0.625000 0.875000
vt 0.625000 0.750000
vt 0.375000 0.750000
vt 0.625000 0.500000
vt 0.375000 0.500000
vt 0.375000 0.375000
vt 0.625000 0.375000
vt 0.625000 0.250000
vt 0.375000 0.250000
vt 0.625000 0.000000
vt 0.375000 0.000000
vt 0.125000 0.375000
vt 0.125000 0.250000
vt 0.875000 0.375000
vt 0.875000 0.250000
vt 0.875000 0.500000
vt 0.125000 0.500000
vt 0.375000 1.000000
vt 0.625000 1.000000
s 0
usemtl white
f 2019/451/280 2020/452/280 2021/453/280
f 2019/451/280 2021/453/280 2022/454/280
f 2023/454/281 2024/453/281 2025/455/281
f 2023/454/281 2025/455/281 2026/456/281
f 2027/457/282 2028/458/282 2029/459/282
f 2027/457/282 2029/459/282 2030/460/282
f 2031/460/283 2032/459/283 2033/461/283
f 2031/460/283 2033/461/283 2034/462/283
f 2035/463/284 2036/457/284 2037/460/284
f 2035/463/284 2037/460/284 2038/464/284
f 2039/458/285 2040/465/285 2041/466/285
f 2039/458/285 2041/466/285 2042/459/285
f 2043/455/286 2044/467/286 2045/465/286
f 2043/455/286 2045/465/286 2046/458/286
f 2047/468/284 2048/456/284 2036/457/284
f 2047/468/284 2036/457/284 2035/463/284
f 2049/456/282 2050/455/282 2028/458/282
f 2049/456/282 2028/458/282 2027/457/282
f 2051/469/280 2052/470/280 2020/452/280
f 2051/469/280 2020/452/280 2019/451/280
o block.002_white_0
v -3.160554 0.412620 4.014034
v -3.160554 1.164804 4.014035
v -3.149714 1.062163 3.830728
v -3.149714 0.412620 3.830728
v -3.149714 0.412620 3.830728
v -3.149714 1.062163 3.830728
v -3.016437 1.062163 3.838610
v -3.016437 0.412620 3.838610
v -3.027277 0.412620 4.021916
v -3.027277 1.164804 4.021916
v -3.038117 1.062163 4.205223
v -3.038117 0.412620 4.205223
v -3.038117 0.412620 4.205223
v -3.038117 1.062163 4.205223
v -3.171394 1.062163 4.197341
v -3.171394 0.412620 4.197341
v -3.160554 0.412620 4.014034
v -3.027277 0.412620 4.021916
v -3.038117 0.412620 4.205223
v -3.171394 0.412620 4.197341
v -3.027277 1.164804 4.021916
v -3.160554 1.164804 4.014035
v -3.171394 1.062163 4.197341
v -3.038117 1.062163 4.205223
v -3.016437 1.062163 3.838610
v -3.149714 1.062163 3.830728
v -3.160554 1.164804 4.014035
v -3.027277 1.164804 4.021916
v -3.149714 0.412620 3.830728
v -3.016437 0.412620 3.838610
v -3.016437 0.412620 3.838610
v -3.016437 1.062163 3.838610
v -3.171394 0.412620 4.197341
v -3.171394 1.062163 4.197341
vn -0.9983 -0.0000 -0.0590
vn 0.0590 -0.0000 -0.9983
vn 0.9983 -0.0000 0.0590
vn -0.0590 -0.0000 0.9983
vn -0.0000 -1.0000 -0.0000
vn -0.0288 0.8729 0.4871
vn 0.0288 0.8729 -0.4871
vt 0.375000 0.875000
vt 0.625000 0.875000
vt 0.625000 0.750000
vt 0.375000 0.750000
vt 0.625000 0.500000
vt 0.375000 0.500000
vt 0.375000 0.375000
vt 0.625000 0.375000
vt 0.625000 0.250000
vt 0.375000 0.250000
vt 0.625000 0.000000
vt 0.375000 0.000000
vt 0.125000 0.375000
vt 0.125000 0.250000
vt 0.875000 0.375000
vt 0.875000 0.250000
vt 0.875000 0.500000
vt 0.125000 0.500000
vt 0.375000 1.000000
vt 0.625000 1.000000
s 0
usemtl white
f 2053/471/287 2054/472/287 2055/473/287
f 2053/471/287 2055/473/287 2056/474/287
f 2057/474/288 2058/473/288 2059/475/288
f 2057/474/288 2059/475/288 2060/476/288
f 2061/477/289 2062/478/289 2063/479/289
f 2061/477/289 2063/479/289 2064/480/289
f 2065/480/290 2066/479/290 2067/481/290
f 2065/480/290 2067/481/290 2068/482/290
f 2069/483/291 2070/477/291 2071/480/291
f 2069/483/291 2071/480/291 2072/484/291
f 2073/478/292 2074/485/292 2075/486/292
f 2073/478/292 2075/486/292 2076/479/292
f 2077/475/293 2078/487/293 2079/485/293
f 2077/475/293 2079/485/293 2080/478/293
f 2081/488/291 2082/476/291 2070/477/291
f 2081/488/291 2070/477/291 2069/483/291
f 2083/476/289 2084/475/289 2062/478/289
f 2083/476/289 2062/478/289 2061/477/289
f 2085/489/287 2086/490/287 2054/472/287
f 2085/489/287 2054/472/287 2053/471/287
o block.001_white_0
v -3.112557 0.412620 3.202402
v -3.112557 1.164804 3.202402
v -3.101717 1.062163 3.019096
v -3.101717 0.412620 3.019096
v -3.101717 0.412620 3.019096
v -3.101717 1.062163 3.019096
v -2.968439 1.062163 3.026978
v -2.968439 0.412620 3.026978
v -2.979280 0.412620 3.210284
v -2.979280 1.164804 3.210284
v -2.990120 1.062163 3.393590
v -2.990120 0.412620 3.393590
v -2.990120 0.412620 3.393590
v -2.990120 1.062163 3.393590
v -3.123397 1.062163 3.385709
v -3.123397 0.412620 3.385709
v -3.112557 0.412620 3.202402
v -2.979280 0.412620 3.210284
v -2.990120 0.412620 3.393590
v -3.123397 0.412620 3.385709
v -2.979280 1.164804 3.210284
v -3.112557 1.164804 3.202402
v -3.123397 1.062163 3.385709
v -2.990120 1.062163 3.393590
v -2.968439 1.062163 3.026978
v -3.101717 1.062163 3.019096
v -3.112557 1.164804 3.202402
v -2.979280 1.164804 3.210284
v -3.101717 0.412620 3.019096
v -2.968439 0.412620 3.026978
v -2.968439 0.412620 3.026978
v -2.968439 1.062163 3.026978
v -3.123397 0.412620 3.385709
v -3.123397 1.062163 3.385709
vn -0.9983 -0.0000 -0.0590
vn 0.0590 -0.0000 -0.9983
vn 0.9983 -0.0000 0.0590
vn -0.0590 -0.0000 0.9983
vn -0.0000 -1.0000 -0.0000
vn -0.0288 0.8729 0.4871
vn 0.0288 0.8729 -0.4871
vt 0.375000 0.875000
vt 0.625000 0.875000
vt 0.625000 0.750000
vt 0.375000 0.750000
vt 0.625000 0.500000
vt 0.375000 0.500000
vt 0.375000 0.375000
vt 0.625000 0.375000
vt 0.625000 0.250000
vt 0.375000 0.250000
vt 0.625000 0.000000
vt 0.375000 0.000000
vt 0.125000 0.375000
vt 0.125000 0.250000
vt 0.875000 0.375000
vt 0.875000 0.250000
vt 0.875000 0.500000
vt 0.125000 0.500000
vt 0.375000 1.000000
vt 0.625000 1.000000
s 0
usemtl white
f 2087/491/294 2088/492/294 2089/493/294
f 2087/491/294 2089/493/294 2090/494/294
f 2091/494/295 2092/493/295 2093/495/295
f 2091/494/295 2093/495/295 2094/496/295
f 2095/497/296 2096/498/296 2097/499/296
f 2095/497/296 2097/499/296 2098/500/296
f 2099/500/297 2100/499/297 2101/501/297
f 2099/500/297 2101/501/297 2102/502/297
f 2103/503/298 2104/497/298 2105/500/298
f 2103/503/298 2105/500/298 2106/504/298
f 2107/498/299 2108/505/299 2109/506/299
f 2107/498/299 2109/506/299 2110/499/299
f 2111/495/300 2112/507/300 2113/505/300
f 2111/495/300 2113/505/300 2114/498/300
f 2115/508/298 2116/496/298 2104/497/298
f 2115/508/298 2104/497/298 2103/503/298
f 2117/496/296 2118/495/296 2096/498/296
f 2117/496/296 2096/498/296 2095/497/296
f 2119/509/294 2120/510/294 2088/492/294
f 2119/509/294 2088/492/294 2087/491/294
o block.003_white_0
v -3.060922 0.412620 2.329269
v -3.060922 1.164804 2.329269
v -3.050082 1.062163 2.145962
v -3.050082 0.412620 2.145962
v -3.050082 0.412620 2.145962
v -3.050082 1.062163 2.145962
v -2.916805 1.062163 2.153844
v -2.916805 0.412620 2.153844
v -2.927645 0.412620 2.337150
v -2.927645 1.164804 2.337150
v -2.938485 1.062163 2.520457
v -2.938485 0.412620 2.520457
v -2.938485 0.412620 2.520457
v -2.938485 1.062163 2.520457
v -3.071763 1.062163 2.512575
v -3.071763 0.412620 2.512575
v -3.060922 0.412620 2.329269
v -2.927645 0.412620 2.337150
v -2.938485 0.412620 2.520457
v -3.071763 0.412620 2.512575
v -2.927645 1.164804 2.337150
v -3.060922 1.164804 2.329269
v -3.071763 1.062163 2.512575
v -2.938485 1.062163 2.520457
v -2.916805 1.062163 2.153844
v -3.050082 1.062163 2.145962
v -3.060922 1.164804 2.329269
v -2.927645 1.164804 2.337150
v -3.050082 0.412620 2.145962
v -2.916805 0.412620 2.153844
v -2.916805 0.412620 2.153844
v -2.916805 1.062163 2.153844
v -3.071763 0.412620 2.512575
v -3.071763 1.062163 2.512575
vn -0.9983 -0.0000 -0.0590
vn 0.0590 -0.0000 -0.9983
vn 0.9983 -0.0000 0.0590
vn -0.0590 -0.0000 0.9983
vn -0.0000 -1.0000 -0.0000
vn -0.0288 0.8729 0.4871
vn 0.0288 0.8729 -0.4871
vt 0.375000 0.875000
vt 0.625000 0.875000
vt 0.625000 0.750000
vt 0.375000 0.750000
vt 0.625000 0.500000
vt 0.375000 0.500000
vt 0.375000 0.375000
vt 0.625000 0.375000
vt 0.625000 0.250000
vt 0.375000 0.250000
vt 0.625000 0.000000
vt 0.375000 0.000000
vt 0.125000 0.375000
vt 0.125000 0.250000
vt 0.875000 0.375000
vt 0.875000 0.250000
vt 0.875000 0.500000
vt 0.125000 0.500000
vt 0.375000 1.000000
vt 0.625000 1.000000
s 0
usemtl white
f 2121/511/301 2122/512/301 2123/513/301
f 2121/511/301 2123/513/301 2124/514/301
f 2125/514/302 2126/513/302 2127/515/302
f 2125/514/302 2127/515/302 2128/516/302
f 2129/517/303 2130/518/303 2131/519/303
f 2129/517/303 2131/519/303 2132/520/303
f 2133/520/304 2134/519/304 2135/521/304
f 2133/520/304 2135/521/304 2136/522/304
f 2137/523/305 2138/517/305 2139/520/305
f 2137/523/305 2139/520/305 2140/524/305
f 2141/518/306 2142/525/306 2143/526/306
f 2141/518/306 2143/526/306 2144/519/306
f 2145/515/307 2146/527/307 2147/525/307
f 2145/515/307 2147/525/307 2148/518/307
f 2149/528/305 2150/516/305 2138/517/305
f 2149/528/305 2138/517/305 2137/523/305
f 2151/516/303 2152/515/303 2130/518/303
f 2151/516/303 2130/518/303 2129/517/303
f 2153/529/301 2154/530/301 2122/512/301
f 2153/529/301 2122/512/301 2121/511/301
o block.004_white_0
v -3.001058 0.412620 1.316981
v -3.001058 1.164804 1.316981
v -2.990217 1.062163 1.133675
v -2.990217 0.412620 1.133675
v -2.990217 0.412620 1.133675
v -2.990217 1.062163 1.133675
v -2.856940 1.062163 1.141556
v -2.856940 0.412620 1.141556
v -2.867780 0.412620 1.324863
v -2.867780 1.164804 1.324863
v -2.878621 1.062163 1.508169
v -2.878621 0.412620 1.508169
v -2.878621 0.412620 1.508169
v -2.878621 1.062163 1.508169
v -3.011898 1.062163 1.500288
v -3.011898 0.412620 1.500287
v -3.001058 0.412620 1.316981
v -2.867780 0.412620 1.324863
v -2.878621 0.412620 1.508169
v -3.011898 0.412620 1.500287
v -2.867780 1.164804 1.324863
v -3.001058 1.164804 1.316981
v -3.011898 1.062163 1.500288
v -2.878621 1.062163 1.508169
v -2.856940 1.062163 1.141556
v -2.990217 1.062163 1.133675
v -3.001058 1.164804 1.316981
v -2.867780 1.164804 1.324863
v -2.990217 0.412620 1.133675
v -2.856940 0.412620 1.141556
v -2.856940 0.412620 1.141556
v -2.856940 1.062163 1.141556
v -3.011898 0.412620 1.500287
v -3.011898 1.062163 1.500288
vn -0.9983 -0.0000 -0.0590
vn 0.0590 -0.0000 -0.9983
vn 0.9983 -0.0000 0.0590
vn -0.0590 -0.0000 0.9983
vn -0.0000 -1.0000 -0.0000
vn -0.0288 0.8729 0.4871
vn 0.0288 0.8729 -0.4871
vt 0.375000 0.875000
vt 0.625000 0.875000
vt 0.625000 0.750000
vt 0.375000 0.750000
vt 0.625000 0.500000
vt 0.375000 0.500000
vt 0.375000 0.375000
vt 0.625000 0.375000
vt 0.625000 0.250000
vt 0.375000 0.250000
vt 0.625000 0.000000
vt 0.375000 0.000000
vt 0.125000 0.375000
vt 0.125000 0.250000
vt 0.875000 0.375000
vt 0.875000 0.250000
vt 0.875000 0.500000
vt 0.125000 0.500000
vt 0.375000 1.000000
vt 0.625000 1.000000
s 0
usemtl white
f 2155/531/308 2156/532/308 2157/533/308
f 2155/531/308 2157/533/308 2158/534/308
f 2159/534/309 2160/533/309 2161/535/309
f 2159/534/309 2161/535/309 2162/536/309
f 2163/537/310 2164/538/310 2165/539/310
f 2163/537/310 2165/539/310 2166/540/310
f 2167/540/311 2168/539/311 2169/541/311
f 2167/540/311 2169/541/311 2170/542/311
f 2171/543/312 2172/537/312 2173/540/312
f 2171/543/312 2173/540/312 2174/544/312
f 2175/538/313 2176/545/313 2177/546/313
f 2175/538/313 2177/546/313 2178/539/313
f 2179/535/314 2180/547/314 2181/545/314
f 2179/535/314 2181/545/314 2182/538/314
f 2183/548/312 2184/536/312 2172/537/312
f 2183/548/312 2172/537/312 2171/543/312
f 2185/536/310 2186/535/310 2164/538/310
f 2185/536/310 2164/538/310 2163/537/310
f 2187/549/308 2188/550/308 2156/532/308
f 2187/549/308 2156/532/308 2155/531/308
o block.005_white_0
v -2.943703 0.412620 0.294431
v -2.943703 1.164804 0.294431
v -2.932863 1.062163 0.111125
v -2.932863 0.412620 0.111125
v -2.932863 0.412620 0.111125
v -2.932863 1.062163 0.111125
v -2.799586 1.062163 0.119006
v -2.799586 0.412620 0.119006
v -2.810426 0.412620 0.302313
v -2.810426 1.164804 0.302313
v -2.821266 1.062163 0.485619
v -2.821266 0.412620 0.485619
v -2.821266 0.412620 0.485619
v -2.821266 1.062163 0.485619
v -2.954543 1.062163 0.477738
v -2.954543 0.412620 0.477737
v -2.943703 0.412620 0.294431
v -2.810426 0.412620 0.302313
v -2.821266 0.412620 0.485619
v -2.954543 0.412620 0.477737
v -2.810426 1.164804 0.302313
v -2.943703 1.164804 0.294431
v -2.954543 1.062163 0.477738
v -2.821266 1.062163 0.485619
v -2.799586 1.062163 0.119006
v -2.932863 1.062163 0.111125
v -2.943703 1.164804 0.294431
v -2.810426 1.164804 0.302313
v -2.932863 0.412620 0.111125
v -2.799586 0.412620 0.119006
v -2.799586 0.412620 0.119006
v -2.799586 1.062163 0.119006
v -2.954543 0.412620 0.477737
v -2.954543 1.062163 0.477738
vn -0.9983 -0.0000 -0.0590
vn 0.0590 -0.0000 -0.9983
vn 0.9983 -0.0000 0.0590
vn -0.0590 -0.0000 0.9983
vn -0.0000 -1.0000 -0.0000
vn -0.0288 0.8729 0.4871
vn 0.0288 0.8729 -0.4871
vt 0.375000 0.875000
vt 0.625000 0.875000
vt 0.625000 0.750000
vt 0.375000 0.750000
vt 0.625000 0.500000
vt 0.375000 0.500000
vt 0.375000 0.375000
vt 0.625000 0.375000
vt 0.625000 0.250000
vt 0.375000 0.250000
vt 0.625000 0.000000
vt 0.375000 0.000000
vt 0.125000 0.375000
vt 0.125000 0.250000
vt 0.875000 0.375000
vt 0.875000 0.250000
vt 0.875000 0.500000
vt 0.125000 0.500000
vt 0.375000 1.000000
vt 0.625000 1.000000
s 0
usemtl white
f 2189/551/315 2190/552/315 2191/553/315
f 2189/551/315 2191/553/315 2192/554/315
f 2193/554/316 2194/553/316 2195/555/316
f 2193/554/316 2195/555/316 2196/556/316
f 2197/557/317 2198/558/317 2199/559/317
f 2197/557/317 2199/559/317 2200/560/317
f 2201/560/318 2202/559/318 2203/561/318
f 2201/560/318 2203/561/318 2204/562/318
f 2205/563/319 2206/557/319 2207/560/319
f 2205/563/319 2207/560/319 2208/564/319
f 2209/558/320 2210/565/320 2211/566/320
f 2209/558/320 2211/566/320 2212/559/320
f 2213/555/321 2214/567/321 2215/565/321
f 2213/555/321 2215/565/321 2216/558/321
f 2217/568/319 2218/556/319 2206/557/319
f 2217/568/319 2206/557/319 2205/563/319
f 2219/556/317 2220/555/317 2198/558/317
f 2219/556/317 2198/558/317 2197/557/317
f 2221/569/315 2222/570/315 2190/552/315
f 2221/569/315 2190/552/315 2189/551/315
o block.006_white_0
v -1.356423 0.459447 -0.361750
v -1.356423 1.211632 -0.361750
v -1.173117 1.108991 -0.350909
v -1.173117 0.459447 -0.350910
v -1.173117 0.459447 -0.350910
v -1.173117 1.108991 -0.350909
v -1.180998 1.108991 -0.217632
v -1.180998 0.459447 -0.217632
v -1.364305 0.459447 -0.228472
v -1.364305 1.211632 -0.228472
v -1.547611 1.108991 -0.239313
v -1.547611 0.459447 -0.239313
v -1.547611 0.459447 -0.239313
v -1.547611 1.108991 -0.239313
v -1.539729 1.108991 -0.372590
v -1.539729 0.459447 -0.372590
v -1.356423 0.459447 -0.361750
v -1.364305 0.459447 -0.228472
v -1.547611 0.459447 -0.239313
v -1.539729 0.459447 -0.372590
v -1.364305 1.211632 -0.228472
v -1.356423 1.211632 -0.361750
v -1.539729 1.108991 -0.372590
v -1.547611 1.108991 -0.239313
v -1.180998 1.108991 -0.217632
v -1.173117 1.108991 -0.350909
v -1.356423 1.211632 -0.361750
v -1.364305 1.211632 -0.228472
v -1.173117 0.459447 -0.350910
v -1.180998 0.459447 -0.217632
v -1.180998 0.459447 -0.217632
v -1.180998 1.108991 -0.217632
v -1.539729 0.459447 -0.372590
v -1.539729 1.108991 -0.372590
vn 0.0590 -0.0000 -0.9983
vn 0.9983 -0.0000 0.0590
vn -0.0590 -0.0000 0.9983
vn -0.9983 -0.0000 -0.0590
vn -0.0000 -1.0000 -0.0000
vn -0.4871 0.8729 -0.0288
vn 0.4871 0.8729 0.0288
vt 0.375000 0.875000
vt 0.625000 0.875000
vt 0.625000 0.750000
vt 0.375000 0.750000
vt 0.625000 0.500000
vt 0.375000 0.500000
vt 0.375000 0.375000
vt 0.625000 0.375000
vt 0.625000 0.250000
vt 0.375000 0.250000
vt 0.625000 0.000000
vt 0.375000 0.000000
vt 0.125000 0.375000
vt 0.125000 0.250000
vt 0.875000 0.375000
vt 0.875000 0.250000
vt 0.875000 0.500000
vt 0.125000 0.500000
vt 0.375000 1.000000
vt 0.625000 1.000000
s 0
usemtl white
f 2223/571/322 2224/572/322 2225/573/322
f 2223/571/322 2225/573/322 2226/574/322
f 2227/574/323 2228/573/323 2229/575/323
f 2227/574/323 2229/575/323 2230/576/323
f 2231/577/324 2232/578/324 2233/579/324
f 2231/577/324 2233/579/324 2234/580/324
f 2235/580/325 2236/579/325 2237/581/325
f 2235/580/325 2237/581/325 2238/582/325
f 2239/583/326 2240/577/326 2241/580/326
f 2239/583/326 2241/580/326 2242/584/326
f 2243/578/327 2244/585/327 2245/586/327
f 2243/578/327 2245/586/327 2246/579/327
f 2247/575/328 2248/587/328 2249/585/328
f 2247/575/328 2249/585/328 2250/578/328
f 2251/588/326 2252/576/326 2240/577/326
f 2251/588/326 2240/577/326 2239/583/326
f 2253/576/324 2254/575/324 2232/578/324
f 2253/576/324 2232/578/324 2231/577/324
f 2255/589/322 2256/590/322 2224/572/322
f 2255/589/322 2224/572/322 2223/571/322
o block_white_0
v -2.148761 0.459447 -0.408606
v -2.148761 1.211632 -0.408606
v -1.965455 1.108991 -0.397766
v -1.965455 0.459447 -0.397766
v -1.965455 0.459447 -0.397766
v -1.965455 1.108991 -0.397766
v -1.973337 1.108991 -0.264488
v -1.973337 0.459447 -0.264488
v -2.156643 0.459447 -0.275329
v -2.156643 1.211632 -0.275329
v -2.339949 1.108991 -0.286169
v -2.339949 0.459447 -0.286169
v -2.339949 0.459447 -0.286169
v -2.339949 1.108991 -0.286169
v -2.332068 1.108991 -0.419446
v -2.332068 0.459447 -0.419446
v -2.148761 0.459447 -0.408606
v -2.156643 0.459447 -0.275329
v -2.339949 0.459447 -0.286169
v -2.332068 0.459447 -0.419446
v -2.156643 1.211632 -0.275329
v -2.148761 1.211632 -0.408606
v -2.332068 1.108991 -0.419446
v -2.339949 1.108991 -0.286169
v -1.973337 1.108991 -0.264488
v -1.965455 1.108991 -0.397766
v -2.148761 1.211632 -0.408606
v -2.156643 1.211632 -0.275329
v -1.965455 0.459447 -0.397766
v -1.973337 0.459447 -0.264488
v -1.973337 0.459447 -0.264488
v -1.973337 1.108991 -0.264488
v -2.332068 0.459447 -0.419446
v -2.332068 1.108991 -0.419446
vn 0.0590 -0.0000 -0.9983
vn 0.9983 -0.0000 0.0590
vn -0.0590 -0.0000 0.9983
vn -0.9983 -0.0000 -0.0590
vn -0.0000 -1.0000 -0.0000
vn -0.4871 0.8729 -0.0288
vn 0.4871 0.8729 0.0288
vt 0.375000 0.875000
vt 0.625000 0.875000
vt 0.625000 0.750000
vt 0.375000 0.750000
vt 0.625000 0.500000
vt 0.375000 0.500000
vt 0.375000 0.375000
vt 0.625000 0.375000
vt 0.625000 0.250000
vt 0.375000 0.250000
vt 0.625000 0.000000
vt 0.375000 0.000000
vt 0.125000 0.375000
vt 0.125000 0.250000
vt 0.875000 0.375000
vt 0.875000 0.250000
vt 0.875000 0.500000
vt 0.125000 0.500000
vt 0.375000 1.000000
vt 0.625000 1.000000
s 0
usemtl white
f 2257/591/329 2258/592/329 2259/593/329
f 2257/591/329 2259/593/329 2260/594/329
f 2261/594/330 2262/593/330 2263/595/330
f 2261/594/330 2263/595/330 2264/596/330
f 2265/597/331 2266/598/331 2267/599/331
f 2265/597/331 2267/599/331 2268/600/331
f 2269/600/332 2270/599/332 2271/601/332
f 2269/600/332 2271/601/332 2272/602/332
f 2273/603/333 2274/597/333 2275/600/333
f 2273/603/333 2275/600/333 2276/604/333
f 2277/598/334 2278/605/334 2279/606/334
f 2277/598/334 2279/606/334 2280/599/334
f 2281/595/335 2282/607/335 2283/605/335
f 2281/595/335 2283/605/335 2284/598/335
f 2285/608/333 2286/596/333 2274/597/333
f 2285/608/333 2274/597/333 2273/603/333
f 2287/596/331 2288/595/331 2266/598/331
f 2287/596/331 2266/598/331 2265/597/331
f 2289/609/329 2290/610/329 2258/592/329
f 2289/609/329 2258/592/329 2257/591/329
o lampost_Material.010_0
v -2.528104 1.284534 4.122889
v -2.528104 1.709590 4.122889
v -2.604870 1.709590 4.212286
v -2.604870 1.284534 4.212286
v -2.604870 1.284534 4.212286
v -2.604870 1.709590 4.212286
v -2.718009 1.709590 4.169715
v -2.718009 1.284534 4.169715
v -2.718009 1.284534 4.169715
v -2.718009 1.709590 4.169715
v -2.711166 1.709590 4.054007
v -2.711166 1.284534 4.054007
v -2.718009 1.709590 4.169715
v -2.604870 1.709590 4.212286
v -2.592916 1.727519 4.255660
v -2.757442 1.727519 4.193752
v -2.711166 1.284534 4.054007
v -2.711166 1.709590 4.054007
v -2.593798 1.709590 4.025067
v -2.593798 1.284534 4.025066
v -2.593798 1.284534 4.025066
v -2.593798 1.709590 4.025067
v -2.528104 1.709590 4.122889
v -2.528104 1.284534 4.122889
v -2.576815 1.727519 3.983405
v -2.747492 1.727519 4.025489
v -2.765371 1.760152 4.011453
v -2.568456 1.760152 3.962899
v -2.528104 1.709590 4.122889
v -2.593798 1.709590 4.025067
v -2.576815 1.727519 3.983405
v -2.481282 1.727519 4.125658
v -2.604870 1.709590 4.212286
v -2.528104 1.709590 4.122889
v -2.481282 1.727519 4.125658
v -2.592916 1.727519 4.255660
v -2.711166 1.709590 4.054007
v -2.718009 1.709590 4.169715
v -2.757442 1.727519 4.193752
v -2.747492 1.727519 4.025489
v -2.593798 1.709590 4.025067
v -2.711166 1.709590 4.054007
v -2.747492 1.727519 4.025489
v -2.576815 1.727519 3.983405
v -2.458236 1.760152 4.127021
v -2.568456 1.760152 3.962899
v -2.560610 1.780256 3.943651
v -2.436604 1.780256 4.128300
v -2.757442 1.727519 4.193752
v -2.592916 1.727519 4.255660
v -2.587032 1.760152 4.277008
v -2.776851 1.760152 4.205583
v -2.481282 1.727519 4.125658
v -2.576815 1.727519 3.983405
v -2.568456 1.760152 3.962899
v -2.458236 1.760152 4.127021
v -2.747492 1.727519 4.025489
v -2.757442 1.727519 4.193752
v -2.776851 1.760152 4.205583
v -2.765371 1.760152 4.011453
v -2.592916 1.727519 4.255660
v -2.481282 1.727519 4.125658
v -2.458236 1.760152 4.127021
v -2.587032 1.760152 4.277008
v -2.581509 1.780256 4.297047
v -2.436604 1.780256 4.128300
v -2.455459 1.798749 4.127185
v -2.586323 1.798749 4.279581
v -2.765371 1.760152 4.011453
v -2.776851 1.760152 4.205583
v -2.795070 1.780256 4.216689
v -2.782154 1.780256 3.998278
v -2.587032 1.760152 4.277008
v -2.458236 1.760152 4.127021
v -2.436604 1.780256 4.128300
v -2.581509 1.780256 4.297047
v -2.568456 1.760152 3.962899
v -2.765371 1.760152 4.011453
v -2.782154 1.780256 3.998278
v -2.560610 1.780256 3.943651
v -2.776851 1.760152 4.205583
v -2.587032 1.760152 4.277008
v -2.581509 1.780256 4.297047
v -2.795070 1.780256 4.216689
v -2.560610 1.780256 3.943651
v -2.782154 1.780256 3.998278
v -2.767526 1.798749 4.009761
v -2.567449 1.798749 3.960427
v -2.795070 1.780256 4.216689
v -2.581509 1.780256 4.297047
v -2.586323 1.798749 4.279581
v -2.779191 1.798749 4.207009
v -2.436604 1.780256 4.128300
v -2.560610 1.780256 3.943651
v -2.567449 1.798749 3.960427
v -2.455459 1.798749 4.127185
v -2.782154 1.780256 3.998278
v -2.795070 1.780256 4.216689
v -2.779191 1.798749 4.207009
v -2.767526 1.798749 4.009761
v -2.586323 1.798749 4.279581
v -2.455459 1.798749 4.127185
v -2.567449 1.798749 3.960427
v -2.767526 1.798749 4.009761
v -2.779191 1.798749 4.207009
vn 0.7587 -0.0000 0.6515
vn -0.3522 -0.0000 0.9359
vn -0.9983 -0.0000 -0.0590
vn -0.1557 -0.8970 0.4137
vn -0.2394 -0.0000 -0.9709
vn 0.8302 -0.0000 -0.5575
vn -0.2099 -0.4811 -0.8512
vn 0.3594 -0.9014 -0.2414
vn 0.3285 -0.9014 0.2821
vn -0.4264 -0.9042 -0.0252
vn -0.1058 -0.8970 -0.4291
vn 0.6301 -0.6511 -0.4232
vn -0.3087 -0.4811 0.8205
vn 0.7234 -0.4906 -0.4858
vn -0.8664 -0.4967 -0.0512
vn 0.6611 -0.4906 0.5677
vn 0.5887 0.6307 0.5056
vn -0.7524 -0.6572 -0.0445
vn 0.5758 -0.6511 0.4945
vn -0.1837 -0.6414 -0.7449
vn -0.2702 -0.6414 0.7180
vn -0.1876 0.6210 -0.7610
vn -0.2760 0.6210 0.7336
vn 0.6442 0.6307 -0.4326
vn -0.7696 0.6370 -0.0455
vn -0.0000 1.0000 -0.0000
vt 1.000000 0.500000
vt 1.000000 0.000000
vt 0.800000 0.000000
vt 0.800000 0.500000
vt 0.600000 0.000000
vt 0.600000 0.500000
vt 0.400000 0.000000
vt 0.400000 0.500000
vt 0.200000 0.000000
vt 0.200000 0.500000
vt 0.000000 0.000000
vt 0.000000 0.500000
vt 0.108932 0.944164
vt 0.250000 0.510000
vt 0.021746 0.675836
vt 0.391068 0.944164
vt 0.478254 0.675836
s 0
usemtl Material.010
f 2291/611/336 2292/612/336 2293/613/336
f 2291/611/336 2293/613/336 2294/614/336
f 2295/614/337 2296/613/337 2297/615/337
f 2295/614/337 2297/615/337 2298/616/337
f 2299/616/338 2300/615/338 2301/617/338
f 2299/616/338 2301/617/338 2302/618/338
f 2303/615/339 2304/613/339 2305/613/339
f 2303/615/339 2305/613/339 2306/615/339
f 2307/618/340 2308/617/340 2309/619/340
f 2307/618/340 2309/619/340 2310/620/340
f 2311/620/341 2312/619/341 2313/621/341
f 2311/620/341 2313/621/341 2314/622/341
f 2315/619/342 2316/617/342 2317/617/342
f 2315/619/342 2317/617/342 2318/619/342
f 2319/621/343 2320/619/343 2321/619/343
f 2319/621/343 2321/619/343 2322/621/343
f 2323/613/344 2324/612/344 2325/612/344
f 2323/613/344 2325/612/344 2326/613/344
f 2327/617/345 2328/615/345 2329/615/345
f 2327/617/345 2329/615/345 2330/617/345
f 2331/619/346 2332/617/346 2333/617/346
f 2331/619/346 2333/617/346 2334/619/346
f 2335/621/347 2336/619/347 2337/619/347
f 2335/621/347 2337/619/347 2338/621/347
f 2339/615/348 2340/613/348 2341/613/348
f 2339/615/348 2341/613/348 2342/615/348
f 2343/621/349 2344/619/349 2345/619/349
f 2343/621/349 2345/619/349 2346/621/349
f 2347/617/350 2348/615/350 2349/615/350
f 2347/617/350 2349/615/350 2350/617/350
f 2351/613/351 2352/612/351 2353/612/351
f 2351/613/351 2353/612/351 2354/613/351
f 2355/613/352 2356/612/352 2357/612/352
f 2355/613/352 2357/612/352 2358/613/352
f 2359/617/353 2360/615/353 2361/615/353
f 2359/617/353 2361/615/353 2362/617/353
f 2363/613/354 2364/612/354 2365/612/354
f 2363/613/354 2365/612/354 2366/613/354
f 2367/619/355 2368/617/355 2369/617/355
f 2367/619/355 2369/617/355 2370/619/355
f 2371/615/356 2372/613/356 2373/613/356
f 2371/615/356 2373/613/356 2374/615/356
f 2375/619/357 2376/617/357 2377/617/357
f 2375/619/357 2377/617/357 2378/619/357
f 2379/615/358 2380/613/358 2381/613/358
f 2379/615/358 2381/613/358 2382/615/358
f 2383/621/359 2384/619/359 2385/619/359
f 2383/621/359 2385/619/359 2386/621/359
f 2387/617/360 2388/615/360 2389/615/360
f 2387/617/360 2389/615/360 2390/617/360
f 2394/623/361 2392/624/361 2393/625/361
f 2392/624/361 2394/623/361 2395/626/361
f 2392/624/361 2395/626/361 2391/627/361
o lampost_Material.011_0
v -2.711166 1.284534 4.054007
v -2.593798 1.284534 4.025066
v -2.585031 1.282112 4.003558
v -2.729919 1.282112 4.039284
v -2.585031 1.282112 4.003558
v -2.503932 1.282112 4.124318
v -2.503932 0.581387 4.124318
v -2.585031 0.581387 4.003558
v -2.604870 1.284534 4.212286
v -2.718009 1.284534 4.169715
v -2.738367 1.282112 4.182124
v -2.598698 1.282112 4.234678
v -2.593798 1.284534 4.025066
v -2.528104 1.284534 4.122889
v -2.503932 1.282112 4.124318
v -2.585031 1.282112 4.003558
v -2.528104 1.284534 4.122889
v -2.604870 1.284534 4.212286
v -2.598698 1.282112 4.234678
v -2.503932 1.282112 4.124318
v -2.718009 1.284534 4.169715
v -2.711166 1.284534 4.054007
v -2.729919 1.282112 4.039284
v -2.738367 1.282112 4.182124
v -2.503932 0.581387 4.124318
v -2.598698 0.581387 4.234678
v -2.587488 0.581387 4.275353
v -2.460022 0.581387 4.126915
v -2.738367 1.282112 4.182124
v -2.729919 1.282112 4.039284
v -2.729919 0.581387 4.039284
v -2.738367 0.581387 4.182124
v -2.503932 1.282112 4.124318
v -2.598698 1.282112 4.234678
v -2.598698 0.581387 4.234678
v -2.503932 0.581387 4.124318
v -2.729919 1.282112 4.039284
v -2.585031 1.282112 4.003558
v -2.585031 0.581387 4.003558
v -2.729919 0.581387 4.039284
v -2.598698 1.282112 4.234678
v -2.738367 1.282112 4.182124
v -2.738367 0.581387 4.182124
v -2.598698 0.581387 4.234678
v -2.587488 0.581387 4.275353
v -2.775347 0.581387 4.204666
v -2.775347 0.488388 4.204666
v -2.587488 0.488388 4.275353
v -2.729919 0.581387 4.039284
v -2.585031 0.581387 4.003558
v -2.569104 0.581387 3.964488
v -2.763985 0.581387 4.012541
v -2.738367 0.581387 4.182124
v -2.775347 0.581387 4.204666
v -2.503932 0.581387 4.124318
v -2.460022 0.581387 4.126915
v -2.569104 0.581387 3.964488
v -2.460022 0.581387 4.126915
v -2.460022 0.488388 4.126915
v -2.569104 0.488388 3.964488
v -2.775347 0.581387 4.204666
v -2.763985 0.581387 4.012541
v -2.763985 0.488388 4.012541
v -2.775347 0.488388 4.204666
v -2.460022 0.581387 4.126915
v -2.587488 0.581387 4.275353
v -2.587488 0.488388 4.275353
v -2.460022 0.488388 4.126915
v -2.763985 0.581387 4.012541
v -2.569104 0.581387 3.964488
v -2.569104 0.488388 3.964488
v -2.763985 0.488388 4.012541
v -2.460022 0.488388 4.126915
v -2.587488 0.488388 4.275353
v -2.775347 0.488388 4.204666
v -2.763985 0.488388 4.012541
v -2.569104 0.488388 3.964488
vn -0.0306 0.9918 -0.1242
vn 0.8302 -0.0000 -0.5575
vn -0.0451 0.9918 0.1197
vn 0.1036 0.9922 -0.0696
vn 0.0946 0.9922 0.0813
vn -0.1225 0.9924 -0.0072
vn -0.0000 1.0000 -0.0000
vn -0.9983 -0.0000 -0.0590
vn 0.7587 -0.0000 0.6515
vn -0.2394 -0.0000 -0.9709
vn -0.3522 -0.0000 0.9359
vn -0.0000 -1.0000 -0.0000
vt 0.400000 0.500000
vt 0.200000 0.500000
vt 0.000000 0.500000
vt 0.800000 0.500000
vt 0.600000 0.500000
vt 1.000000 0.500000
vt 0.750000 0.510000
vt 0.608932 0.944164
vt 0.521746 0.675836
vt 0.891068 0.944164
vt 0.978254 0.675836
s 0
usemtl Material.011
f 2396/628/362 2397/629/362 2398/629/362
f 2396/628/362 2398/629/362 2399/628/362
f 2400/629/363 2401/630/363 2402/630/363
f 2400/629/363 2402/630/363 2403/629/363
f 2404/631/364 2405/632/364 2406/632/364
f 2404/631/364 2406/632/364 2407/631/364
f 2408/629/365 2409/630/365 2410/630/365
f 2408/629/365 2410/630/365 2411/629/365
f 2412/633/366 2413/631/366 2414/631/366
f 2412/633/366 2414/631/366 2415/633/366
f 2416/632/367 2417/628/367 2418/628/367
f 2416/632/367 2418/628/367 2419/632/367
f 2420/633/368 2421/631/368 2422/631/368
f 2420/633/368 2422/631/368 2423/633/368
f 2424/632/369 2425/628/369 2426/628/369
f 2424/632/369 2426/628/369 2427/632/369
f 2428/633/370 2429/631/370 2430/631/370
f 2428/633/370 2430/631/370 2431/633/370
f 2432/628/371 2433/629/371 2434/629/371
f 2432/628/371 2434/629/371 2435/628/371
f 2436/631/372 2437/632/372 2438/632/372
f 2436/631/372 2438/632/372 2439/631/372
f 2440/631/372 2441/632/372 2442/632/372
f 2440/631/372 2442/632/372 2443/631/372
f 2444/628/368 2445/629/368 2446/629/368
f 2444/628/368 2446/629/368 2447/628/368
f 2421/631/368 2448/632/368 2449/632/368
f 2421/631/368 2449/632/368 2422/631/368
f 2445/629/368 2450/630/368 2451/630/368
f 2445/629/368 2451/630/368 2446/629/368
f 2448/632/368 2444/628/368 2447/628/368
f 2448/632/368 2447/628/368 2449/632/368
f 2452/629/363 2453/630/363 2454/630/363
f 2452/629/363 2454/630/363 2455/629/363
f 2456/632/369 2457/628/369 2458/628/369
f 2456/632/369 2458/628/369 2459/632/369
f 2460/633/370 2461/631/370 2462/631/370
f 2460/633/370 2462/631/370 2463/633/370
f 2464/628/371 2465/629/371 2466/629/371
f 2464/628/371 2466/629/371 2467/628/371
f 2468/634/373 2471/635/373 2472/636/373
f 2471/635/373 2468/634/373 2470/637/373
f 2470/637/373 2468/634/373 2469/638/373
o light.002_transparentwhite_0
v -2.603399 2.012359 4.112043
v -2.633292 2.015539 4.110276
v -2.606363 2.012359 4.123555
v -2.606363 2.012359 4.123555
v -2.633292 2.015539 4.110276
v -2.613427 2.012359 4.133045
v -2.613427 2.012359 4.133045
v -2.633292 2.015539 4.110276
v -2.623515 2.012359 4.139069
v -2.623515 2.012359 4.139069
v -2.633292 2.015539 4.110276
v -2.635092 2.012359 4.140708
v -2.635092 2.012359 4.140708
v -2.633292 2.015539 4.110276
v -2.646394 2.012359 4.137715
v -2.646394 2.012359 4.137715
v -2.633292 2.015539 4.110276
v -2.655702 2.012359 4.130545
v -2.655702 2.012359 4.130545
v -2.633292 2.015539 4.110276
v -2.661598 2.012359 4.120289
v -2.661598 2.012359 4.120289
v -2.633292 2.015539 4.110276
v -2.663185 2.012359 4.108508
v -2.663185 2.012359 4.108508
v -2.633292 2.015539 4.110276
v -2.660221 2.012359 4.096996
v -2.660221 2.012359 4.096996
v -2.633292 2.015539 4.110276
v -2.653157 2.012359 4.087506
v -2.653157 2.012359 4.087506
v -2.633292 2.015539 4.110276
v -2.643069 2.012359 4.081483
v -2.643069 2.012359 4.081483
v -2.633292 2.015539 4.110276
v -2.631492 2.012359 4.079843
v -2.631492 2.012359 4.079843
v -2.633292 2.015539 4.110276
v -2.620190 2.012359 4.082836
v -2.620190 2.012359 4.082836
v -2.633292 2.015539 4.110276
v -2.610882 2.012359 4.090006
v -2.610882 2.012359 4.090006
v -2.633292 2.015539 4.110276
v -2.604986 2.012359 4.100263
v -2.604986 2.012359 4.100263
v -2.633292 2.015539 4.110276
v -2.603399 2.012359 4.112043
v -2.574655 2.002939 4.113743
v -2.603399 2.012359 4.112043
v -2.606363 2.012359 4.123555
v -2.580469 2.002939 4.136324
v -2.500337 1.786656 4.118138
v -2.483009 1.817709 4.119163
v -2.497911 1.817709 4.177036
v -2.513521 1.786656 4.169338
v -2.548164 1.987642 4.115310
v -2.574655 2.002939 4.113743
v -2.580469 2.002939 4.136324
v -2.556605 1.987642 4.148092
v -2.524944 1.967055 4.116683
v -2.548164 1.987642 4.115310
v -2.556605 1.987642 4.148092
v -2.535688 1.967055 4.158407
v -2.505888 1.941970 4.117810
v -2.524944 1.967055 4.116683
v -2.535688 1.967055 4.158407
v -2.518522 1.941970 4.166872
v -2.491729 1.913352 4.118648
v -2.505888 1.941970 4.117810
v -2.518522 1.941970 4.166872
v -2.505766 1.913352 4.173162
v -2.483009 1.882298 4.119163
v -2.491729 1.913352 4.118648
v -2.505766 1.913352 4.173162
v -2.497911 1.882298 4.177036
v -2.480065 1.850004 4.119337
v -2.483009 1.882298 4.119163
v -2.497911 1.882298 4.177036
v -2.495259 1.850004 4.178344
v -2.483009 1.817709 4.119163
v -2.480065 1.850004 4.119337
v -2.495259 1.850004 4.178344
v -2.497911 1.817709 4.177036
v -2.495259 1.850004 4.178344
v -2.497911 1.882298 4.177036
v -2.533424 1.882298 4.224745
v -2.531467 1.850004 4.226987
v -2.497911 1.817709 4.177036
v -2.495259 1.850004 4.178344
v -2.531467 1.850004 4.226987
v -2.533424 1.817709 4.224745
v -2.580469 2.002939 4.136324
v -2.606363 2.012359 4.123555
v -2.613427 2.012359 4.133045
v -2.594325 2.002939 4.154939
v -2.513521 1.786656 4.169338
v -2.497911 1.817709 4.177036
v -2.533424 1.817709 4.224745
v -2.544939 1.786656 4.211546
v -2.556605 1.987642 4.148092
v -2.580469 2.002939 4.136324
v -2.594325 2.002939 4.154939
v -2.576721 1.987642 4.175117
v -2.535688 1.967055 4.158407
v -2.556605 1.987642 4.148092
v -2.576721 1.987642 4.175117
v -2.561291 1.967055 4.192803
v -2.518522 1.941970 4.166872
v -2.535688 1.967055 4.158407
v -2.561291 1.967055 4.192803
v -2.548628 1.941970 4.207318
v -2.505766 1.913352 4.173162
v -2.518522 1.941970 4.166872
v -2.548628 1.941970 4.207318
v -2.539218 1.913352 4.218103
v -2.497911 1.882298 4.177036
v -2.505766 1.913352 4.173162
v -2.539218 1.913352 4.218103
v -2.533424 1.882298 4.224745
v -2.548628 1.941970 4.207318
v -2.561291 1.967055 4.192803
v -2.597856 1.967055 4.214635
v -2.591623 1.941970 4.232990
v -2.539218 1.913352 4.218103
v -2.548628 1.941970 4.207318
v -2.591623 1.941970 4.232990
v -2.586992 1.913352 4.246628
v -2.533424 1.882298 4.224745
v -2.539218 1.913352 4.218103
v -2.586992 1.913352 4.246628
v -2.584140 1.882298 4.255027
v -2.531467 1.850004 4.226987
v -2.533424 1.882298 4.224745
v -2.584140 1.882298 4.255027
v -2.583178 1.850004 4.257863
v -2.533424 1.817709 4.224745
v -2.531467 1.850004 4.226987
v -2.583178 1.850004 4.257863
v -2.584140 1.817709 4.255027
v -2.594325 2.002939 4.154939
v -2.613427 2.012359 4.133045
v -2.623515 2.012359 4.139069
v -2.614114 2.002939 4.166755
v -2.544939 1.786656 4.211546
v -2.533424 1.817709 4.224745
v -2.584140 1.817709 4.255027
v -2.589808 1.786656 4.238337
v -2.576721 1.987642 4.175117
v -2.594325 2.002939 4.154939
v -2.614114 2.002939 4.166755
v -2.605450 1.987642 4.192271
v -2.561291 1.967055 4.192803
v -2.576721 1.987642 4.175117
v -2.605450 1.987642 4.192271
v -2.597856 1.967055 4.214635
v -2.584140 1.817709 4.255027
v -2.583178 1.850004 4.257863
v -2.642517 1.850004 4.266269
v -2.642340 1.817709 4.263272
v -2.614114 2.002939 4.166755
v -2.623515 2.012359 4.139069
v -2.635092 2.012359 4.140708
v -2.636822 2.002939 4.169972
v -2.589808 1.786656 4.238337
v -2.584140 1.817709 4.255027
v -2.642340 1.817709 4.263272
v -2.641297 1.786656 4.245631
v -2.605450 1.987642 4.192271
v -2.614114 2.002939 4.166755
v -2.636822 2.002939 4.169972
v -2.638417 1.987642 4.196941
v -2.597856 1.967055 4.214635
v -2.605450 1.987642 4.192271
v -2.638417 1.987642 4.196941
v -2.639815 1.967055 4.220580
v -2.591623 1.941970 4.232990
v -2.597856 1.967055 4.214635
v -2.639815 1.967055 4.220580
v -2.640962 1.941970 4.239980
v -2.586992 1.913352 4.246628
v -2.591623 1.941970 4.232990
v -2.640962 1.941970 4.239980
v -2.641815 1.913352 4.254395
v -2.584140 1.882298 4.255027
v -2.586992 1.913352 4.246628
v -2.641815 1.913352 4.254395
v -2.642340 1.882298 4.263272
v -2.583178 1.850004 4.257863
v -2.584140 1.882298 4.255027
v -2.642340 1.882298 4.263272
v -2.642517 1.850004 4.266269
v -2.641815 1.913352 4.254395
v -2.640962 1.941970 4.239980
v -2.689134 1.941970 4.227223
v -2.695340 1.913352 4.240221
v -2.642340 1.882298 4.263272
v -2.641815 1.913352 4.254395
v -2.695340 1.913352 4.240221
v -2.699162 1.882298 4.248225
v -2.642517 1.850004 4.266269
v -2.642340 1.882298 4.263272
v -2.699162 1.882298 4.248225
v -2.700452 1.850004 4.250927
v -2.642340 1.817709 4.263272
v -2.642517 1.850004 4.266269
v -2.700452 1.850004 4.250927
v -2.699162 1.817709 4.248225
v -2.636822 2.002939 4.169972
v -2.635092 2.012359 4.140708
v -2.646394 2.012359 4.137715
v -2.658993 2.002939 4.164101
v -2.641297 1.786656 4.245631
v -2.642340 1.817709 4.263272
v -2.699162 1.817709 4.248225
v -2.691567 1.786656 4.232319
v -2.638417 1.987642 4.196941
v -2.636822 2.002939 4.169972
v -2.658993 2.002939 4.164101
v -2.670604 1.987642 4.188417
v -2.639815 1.967055 4.220580
v -2.638417 1.987642 4.196941
v -2.670604 1.987642 4.188417
v -2.680781 1.967055 4.209732
v -2.640962 1.941970 4.239980
v -2.639815 1.967055 4.220580
v -2.680781 1.967055 4.209732
v -2.689134 1.941970 4.227223
v -2.658993 2.002939 4.164101
v -2.646394 2.012359 4.137715
v -2.655702 2.012359 4.130545
v -2.677251 2.002939 4.150035
v -2.691567 1.786656 4.232319
v -2.699162 1.817709 4.248225
v -2.745956 1.817709 4.212176
v -2.732965 1.786656 4.200427
v -2.670604 1.987642 4.188417
v -2.658993 2.002939 4.164101
v -2.677251 2.002939 4.150035
v -2.697111 1.987642 4.167998
v -2.680781 1.967055 4.209732
v -2.670604 1.987642 4.188417
v -2.697111 1.987642 4.167998
v -2.714518 1.967055 4.183742
v -2.689134 1.941970 4.227223
v -2.680781 1.967055 4.209732
v -2.714518 1.967055 4.183742
v -2.728804 1.941970 4.196663
v -2.695340 1.913352 4.240221
v -2.689134 1.941970 4.227223
v -2.728804 1.941970 4.196663
v -2.739419 1.913352 4.206264
v -2.699162 1.882298 4.248225
v -2.695340 1.913352 4.240221
v -2.739419 1.913352 4.206264
v -2.745956 1.882298 4.212176
v -2.700452 1.850004 4.250927
v -2.699162 1.882298 4.248225
v -2.745956 1.882298 4.212176
v -2.748163 1.850004 4.214172
v -2.699162 1.817709 4.248225
v -2.700452 1.850004 4.250927
v -2.748163 1.850004 4.214172
v -2.745956 1.817709 4.212176
v -2.739419 1.913352 4.206264
v -2.728804 1.941970 4.196663
v -2.753933 1.941970 4.152950
v -2.767341 1.913352 4.157693
v -2.745956 1.882298 4.212176
v -2.739419 1.913352 4.206264
v -2.767341 1.913352 4.157693
v -2.775598 1.882298 4.160614
v -2.748163 1.850004 4.214172
v -2.745956 1.882298 4.212176
v -2.775598 1.882298 4.160614
v -2.778385 1.850004 4.161600
v -2.745956 1.817709 4.212176
v -2.748163 1.850004 4.214172
v -2.778385 1.850004 4.161600
v -2.775598 1.817709 4.160614
v -2.677251 2.002939 4.150035
v -2.655702 2.012359 4.130545
v -2.661598 2.012359 4.120289
v -2.688817 2.002939 4.129917
v -2.732965 1.786656 4.200427
v -2.745956 1.817709 4.212176
v -2.775598 1.817709 4.160614
v -2.759190 1.786656 4.154810
v -2.697111 1.987642 4.167998
v -2.677251 2.002939 4.150035
v -2.688817 2.002939 4.129917
v -2.713902 1.987642 4.138790
v -2.714518 1.967055 4.183742
v -2.697111 1.987642 4.167998
v -2.713902 1.987642 4.138790
v -2.735888 1.967055 4.146568
v -2.728804 1.941970 4.196663
v -2.714518 1.967055 4.183742
v -2.735888 1.967055 4.146568
v -2.753933 1.941970 4.152950
v -2.759190 1.786656 4.154810
v -2.775598 1.817709 4.160614
v -2.783575 1.817709 4.101388
v -2.766247 1.786656 4.102413
v -2.713902 1.987642 4.138790
v -2.688817 2.002939 4.129917
v -2.691929 2.002939 4.106808
v -2.718420 1.987642 4.105241
v -2.735888 1.967055 4.146568
v -2.713902 1.987642 4.138790
v -2.718420 1.987642 4.105241
v -2.741640 1.967055 4.103868
v -2.753933 1.941970 4.152950
v -2.735888 1.967055 4.146568
v -2.741640 1.967055 4.103868
v -2.760695 1.941970 4.102741
v -2.767341 1.913352 4.157693
v -2.753933 1.941970 4.152950
v -2.760695 1.941970 4.102741
v -2.774855 1.913352 4.101904
v -2.775598 1.882298 4.160614
v -2.767341 1.913352 4.157693
v -2.774855 1.913352 4.101904
v -2.783575 1.882298 4.101388
v -2.778385 1.850004 4.161600
v -2.775598 1.882298 4.160614
v -2.783575 1.882298 4.101388
v -2.786519 1.850004 4.101214
v -2.775598 1.817709 4.160614
v -2.778385 1.850004 4.161600
v -2.786519 1.850004 4.101214
v -2.783575 1.817709 4.101388
v -2.688817 2.002939 4.129917
v -2.661598 2.012359 4.120289
v -2.663185 2.012359 4.108508
v -2.691929 2.002939 4.106808
v -2.783575 1.882298 4.101388
v -2.774855 1.913352 4.101904
v -2.760818 1.913352 4.047389
v -2.768672 1.882298 4.043516
v -2.786519 1.850004 4.101214
v -2.783575 1.882298 4.101388
v -2.768672 1.882298 4.043516
v -2.771325 1.850004 4.042208
v -2.783575 1.817709 4.101388
v -2.786519 1.850004 4.101214
v -2.771325 1.850004 4.042208
v -2.768672 1.817709 4.043516
v -2.691929 2.002939 4.106808
v -2.663185 2.012359 4.108508
v -2.660221 2.012359 4.096996
v -2.686115 2.002939 4.084227
v -2.766247 1.786656 4.102413
v -2.783575 1.817709 4.101388
v -2.768672 1.817709 4.043516
v -2.753063 1.786656 4.051213
v -2.718420 1.987642 4.105241
v -2.691929 2.002939 4.106808
v -2.686115 2.002939 4.084227
v -2.709979 1.987642 4.072459
v -2.741640 1.967055 4.103868
v -2.718420 1.987642 4.105241
v -2.709979 1.987642 4.072459
v -2.730896 1.967055 4.062145
v -2.760695 1.941970 4.102741
v -2.741640 1.967055 4.103868
v -2.730896 1.967055 4.062145
v -2.748062 1.941970 4.053679
v -2.774855 1.913352 4.101904
v -2.760695 1.941970 4.102741
v -2.748062 1.941970 4.053679
v -2.760818 1.913352 4.047389
v -2.709979 1.987642 4.072459
v -2.686115 2.002939 4.084227
v -2.672259 2.002939 4.065612
v -2.689863 1.987642 4.045434
v -2.730896 1.967055 4.062145
v -2.709979 1.987642 4.072459
v -2.689863 1.987642 4.045434
v -2.705293 1.967055 4.027748
v -2.748062 1.941970 4.053679
v -2.730896 1.967055 4.062145
v -2.705293 1.967055 4.027748
v -2.717956 1.941970 4.013234
v -2.760818 1.913352 4.047389
v -2.748062 1.941970 4.053679
v -2.717956 1.941970 4.013234
v -2.727366 1.913352 4.002449
v -2.768672 1.882298 4.043516
v -2.760818 1.913352 4.047389
v -2.727366 1.913352 4.002449
v -2.733160 1.882298 3.995807
v -2.771325 1.850004 4.042208
v -2.768672 1.882298 4.043516
v -2.733160 1.882298 3.995807
v -2.735117 1.850004 3.993564
v -2.768672 1.817709 4.043516
v -2.771325 1.850004 4.042208
v -2.735117 1.850004 3.993564
v -2.733160 1.817709 3.995807
v -2.686115 2.002939 4.084227
v -2.660221 2.012359 4.096996
v -2.653157 2.012359 4.087506
v -2.672259 2.002939 4.065612
v -2.753063 1.786656 4.051213
v -2.768672 1.817709 4.043516
v -2.733160 1.817709 3.995807
v -2.721645 1.786656 4.009005
v -2.733160 1.882298 3.995807
v -2.727366 1.913352 4.002449
v -2.679592 1.913352 3.973923
v -2.682444 1.882298 3.965525
v -2.735117 1.850004 3.993564
v -2.733160 1.882298 3.995807
v -2.682444 1.882298 3.965525
v -2.683407 1.850004 3.962689
v -2.733160 1.817709 3.995807
v -2.735117 1.850004 3.993564
v -2.683407 1.850004 3.962689
v -2.682444 1.817709 3.965525
v -2.672259 2.002939 4.065612
v -2.653157 2.012359 4.087506
v -2.643069 2.012359 4.081483
v -2.652470 2.002939 4.053797
v -2.721645 1.786656 4.009005
v -2.733160 1.817709 3.995807
v -2.682444 1.817709 3.965525
v -2.676776 1.786656 3.982214
v -2.689863 1.987642 4.045434
v -2.672259 2.002939 4.065612
v -2.652470 2.002939 4.053797
v -2.661134 1.987642 4.028281
v -2.705293 1.967055 4.027748
v -2.689863 1.987642 4.045434
v -2.661134 1.987642 4.028281
v -2.668728 1.967055 4.005916
v -2.717956 1.941970 4.013234
v -2.705293 1.967055 4.027748
v -2.668728 1.967055 4.005916
v -2.674961 1.941970 3.987562
v -2.727366 1.913352 4.002449
v -2.717956 1.941970 4.013234
v -2.674961 1.941970 3.987562
v -2.679592 1.913352 3.973923
v -2.668728 1.967055 4.005916
v -2.661134 1.987642 4.028281
v -2.628167 1.987642 4.023611
v -2.626769 1.967055 3.999972
v -2.674961 1.941970 3.987562
v -2.668728 1.967055 4.005916
v -2.626769 1.967055 3.999972
v -2.625622 1.941970 3.980572
v -2.679592 1.913352 3.973923
v -2.674961 1.941970 3.987562
v -2.625622 1.941970 3.980572
v -2.624769 1.913352 3.966156
v -2.682444 1.882298 3.965525
v -2.679592 1.913352 3.973923
v -2.624769 1.913352 3.966156
v -2.624244 1.882298 3.957280
v -2.683407 1.850004 3.962689
v -2.682444 1.882298 3.965525
v -2.624244 1.882298 3.957280
v -2.624067 1.850004 3.954282
v -2.682444 1.817709 3.965525
v -2.683407 1.850004 3.962689
v -2.624067 1.850004 3.954282
v -2.624244 1.817709 3.957280
v -2.652470 2.002939 4.053797
v -2.643069 2.012359 4.081483
v -2.631492 2.012359 4.079843
v -2.629762 2.002939 4.050580
v -2.676776 1.786656 3.982214
v -2.682444 1.817709 3.965525
v -2.624244 1.817709 3.957280
v -2.625287 1.786656 3.974920
v -2.661134 1.987642 4.028281
v -2.652470 2.002939 4.053797
v -2.629762 2.002939 4.050580
v -2.628167 1.987642 4.023611
v -2.624067 1.850004 3.954282
v -2.624244 1.882298 3.957280
v -2.567422 1.882298 3.972327
v -2.566132 1.850004 3.969624
v -2.624244 1.817709 3.957280
v -2.624067 1.850004 3.954282
v -2.566132 1.850004 3.969624
v -2.567422 1.817709 3.972327
v -2.629762 2.002939 4.050580
v -2.631492 2.012359 4.079843
v -2.620190 2.012359 4.082836
v -2.607591 2.002939 4.056451
v -2.625287 1.786656 3.974920
v -2.624244 1.817709 3.957280
v -2.567422 1.817709 3.972327
v -2.575017 1.786656 3.988232
v -2.628167 1.987642 4.023611
v -2.629762 2.002939 4.050580
v -2.607591 2.002939 4.056451
v -2.595980 1.987642 4.032134
v -2.626769 1.967055 3.999972
v -2.628167 1.987642 4.023611
v -2.595980 1.987642 4.032134
v -2.585803 1.967055 4.010820
v -2.625622 1.941970 3.980572
v -2.626769 1.967055 3.999972
v -2.585803 1.967055 4.010820
v -2.577450 1.941970 3.993328
v -2.624769 1.913352 3.966156
v -2.625622 1.941970 3.980572
v -2.577450 1.941970 3.993328
v -2.571244 1.913352 3.980331
v -2.624244 1.882298 3.957280
v -2.624769 1.913352 3.966156
v -2.571244 1.913352 3.980331
v -2.567422 1.882298 3.972327
v -2.577450 1.941970 3.993328
v -2.585803 1.967055 4.010820
v -2.552066 1.967055 4.036810
v -2.537780 1.941970 4.023889
v -2.571244 1.913352 3.980331
v -2.577450 1.941970 3.993328
v -2.537780 1.941970 4.023889
v -2.527165 1.913352 4.014288
v -2.567422 1.882298 3.972327
v -2.571244 1.913352 3.980331
v -2.527165 1.913352 4.014288
v -2.520628 1.882298 4.008376
v -2.566132 1.850004 3.969624
v -2.567422 1.882298 3.972327
v -2.520628 1.882298 4.008376
v -2.518421 1.850004 4.006379
v -2.567422 1.817709 3.972327
v -2.566132 1.850004 3.969624
v -2.518421 1.850004 4.006379
v -2.520628 1.817709 4.008376
v -2.607591 2.002939 4.056451
v -2.620190 2.012359 4.082836
v -2.610882 2.012359 4.090006
v -2.589333 2.002939 4.070516
v -2.575017 1.786656 3.988232
v -2.567422 1.817709 3.972327
v -2.520628 1.817709 4.008376
v -2.533618 1.786656 4.020124
v -2.595980 1.987642 4.032134
v -2.607591 2.002939 4.056451
v -2.589333 2.002939 4.070516
v -2.569473 1.987642 4.052554
v -2.585803 1.967055 4.010820
v -2.595980 1.987642 4.032134
v -2.569473 1.987642 4.052554
v -2.552066 1.967055 4.036810
v -2.520628 1.817709 4.008376
v -2.518421 1.850004 4.006379
v -2.488199 1.850004 4.058951
v -2.490987 1.817709 4.059937
v -2.589333 2.002939 4.070516
v -2.610882 2.012359 4.090006
v -2.604986 2.012359 4.100263
v -2.577767 2.002939 4.090635
v -2.533618 1.786656 4.020124
v -2.520628 1.817709 4.008376
v -2.490987 1.817709 4.059937
v -2.507394 1.786656 4.065742
v -2.569473 1.987642 4.052554
v -2.589333 2.002939 4.070516
v -2.577767 2.002939 4.090635
v -2.552682 1.987642 4.081761
v -2.552066 1.967055 4.036810
v -2.569473 1.987642 4.052554
v -2.552682 1.987642 4.081761
v -2.530695 1.967055 4.073984
v -2.537780 1.941970 4.023889
v -2.552066 1.967055 4.036810
v -2.530695 1.967055 4.073984
v -2.512651 1.941970 4.067601
v -2.527165 1.913352 4.014288
v -2.537780 1.941970 4.023889
v -2.512651 1.941970 4.067601
v -2.499243 1.913352 4.062858
v -2.520628 1.882298 4.008376
v -2.527165 1.913352 4.014288
v -2.499243 1.913352 4.062858
v -2.490987 1.882298 4.059937
v -2.518421 1.850004 4.006379
v -2.520628 1.882298 4.008376
v -2.490987 1.882298 4.059937
v -2.488199 1.850004 4.058951
v -2.512651 1.941970 4.067601
v -2.530695 1.967055 4.073984
v -2.524944 1.967055 4.116683
v -2.505888 1.941970 4.117810
v -2.499243 1.913352 4.062858
v -2.512651 1.941970 4.067601
v -2.505888 1.941970 4.117810
v -2.491729 1.913352 4.118648
v -2.490987 1.882298 4.059937
v -2.499243 1.913352 4.062858
v -2.491729 1.913352 4.118648
v -2.483009 1.882298 4.119163
v -2.488199 1.850004 4.058951
v -2.490987 1.882298 4.059937
v -2.483009 1.882298 4.119163
v -2.480065 1.850004 4.119337
v -2.490987 1.817709 4.059937
v -2.488199 1.850004 4.058951
v -2.480065 1.850004 4.119337
v -2.483009 1.817709 4.119163
v -2.577767 2.002939 4.090635
v -2.604986 2.012359 4.100263
v -2.603399 2.012359 4.112043
v -2.574655 2.002939 4.113743
v -2.507394 1.786656 4.065742
v -2.490987 1.817709 4.059937
v -2.483009 1.817709 4.119163
v -2.500337 1.786656 4.118138
v -2.552682 1.987642 4.081761
v -2.577767 2.002939 4.090635
v -2.574655 2.002939 4.113743
v -2.548164 1.987642 4.115310
v -2.530695 1.967055 4.073984
v -2.552682 1.987642 4.081761
v -2.548164 1.987642 4.115310
v -2.524944 1.967055 4.116683
vn 0.1042 0.9942 0.0268
vn 0.0859 0.9942 0.0639
vn 0.0545 0.9943 0.0913
vn 0.0148 0.9944 0.1048
vn -0.0271 0.9944 0.1023
vn -0.0649 0.9943 0.0843
vn -0.0928 0.9942 0.0534
vn -0.1066 0.9942 0.0144
vn -0.1042 0.9942 -0.0268
vn -0.0859 0.9942 -0.0639
vn -0.0545 0.9943 -0.0913
vn -0.0148 0.9944 -0.1048
vn 0.0271 0.9944 -0.1023
vn 0.0649 0.9943 -0.0843
vn 0.0928 0.9942 -0.0534
vn 0.1066 0.9942 -0.0144
vn 0.3062 0.9487 0.0789
vn 0.8490 -0.4810 0.2186
vn 0.4904 0.8623 0.1263
vn 0.6485 0.7426 0.1670
vn 0.7759 0.5984 0.1998
vn 0.8708 0.4374 0.2242
vn 0.9335 0.2661 0.2404
vn 0.9645 0.0893 0.2484
vn 0.9645 -0.0893 0.2484
vn 0.7989 0.0897 0.5947
vn 0.7989 -0.0897 0.5947
vn 0.2526 0.9491 0.1880
vn 0.7025 -0.4827 0.5229
vn 0.4048 0.8633 0.3013
vn 0.5358 0.7442 0.3988
vn 0.6416 0.6002 0.4776
vn 0.7207 0.4391 0.5365
vn 0.7207 0.4391 0.5364
vn 0.7730 0.2673 0.5754
vn 0.4090 0.6029 0.6850
vn 0.4600 0.4416 0.7704
vn 0.4938 0.2690 0.8269
vn 0.5106 0.0903 0.8551
vn 0.5106 -0.0903 0.8551
vn 0.1604 0.9498 0.2687
vn 0.4482 -0.4853 0.7507
vn 0.2574 0.8648 0.4311
vn 0.3411 0.7465 0.5713
vn 0.1397 -0.0908 0.9860
vn 0.0437 0.9502 0.3085
vn 0.1225 -0.4871 0.8647
vn 0.0702 0.8659 0.4953
vn 0.0931 0.7481 0.6570
vn 0.1117 0.6047 0.7886
vn 0.1257 0.4433 0.8875
vn 0.1351 0.2702 0.9533
vn 0.1397 0.0908 0.9860
vn -0.2295 0.4433 0.8665
vn -0.2465 0.2702 0.9307
vn -0.2549 0.0908 0.9627
vn -0.2549 -0.0908 0.9627
vn -0.2549 -0.0907 0.9627
vn -0.0798 0.9502 0.3012
vn -0.2236 -0.4871 0.8442
vn -0.1281 0.8659 0.4836
vn -0.1699 0.7481 0.6415
vn -0.2039 0.6047 0.7699
vn -0.1910 0.9498 0.2479
vn -0.5336 -0.4853 0.6927
vn -0.3064 0.8648 0.3977
vn -0.4061 0.7465 0.5271
vn -0.4869 0.6029 0.6320
vn -0.5476 0.4416 0.7108
vn -0.5878 0.2690 0.7630
vn -0.6078 0.0903 0.7890
vn -0.6078 0.0903 0.7889
vn -0.6078 -0.0903 0.7890
vn -0.6078 -0.0903 0.7889
vn -0.7789 0.4391 0.4478
vn -0.8354 0.2673 0.4803
vn -0.8635 0.0897 0.4964
vn -0.8635 -0.0897 0.4964
vn -0.2730 0.9491 0.1569
vn -0.7592 -0.4827 0.4365
vn -0.4375 0.8633 0.2515
vn -0.5791 0.7442 0.3329
vn -0.6934 0.6002 0.3986
vn -0.8689 -0.4810 0.1170
vn -0.5019 0.8623 0.0676
vn -0.6637 0.7426 0.0894
vn -0.7940 0.5984 0.1069
vn -0.8912 0.4374 0.1200
vn -0.9553 0.2661 0.1287
vn -0.9871 0.0893 0.1330
vn -0.9871 -0.0893 0.1330
vn -0.3134 0.9487 0.0422
vn -0.9335 0.2661 -0.2404
vn -0.9645 0.0893 -0.2484
vn -0.9645 -0.0893 -0.2484
vn -0.3062 0.9487 -0.0789
vn -0.8490 -0.4810 -0.2186
vn -0.4904 0.8623 -0.1263
vn -0.6485 0.7426 -0.1670
vn -0.7759 0.5984 -0.1998
vn -0.8708 0.4374 -0.2242
vn -0.4048 0.8633 -0.3013
vn -0.5358 0.7442 -0.3988
vn -0.6416 0.6002 -0.4776
vn -0.7207 0.4391 -0.5364
vn -0.7207 0.4391 -0.5365
vn -0.7730 0.2673 -0.5754
vn -0.7989 0.0897 -0.5947
vn -0.7989 -0.0897 -0.5947
vn -0.2526 0.9491 -0.1880
vn -0.7025 -0.4827 -0.5229
vn -0.4938 0.2690 -0.8269
vn -0.5106 0.0903 -0.8551
vn -0.5106 -0.0903 -0.8551
vn -0.1604 0.9498 -0.2687
vn -0.4482 -0.4853 -0.7507
vn -0.2574 0.8648 -0.4311
vn -0.3411 0.7465 -0.5713
vn -0.4090 0.6029 -0.6850
vn -0.4600 0.4416 -0.7704
vn -0.0931 0.7481 -0.6570
vn -0.1117 0.6047 -0.7886
vn -0.1257 0.4433 -0.8875
vn -0.1351 0.2702 -0.9533
vn -0.1397 0.0908 -0.9860
vn -0.1397 -0.0908 -0.9860
vn -0.0437 0.9502 -0.3085
vn -0.1225 -0.4871 -0.8647
vn -0.0702 0.8659 -0.4953
vn 0.2549 0.0908 -0.9627
vn 0.2549 -0.0908 -0.9627
vn 0.0798 0.9502 -0.3012
vn 0.2236 -0.4871 -0.8442
vn 0.1281 0.8659 -0.4836
vn 0.1699 0.7481 -0.6415
vn 0.2039 0.6047 -0.7699
vn 0.2295 0.4433 -0.8665
vn 0.2465 0.2702 -0.9307
vn 0.4869 0.6029 -0.6320
vn 0.5476 0.4416 -0.7108
vn 0.5878 0.2690 -0.7630
vn 0.6078 0.0903 -0.7889
vn 0.6078 -0.0903 -0.7889
vn 0.6078 -0.0903 -0.7890
vn 0.1910 0.9498 -0.2479
vn 0.5336 -0.4853 -0.6927
vn 0.3064 0.8648 -0.3977
vn 0.4061 0.7465 -0.5271
vn 0.8635 -0.0897 -0.4964
vn 0.2730 0.9491 -0.1569
vn 0.7592 -0.4827 -0.4365
vn 0.4375 0.8633 -0.2515
vn 0.5791 0.7442 -0.3329
vn 0.6934 0.6002 -0.3986
vn 0.7789 0.4391 -0.4478
vn 0.8354 0.2673 -0.4803
vn 0.8635 0.0897 -0.4964
vn 0.7940 0.5984 -0.1069
vn 0.7940 0.5984 -0.1070
vn 0.8912 0.4374 -0.1200
vn 0.9553 0.2661 -0.1287
vn 0.9871 0.0893 -0.1330
vn 0.9871 -0.0893 -0.1330
vn 0.3134 0.9487 -0.0422
vn 0.8689 -0.4810 -0.1170
vn 0.5019 0.8623 -0.0676
vn 0.6637 0.7426 -0.0894
vt 0.750000 0.062500
vt 0.718750 0.000000
vt 0.687500 0.062500
vt 0.656250 0.000000
vt 0.625000 0.062500
vt 0.593750 0.000000
vt 0.562500 0.062500
vt 0.531250 0.000000
vt 0.500000 0.062500
vt 0.468750 0.000000
vt 0.437500 0.062500
vt 0.406250 0.000000
vt 0.375000 0.062500
vt 0.343750 0.000000
vt 0.312500 0.062500
vt 0.281250 0.000000
vt 0.250000 0.062500
vt 0.218750 0.000000
vt 0.187500 0.062500
vt 0.156250 0.000000
vt 0.125000 0.062500
vt 0.093750 0.000000
vt 0.062500 0.062500
vt 0.031250 0.000000
vt 0.000000 0.062500
vt 1.000000 0.062500
vt 0.968750 0.000000
vt 0.937500 0.062500
vt 0.906250 0.000000
vt 0.875000 0.062500
vt 0.843750 0.000000
vt 0.812500 0.062500
vt 0.781250 0.000000
vt 0.750000 0.125000
vt 0.687500 0.125000
vt 0.750000 0.625000
vt 0.750000 0.562500
vt 0.687500 0.562500
vt 0.687500 0.625000
vt 0.750000 0.187500
vt 0.687500 0.187500
vt 0.750000 0.250000
vt 0.687500 0.250000
vt 0.750000 0.312500
vt 0.687500 0.312500
vt 0.750000 0.375000
vt 0.687500 0.375000
vt 0.750000 0.437500
vt 0.687500 0.437500
vt 0.750000 0.500000
vt 0.687500 0.500000
vt 0.625000 0.437500
vt 0.625000 0.500000
vt 0.625000 0.562500
vt 0.625000 0.125000
vt 0.625000 0.625000
vt 0.625000 0.187500
vt 0.625000 0.250000
vt 0.625000 0.312500
vt 0.625000 0.375000
vt 0.562500 0.250000
vt 0.562500 0.312500
vt 0.562500 0.375000
vt 0.562500 0.437500
vt 0.562500 0.500000
vt 0.562500 0.562500
vt 0.562500 0.125000
vt 0.562500 0.625000
vt 0.562500 0.187500
vt 0.500000 0.500000
vt 0.500000 0.562500
vt 0.500000 0.125000
vt 0.500000 0.625000
vt 0.500000 0.187500
vt 0.500000 0.250000
vt 0.500000 0.312500
vt 0.500000 0.375000
vt 0.500000 0.437500
vt 0.437500 0.312500
vt 0.437500 0.375000
vt 0.437500 0.437500
vt 0.437500 0.500000
vt 0.437500 0.562500
vt 0.437500 0.125000
vt 0.437500 0.625000
vt 0.437500 0.187500
vt 0.437500 0.250000
vt 0.375000 0.125000
vt 0.375000 0.562500
vt 0.375000 0.625000
vt 0.375000 0.187500
vt 0.375000 0.250000
vt 0.375000 0.312500
vt 0.375000 0.375000
vt 0.375000 0.437500
vt 0.375000 0.500000
vt 0.312500 0.312500
vt 0.312500 0.375000
vt 0.312500 0.437500
vt 0.312500 0.500000
vt 0.312500 0.562500
vt 0.312500 0.125000
vt 0.312500 0.625000
vt 0.312500 0.187500
vt 0.312500 0.250000
vt 0.250000 0.562500
vt 0.250000 0.625000
vt 0.250000 0.125000
vt 0.250000 0.187500
vt 0.250000 0.250000
vt 0.250000 0.312500
vt 0.250000 0.375000
vt 0.250000 0.437500
vt 0.250000 0.500000
vt 0.187500 0.375000
vt 0.187500 0.437500
vt 0.187500 0.500000
vt 0.187500 0.562500
vt 0.187500 0.125000
vt 0.187500 0.625000
vt 0.187500 0.187500
vt 0.187500 0.250000
vt 0.187500 0.312500
vt 0.125000 0.125000
vt 0.125000 0.187500
vt 0.125000 0.250000
vt 0.125000 0.312500
vt 0.125000 0.375000
vt 0.125000 0.437500
vt 0.125000 0.500000
vt 0.125000 0.562500
vt 0.125000 0.625000
vt 0.062500 0.375000
vt 0.062500 0.437500
vt 0.062500 0.500000
vt 0.062500 0.562500
vt 0.062500 0.125000
vt 0.062500 0.625000
vt 0.062500 0.187500
vt 0.062500 0.250000
vt 0.062500 0.312500
vt 0.000000 0.187500
vt 0.000000 0.250000
vt 0.000000 0.312500
vt 0.000000 0.375000
vt 0.000000 0.437500
vt 0.000000 0.500000
vt 0.000000 0.562500
vt 0.000000 0.125000
vt 0.000000 0.625000
vt 1.000000 0.500000
vt 1.000000 0.437500
vt 0.937500 0.437500
vt 0.937500 0.500000
vt 1.000000 0.562500
vt 0.937500 0.562500
vt 1.000000 0.125000
vt 0.937500 0.125000
vt 1.000000 0.625000
vt 0.937500 0.625000
vt 1.000000 0.187500
vt 0.937500 0.187500
vt 1.000000 0.250000
vt 0.937500 0.250000
vt 1.000000 0.312500
vt 0.937500 0.312500
vt 1.000000 0.375000
vt 0.937500 0.375000
vt 0.875000 0.250000
vt 0.875000 0.312500
vt 0.875000 0.375000
vt 0.875000 0.437500
vt 0.875000 0.500000
vt 0.875000 0.562500
vt 0.875000 0.125000
vt 0.875000 0.625000
vt 0.875000 0.187500
vt 0.812500 0.500000
vt 0.812500 0.562500
vt 0.812500 0.125000
vt 0.812500 0.625000
vt 0.812500 0.187500
vt 0.812500 0.250000
vt 0.812500 0.312500
vt 0.812500 0.375000
vt 0.812500 0.437500
s 0
usemtl transparentwhite
f 2473/639/374 2474/640/374 2475/641/374
f 2476/641/375 2477/642/375 2478/643/375
f 2479/643/376 2480/644/376 2481/645/376
f 2482/645/377 2483/646/377 2484/647/377
f 2485/647/378 2486/648/378 2487/649/378
f 2488/649/379 2489/650/379 2490/651/379
f 2491/651/380 2492/652/380 2493/653/380
f 2494/653/381 2495/654/381 2496/655/381
f 2497/655/382 2498/656/382 2499/657/382
f 2500/657/383 2501/658/383 2502/659/383
f 2503/659/384 2504/660/384 2505/661/384
f 2506/661/385 2507/662/385 2508/663/385
f 2509/664/386 2510/665/386 2511/666/386
f 2512/666/387 2513/667/387 2514/668/387
f 2515/668/388 2516/669/388 2517/670/388
f 2518/670/389 2519/671/389 2520/639/389
f 2521/672/390 2522/639/390 2523/641/390
f 2521/672/390 2523/641/390 2524/673/390
f 2525/674/391 2526/675/391 2527/676/391
f 2525/674/391 2527/676/391 2528/677/391
f 2529/678/392 2530/672/392 2531/673/392
f 2529/678/392 2531/673/392 2532/679/392
f 2533/680/393 2534/678/393 2535/679/393
f 2533/680/393 2535/679/393 2536/681/393
f 2537/682/394 2538/680/394 2539/681/394
f 2537/682/394 2539/681/394 2540/683/394
f 2541/684/395 2542/682/395 2543/683/395
f 2541/684/395 2543/683/395 2544/685/395
f 2545/686/396 2546/684/396 2547/685/396
f 2545/686/396 2547/685/396 2548/687/396
f 2549/688/397 2550/686/397 2551/687/397
f 2549/688/397 2551/687/397 2552/689/397
f 2553/675/398 2554/688/398 2555/689/398
f 2553/675/398 2555/689/398 2556/676/398
f 2557/689/399 2558/687/399 2559/690/399
f 2557/689/399 2559/690/399 2560/691/399
f 2561/676/400 2562/689/400 2563/691/400
f 2561/676/400 2563/691/400 2564/692/400
f 2565/673/401 2566/641/401 2567/643/401
f 2565/673/401 2567/643/401 2568/693/401
f 2569/677/402 2570/676/402 2571/692/402
f 2569/677/402 2571/692/402 2572/694/402
f 2573/679/403 2574/673/403 2575/693/403
f 2573/679/403 2575/693/403 2576/695/403
f 2577/681/404 2578/679/404 2579/695/404
f 2577/681/404 2579/695/404 2580/696/404
f 2581/683/405 2582/681/405 2583/696/405
f 2581/683/405 2583/696/405 2584/697/405
f 2585/685/406 2586/683/406 2587/697/406
f 2585/685/407 2587/697/407 2588/698/407
f 2589/687/408 2590/685/408 2591/698/408
f 2589/687/408 2591/698/408 2592/690/408
f 2593/697/409 2594/696/409 2595/699/409
f 2593/697/409 2595/699/409 2596/700/409
f 2597/698/410 2598/697/410 2599/700/410
s 1
f 2597/698/410 2599/700/410 2600/701/410
s 0
f 2601/690/411 2602/698/411 2603/701/411
f 2601/690/411 2603/701/411 2604/702/411
f 2605/691/412 2606/690/412 2607/702/412
f 2605/691/412 2607/702/412 2608/703/412
f 2609/692/413 2610/691/413 2611/703/413
f 2609/692/413 2611/703/413 2612/704/413
f 2613/693/414 2614/643/414 2615/645/414
f 2613/693/414 2615/645/414 2616/705/414
f 2617/694/415 2618/692/415 2619/704/415
f 2617/694/415 2619/704/415 2620/706/415
f 2621/695/416 2622/693/416 2623/705/416
f 2621/695/416 2623/705/416 2624/707/416
f 2625/696/417 2626/695/417 2627/707/417
f 2625/696/417 2627/707/417 2628/699/417
f 2629/704/418 2630/703/418 2631/708/418
f 2629/704/418 2631/708/418 2632/709/418
f 2633/705/419 2634/645/419 2635/647/419
f 2633/705/419 2635/647/419 2636/710/419
f 2637/706/420 2638/704/420 2639/709/420
f 2637/706/420 2639/709/420 2640/711/420
f 2641/707/421 2642/705/421 2643/710/421
f 2641/707/421 2643/710/421 2644/712/421
f 2645/699/422 2646/707/422 2647/712/422
f 2645/699/422 2647/712/422 2648/713/422
f 2649/700/423 2650/699/423 2651/713/423
f 2649/700/423 2651/713/423 2652/714/423
f 2653/701/424 2654/700/424 2655/714/424
f 2653/701/424 2655/714/424 2656/715/424
f 2657/702/425 2658/701/425 2659/715/425
f 2657/702/425 2659/715/425 2660/716/425
f 2661/703/426 2662/702/426 2663/716/426
f 2661/703/426 2663/716/426 2664/708/426
f 2665/715/427 2666/714/427 2667/717/427
f 2665/715/427 2667/717/427 2668/718/427
f 2669/716/428 2670/715/428 2671/718/428
f 2669/716/428 2671/718/428 2672/719/428
f 2673/708/429 2674/716/429 2675/719/429
f 2673/708/429 2675/719/429 2676/720/429
f 2677/709/430 2678/708/430 2679/720/430
f 2677/709/431 2679/720/431 2680/721/431
s 1
f 2681/710/432 2682/647/432 2683/649/432
f 2681/710/432 2683/649/432 2684/722/432
s 0
f 2685/711/433 2686/709/433 2687/721/433
f 2685/711/433 2687/721/433 2688/723/433
f 2689/712/434 2690/710/434 2691/722/434
f 2689/712/434 2691/722/434 2692/724/434
f 2693/713/435 2694/712/435 2695/724/435
f 2693/713/435 2695/724/435 2696/725/435
f 2697/714/436 2698/713/436 2699/725/436
f 2697/714/436 2699/725/436 2700/717/436
f 2701/722/437 2702/649/437 2703/651/437
f 2701/722/437 2703/651/437 2704/726/437
f 2705/723/438 2706/721/438 2707/727/438
f 2705/723/438 2707/727/438 2708/728/438
f 2709/724/439 2710/722/439 2711/726/439
f 2709/724/439 2711/726/439 2712/729/439
f 2713/725/440 2714/724/440 2715/729/440
f 2713/725/440 2715/729/440 2716/730/440
f 2717/717/441 2718/725/441 2719/730/441
f 2717/717/441 2719/730/441 2720/731/441
f 2721/718/442 2722/717/442 2723/731/442
f 2721/718/442 2723/731/442 2724/732/442
f 2725/719/443 2726/718/443 2727/732/443
f 2725/719/443 2727/732/443 2728/733/443
f 2729/720/444 2730/719/444 2731/733/444
f 2729/720/445 2731/733/445 2732/734/445
f 2733/721/446 2734/720/446 2735/734/446
f 2733/721/447 2735/734/447 2736/727/447
f 2737/732/448 2738/731/448 2739/735/448
f 2737/732/448 2739/735/448 2740/736/448
f 2741/733/449 2742/732/449 2743/736/449
f 2741/733/449 2743/736/449 2744/737/449
f 2745/734/450 2746/733/450 2747/737/450
f 2745/734/450 2747/737/450 2748/738/450
f 2749/727/451 2750/734/451 2751/738/451
f 2749/727/451 2751/738/451 2752/739/451
f 2753/726/452 2754/651/452 2755/653/452
f 2753/726/452 2755/653/452 2756/740/452
f 2757/728/453 2758/727/453 2759/739/453
f 2757/728/453 2759/739/453 2760/741/453
f 2761/729/454 2762/726/454 2763/740/454
f 2761/729/454 2763/740/454 2764/742/454
f 2765/730/455 2766/729/455 2767/742/455
f 2765/730/455 2767/742/455 2768/743/455
s 1
f 2769/731/456 2770/730/456 2771/743/456
s 0
f 2769/731/456 2771/743/456 2772/735/456
f 2773/741/457 2774/739/457 2775/744/457
f 2773/741/457 2775/744/457 2776/745/457
f 2777/742/458 2778/740/458 2779/746/458
f 2777/742/458 2779/746/458 2780/747/458
f 2781/743/459 2782/742/459 2783/747/459
f 2781/743/459 2783/747/459 2784/748/459
f 2785/735/460 2786/743/460 2787/748/460
f 2785/735/460 2787/748/460 2788/749/460
f 2789/736/461 2790/735/461 2791/749/461
f 2789/736/461 2791/749/461 2792/750/461
f 2793/737/462 2794/736/462 2795/750/462
f 2793/737/462 2795/750/462 2796/751/462
f 2797/738/463 2798/737/463 2799/751/463
f 2797/738/463 2799/751/463 2800/752/463
f 2801/739/464 2802/738/464 2803/752/464
f 2801/739/464 2803/752/464 2804/744/464
f 2805/740/465 2806/653/465 2807/655/465
f 2805/740/465 2807/655/465 2808/746/465
f 2809/751/466 2810/750/466 2811/753/466
f 2809/751/466 2811/753/466 2812/754/466
f 2813/752/467 2814/751/467 2815/754/467
f 2813/752/467 2815/754/467 2816/755/467
f 2817/744/468 2818/752/468 2819/755/468
f 2817/744/468 2819/755/468 2820/756/468
f 2821/746/469 2822/655/469 2823/657/469
f 2821/746/469 2823/657/469 2824/757/469
f 2825/745/470 2826/744/470 2827/756/470
f 2825/745/470 2827/756/470 2828/758/470
f 2829/747/471 2830/746/471 2831/757/471
f 2829/747/471 2831/757/471 2832/759/471
f 2833/748/472 2834/747/472 2835/759/472
f 2833/748/472 2835/759/472 2836/760/472
f 2837/749/473 2838/748/473 2839/760/473
f 2837/749/473 2839/760/473 2840/761/473
f 2841/750/474 2842/749/474 2843/761/474
f 2841/750/474 2843/761/474 2844/753/474
f 2845/759/475 2846/757/475 2847/762/475
f 2845/759/475 2847/762/475 2848/763/475
f 2849/760/476 2850/759/476 2851/763/476
f 2849/760/476 2851/763/476 2852/764/476
f 2853/761/477 2854/760/477 2855/764/477
f 2853/761/477 2855/764/477 2856/765/477
f 2857/753/478 2858/761/478 2859/765/478
f 2857/753/479 2859/765/479 2860/766/479
f 2861/754/480 2862/753/480 2863/766/480
f 2861/754/480 2863/766/480 2864/767/480
f 2865/755/481 2866/754/481 2867/767/481
f 2865/755/481 2867/767/481 2868/768/481
f 2869/756/482 2870/755/482 2871/768/482
f 2869/756/482 2871/768/482 2872/769/482
f 2873/757/483 2874/657/483 2875/659/483
f 2873/757/483 2875/659/483 2876/762/483
f 2877/758/484 2878/756/484 2879/769/484
f 2877/758/484 2879/769/484 2880/770/484
f 2881/767/485 2882/766/485 2883/771/485
f 2881/767/485 2883/771/485 2884/772/485
f 2885/768/486 2886/767/486 2887/772/486
f 2885/768/486 2887/772/486 2888/773/486
f 2889/769/487 2890/768/487 2891/773/487
f 2889/769/487 2891/773/487 2892/774/487
f 2893/762/488 2894/659/488 2895/661/488
f 2893/762/488 2895/661/488 2896/775/488
s 1
f 2897/770/489 2898/769/489 2899/774/489
s 0
f 2897/770/489 2899/774/489 2900/776/489
f 2901/763/490 2902/762/490 2903/775/490
f 2901/763/490 2903/775/490 2904/777/490
f 2905/764/491 2906/763/491 2907/777/491
f 2905/764/491 2907/777/491 2908/778/491
f 2909/765/492 2910/764/492 2911/778/492
f 2909/765/492 2911/778/492 2912/779/492
f 2913/766/493 2914/765/493 2915/779/493
f 2913/766/493 2915/779/493 2916/771/493
f 2917/778/494 2918/777/494 2919/780/494
f 2917/778/494 2919/780/494 2920/781/494
f 2921/779/495 2922/778/495 2923/781/495
f 2921/779/495 2923/781/495 2924/782/495
f 2925/771/496 2926/779/496 2927/782/496
f 2925/771/496 2927/782/496 2928/783/496
f 2929/772/497 2930/771/497 2931/783/497
f 2929/772/497 2931/783/497 2932/784/497
f 2933/773/498 2934/772/498 2935/784/498
f 2933/773/498 2935/784/498 2936/785/498
f 2937/774/499 2938/773/499 2939/785/499
f 2937/774/499 2939/785/499 2940/786/499
f 2941/775/500 2942/661/500 2943/663/500
f 2941/775/500 2943/663/500 2944/787/500
f 2945/776/501 2946/774/501 2947/786/501
f 2945/776/501 2947/786/501 2948/788/501
f 2949/777/502 2950/775/502 2951/787/502
f 2949/777/502 2951/787/502 2952/780/502
f 2953/789/503 2954/790/503 2955/791/503
f 2953/789/503 2955/791/503 2956/792/503
f 2957/793/504 2958/789/504 2959/792/504
f 2957/793/504 2959/792/504 2960/794/504
f 2961/795/505 2962/664/505 2963/666/505
f 2961/795/505 2963/666/505 2964/796/505
f 2965/797/506 2966/793/506 2967/794/506
f 2965/797/506 2967/794/506 2968/798/506
f 2969/799/507 2970/795/507 2971/796/507
f 2969/799/507 2971/796/507 2972/800/507
f 2973/801/508 2974/799/508 2975/800/508
f 2973/801/508 2975/800/508 2976/802/508
f 2977/803/509 2978/801/509 2979/802/509
f 2977/803/509 2979/802/509 2980/804/509
f 2981/805/510 2982/803/510 2983/804/510
f 2981/805/510 2983/804/510 2984/806/510
f 2985/790/511 2986/805/511 2987/806/511
f 2985/790/511 2987/806/511 2988/791/511
f 2989/804/512 2990/802/512 2991/807/512
f 2989/804/512 2991/807/512 2992/808/512
f 2993/806/513 2994/804/513 2995/808/513
f 2993/806/513 2995/808/513 2996/809/513
f 2997/791/514 2998/806/514 2999/809/514
f 2997/791/514 2999/809/514 3000/810/514
f 3001/792/515 3002/791/515 3003/810/515
f 3001/792/515 3003/810/515 3004/811/515
f 3005/794/516 3006/792/516 3007/811/516
f 3005/794/517 3007/811/517 3008/812/517
f 3009/796/518 3010/666/518 3011/668/518
f 3009/796/518 3011/668/518 3012/813/518
f 3013/798/519 3014/794/519 3015/812/519
f 3013/798/519 3015/812/519 3016/814/519
f 3017/800/520 3018/796/520 3019/813/520
f 3017/800/520 3019/813/520 3020/815/520
f 3021/802/521 3022/800/521 3023/815/521
f 3021/802/521 3023/815/521 3024/807/521
f 3025/812/522 3026/811/522 3027/816/522
f 3025/812/522 3027/816/522 3028/817/522
f 3029/813/523 3030/668/523 3031/670/523
f 3029/813/523 3031/670/523 3032/818/523
f 3033/814/524 3034/812/524 3035/817/524
f 3033/814/524 3035/817/524 3036/819/524
f 3037/815/525 3038/813/525 3039/818/525
f 3037/815/525 3039/818/525 3040/820/525
f 3041/807/526 3042/815/526 3043/820/526
f 3041/807/526 3043/820/526 3044/821/526
f 3045/808/527 3046/807/527 3047/821/527
f 3045/808/527 3047/821/527 3048/822/527
f 3049/809/528 3050/808/528 3051/822/528
f 3049/809/528 3051/822/528 3052/823/528
f 3053/810/529 3054/809/529 3055/823/529
f 3053/810/529 3055/823/529 3056/824/529
f 3057/811/530 3058/810/530 3059/824/530
f 3057/811/530 3059/824/530 3060/816/530
f 3061/822/531 3062/821/531 3063/680/531
f 3061/822/532 3063/680/532 3064/682/532
f 3065/823/533 3066/822/533 3067/682/533
f 3065/823/533 3067/682/533 3068/684/533
f 3069/824/534 3070/823/534 3071/684/534
f 3069/824/534 3071/684/534 3072/686/534
f 3073/816/535 3074/824/535 3075/686/535
f 3073/816/535 3075/686/535 3076/688/535
f 3077/817/536 3078/816/536 3079/688/536
f 3077/817/536 3079/688/536 3080/675/536
f 3081/818/537 3082/670/537 3083/639/537
f 3081/818/537 3083/639/537 3084/672/537
f 3085/819/538 3086/817/538 3087/675/538
f 3085/819/538 3087/675/538 3088/674/538
f 3089/820/539 3090/818/539 3091/672/539
f 3089/820/539 3091/672/539 3092/678/539
f 3093/821/540 3094/820/540 3095/678/540
f 3093/821/540 3095/678/540 3096/680/540
o post_Material.013_0
v -2.068908 0.752612 2.483651
v -2.068908 0.842926 2.483651
v -2.208838 0.842926 2.678399
v -2.208838 0.752612 2.678399
v -2.208838 0.752612 2.678399
v -2.208838 0.842926 2.678399
v -2.435249 0.842926 2.604012
v -2.435249 0.752612 2.604012
v -2.435249 0.752612 2.604012
v -2.435249 0.842926 2.604012
v -2.435249 0.842926 2.363291
v -2.435249 0.752612 2.363291
v -2.435249 0.752612 2.363291
v -2.435249 0.842926 2.363291
v -2.208838 0.842926 2.288904
v -2.208838 0.752612 2.288904
v -2.208838 0.752612 2.288904
v -2.208838 0.842926 2.288904
v -2.068908 0.842926 2.483651
v -2.068908 0.752612 2.483651
v -2.208838 0.752612 2.678399
v -2.435249 0.752612 2.604012
v -2.401316 0.752612 2.579083
v -2.221799 0.752612 2.638063
v -2.208838 0.752612 2.288904
v -2.068908 0.752612 2.483651
v -2.110851 0.752612 2.483651
v -2.221799 0.752612 2.329239
v -2.068908 0.752612 2.483651
v -2.110851 0.752612 2.483651
v -2.435249 0.752612 2.363291
v -2.401316 0.752612 2.388220
v -2.208838 0.842926 2.678399
v -2.068908 0.842926 2.483651
v -2.208838 0.842926 2.288904
v -2.435249 0.842926 2.363291
v -2.435249 0.842926 2.604012
vn 0.8121 -0.0000 0.5835
vn -0.3121 -0.0000 0.9500
vn -1.0000 -0.0000 -0.0000
vn -0.3121 -0.0000 -0.9500
vn 0.8121 -0.0000 -0.5835
vn -0.0000 -1.0000 -0.0000
vn -0.0000 1.0000 -0.0000
vt 1.000000 0.500000
vt 1.000000 0.000000
vt 0.800000 0.000000
vt 0.800000 0.500000
vt 0.600000 0.000000
vt 0.600000 0.500000
vt 0.400000 0.000000
vt 0.400000 0.500000
vt 0.200000 0.000000
vt 0.200000 0.500000
vt 0.000000 0.000000
vt 0.000000 0.500000
vt 0.108932 0.944164
vt 0.250000 0.510000
vt 0.021746 0.675836
vt 0.391068 0.944164
vt 0.478254 0.675836
s 0
usemtl Material.013
f 3097/825/541 3098/826/541 3099/827/541
f 3097/825/541 3099/827/541 3100/828/541
f 3101/828/542 3102/827/542 3103/829/542
f 3101/828/542 3103/829/542 3104/830/542
f 3105/830/543 3106/829/543 3107/831/543
f 3105/830/543 3107/831/543 3108/832/543
f 3109/832/544 3110/831/544 3111/833/544
f 3109/832/544 3111/833/544 3112/834/544
f 3113/834/545 3114/833/545 3115/835/545
f 3113/834/545 3115/835/545 3116/836/545
f 3117/828/546 3118/830/546 3119/830/546
f 3117/828/546 3119/830/546 3120/828/546
f 3121/834/546 3122/836/546 3123/836/546
f 3121/834/546 3123/836/546 3124/834/546
f 3125/825/546 3117/828/546 3120/828/546
f 3125/825/546 3120/828/546 3126/825/546
f 3118/830/546 3127/832/546 3128/832/546
f 3118/830/546 3128/832/546 3119/830/546
f 3127/832/546 3121/834/546 3124/834/546
f 3127/832/546 3124/834/546 3128/832/546
f 3132/837/547 3130/838/547 3131/839/547
f 3130/838/547 3132/837/547 3133/840/547
f 3130/838/547 3133/840/547 3129/841/547
o post_Material.012_0
v -2.110851 0.752612 2.483651
v -2.221799 0.752612 2.638063
v -2.221799 0.403696 2.638063
v -2.110851 0.403696 2.483651
v -2.401316 0.752612 2.388220
v -2.221799 0.752612 2.329239
v -2.221799 0.403696 2.329239
v -2.401316 0.403696 2.388220
v -2.221799 0.752612 2.638063
v -2.401316 0.752612 2.579083
v -2.401316 0.403696 2.579083
v -2.221799 0.403696 2.638063
v -2.221799 0.752612 2.329239
v -2.110851 0.752612 2.483651
v -2.110851 0.403696 2.483651
v -2.221799 0.403696 2.329239
v -2.401316 0.752612 2.579083
v -2.401316 0.752612 2.388220
v -2.401316 0.403696 2.388220
v -2.401316 0.403696 2.579083
v -2.110851 0.403696 2.483651
v -2.221799 0.403696 2.638063
v -2.401316 0.403696 2.579083
v -2.401316 0.403696 2.388220
v -2.221799 0.403696 2.329239
vn 0.8121 -0.0000 0.5835
vn -0.3121 -0.0000 -0.9500
vn -0.3121 -0.0000 0.9500
vn 0.8121 -0.0000 -0.5835
vn -1.0000 -0.0000 -0.0000
vn -0.0000 -1.0000 -0.0000
vt 1.000000 0.500000
vt 0.800000 0.500000
vt 0.400000 0.500000
vt 0.200000 0.500000
vt 0.600000 0.500000
vt 0.000000 0.500000
vt 0.750000 0.510000
vt 0.608932 0.944164
vt 0.521746 0.675836
vt 0.891068 0.944164
vt 0.978254 0.675836
s 0
usemtl Material.012
f 3134/842/548 3135/843/548 3136/843/548
f 3134/842/548 3136/843/548 3137/842/548
f 3138/844/549 3139/845/549 3140/845/549
f 3138/844/549 3140/845/549 3141/844/549
f 3142/843/550 3143/846/550 3144/846/550
f 3142/843/550 3144/846/550 3145/843/550
f 3146/845/551 3147/847/551 3148/847/551
f 3146/845/551 3148/847/551 3149/845/551
f 3150/846/552 3151/844/552 3152/844/552
f 3150/846/552 3152/844/552 3153/846/552
f 3154/848/553 3157/849/553 3158/850/553
f 3157/849/553 3154/848/553 3156/851/553
f 3156/851/553 3154/848/553 3155/852/553
o light.003_transparentwhite_0
v -2.229719 1.163662 2.489104
v -2.266096 1.167251 2.486952
v -2.233311 1.163662 2.502861
v -2.266096 0.793676 2.486952
v -2.229719 0.797265 2.489104
v -2.233312 0.797265 2.502861
v -2.233311 1.163662 2.502861
v -2.266096 1.167251 2.486952
v -2.241895 1.163662 2.514196
v -2.266096 0.793676 2.486952
v -2.233312 0.797265 2.502861
v -2.241895 0.797265 2.514196
v -2.241895 1.163662 2.514196
v -2.266096 1.167251 2.486952
v -2.254163 1.163662 2.521384
v -2.266096 0.793676 2.486952
v -2.241895 0.797265 2.514196
v -2.254163 0.797265 2.521383
v -2.266096 0.793676 2.486952
v -2.254163 0.797265 2.521383
v -2.268247 0.797265 2.523329
v -2.254163 1.163662 2.521384
v -2.266096 1.167251 2.486952
v -2.268247 1.163662 2.523329
v -2.268247 1.163662 2.523329
v -2.266096 1.167251 2.486952
v -2.282005 1.163662 2.519737
v -2.266096 0.793676 2.486952
v -2.268247 0.797265 2.523329
v -2.282005 0.797265 2.519737
v -2.282005 1.163662 2.519737
v -2.266096 1.167251 2.486952
v -2.293340 1.163662 2.511153
v -2.266096 0.793676 2.486952
v -2.282005 0.797265 2.519737
v -2.293340 0.797265 2.511153
v -2.293340 1.163662 2.511153
v -2.266096 1.167251 2.486952
v -2.300527 1.163662 2.498886
v -2.266096 0.793676 2.486952
v -2.293340 0.797265 2.511153
v -2.300527 0.797265 2.498886
v -2.300527 1.163662 2.498886
v -2.266096 1.167251 2.486952
v -2.302473 1.163662 2.484801
v -2.266096 0.793676 2.486952
v -2.300527 0.797265 2.498886
v -2.302473 0.797265 2.484801
v -2.302473 1.163662 2.484801
v -2.266096 1.167251 2.486952
v -2.298881 1.163662 2.471044
v -2.266096 0.793676 2.486952
v -2.302473 0.797265 2.484801
v -2.298881 0.797265 2.471044
v -2.298881 1.163662 2.471044
v -2.266096 1.167251 2.486952
v -2.290298 1.163662 2.459709
v -2.266096 0.793676 2.486952
v -2.298881 0.797265 2.471044
v -2.290297 0.797265 2.459709
v -2.290298 1.163662 2.459709
v -2.266096 1.167251 2.486952
v -2.278029 1.163662 2.452521
v -2.266096 0.793676 2.486952
v -2.290297 0.797265 2.459709
v -2.278029 0.797265 2.452521
v -2.278029 1.163662 2.452521
v -2.266096 1.167251 2.486952
v -2.263945 1.163662 2.450575
v -2.266096 0.793676 2.486952
v -2.278029 0.797265 2.452521
v -2.263945 0.797265 2.450575
v -2.263945 1.163662 2.450575
v -2.266096 1.167251 2.486952
v -2.250188 1.163662 2.454168
v -2.266096 0.793676 2.486952
v -2.263945 0.797265 2.450575
v -2.250188 0.797265 2.454168
v -2.250188 1.163662 2.454168
v -2.266096 1.167251 2.486952
v -2.238853 1.163662 2.462751
v -2.266096 0.793676 2.486952
v -2.250188 0.797265 2.454168
v -2.238853 0.797265 2.462751
v -2.238853 1.163662 2.462751
v -2.266096 1.167251 2.486952
v -2.231665 1.163662 2.475019
v -2.266096 0.793676 2.486952
v -2.238853 0.797265 2.462751
v -2.231665 0.797265 2.475019
v -2.231665 1.163662 2.475019
v -2.266096 1.167251 2.486952
v -2.229719 1.163662 2.489104
v -2.266096 0.793676 2.486952
v -2.231665 0.797265 2.475019
v -2.229719 0.797265 2.489104
v -2.194740 1.153033 2.491172
v -2.229719 1.163662 2.489104
v -2.233311 1.163662 2.502861
v -2.201787 1.153033 2.518158
v -2.093828 0.908983 2.497140
v -2.083217 0.944023 2.497767
v -2.101277 0.944023 2.566929
v -2.110840 0.908983 2.562289
v -2.162503 1.135772 2.493078
v -2.194740 1.153033 2.491172
v -2.201787 1.153033 2.518158
v -2.172733 1.135772 2.532255
v -2.111059 0.876690 2.496121
v -2.093828 0.908983 2.497140
v -2.110840 0.908983 2.562289
v -2.126369 0.876690 2.554753
v -2.134248 1.112543 2.494750
v -2.162503 1.135772 2.493078
v -2.172733 1.135772 2.532255
v -2.147268 1.112543 2.544612
v -2.134248 0.848385 2.494750
v -2.111059 0.876690 2.496121
v -2.126369 0.876690 2.554753
v -2.147268 0.848385 2.544612
v -2.111059 1.084237 2.496121
v -2.134248 1.112543 2.494750
v -2.147268 1.112543 2.544612
v -2.126369 1.084237 2.554753
v -2.162503 0.825156 2.493078
v -2.134248 0.848385 2.494750
v -2.147268 0.848385 2.544612
v -2.172734 0.825156 2.532255
v -2.093828 1.051944 2.497140
v -2.111059 1.084237 2.496121
v -2.126369 1.084237 2.554753
v -2.110840 1.051944 2.562289
v -2.194740 0.807895 2.491172
v -2.162503 0.825156 2.493078
v -2.172734 0.825156 2.532255
v -2.201787 0.807895 2.518157
v -2.083217 1.016904 2.497767
v -2.093828 1.051944 2.497140
v -2.110840 1.051944 2.562289
v -2.101277 1.016904 2.566929
v -2.229719 0.797265 2.489104
v -2.194740 0.807895 2.491172
v -2.201787 0.807895 2.518157
v -2.233312 0.797265 2.502861
v -2.079634 0.980464 2.497979
v -2.083217 1.016904 2.497767
v -2.101277 1.016904 2.566929
v -2.098048 0.980464 2.568496
v -2.083217 0.944023 2.497767
v -2.079634 0.980464 2.497979
v -2.098048 0.980464 2.568496
v -2.101277 0.944023 2.566929
v -2.098048 0.980464 2.568496
v -2.101277 1.016904 2.566929
v -2.144428 1.016904 2.623915
v -2.142045 0.980464 2.626598
v -2.101277 0.944023 2.566929
v -2.098048 0.980464 2.568496
v -2.142045 0.980464 2.626598
v -2.144428 0.944023 2.623915
v -2.201787 1.153033 2.518158
v -2.233311 1.163662 2.502861
v -2.241895 1.163662 2.514196
v -2.218624 1.153033 2.540392
v -2.110840 0.908983 2.562289
v -2.101277 0.944023 2.566929
v -2.144428 0.944023 2.623915
v -2.151488 0.908983 2.615968
v -2.172733 1.135772 2.532255
v -2.201787 1.153033 2.518158
v -2.218624 1.153033 2.540392
v -2.197177 1.135772 2.564535
v -2.126369 0.876690 2.554753
v -2.110840 0.908983 2.562289
v -2.151488 0.908983 2.615968
v -2.162951 0.876690 2.603063
v -2.147268 1.112543 2.544612
v -2.172733 1.135772 2.532255
v -2.197177 1.135772 2.564535
v -2.178379 1.112543 2.585697
v -2.147268 0.848385 2.544612
v -2.126369 0.876690 2.554753
v -2.162951 0.876690 2.603063
v -2.178379 0.848385 2.585697
v -2.126369 1.084237 2.554753
v -2.147268 1.112543 2.544612
v -2.178379 1.112543 2.585697
v -2.162951 1.084237 2.603063
v -2.172734 0.825156 2.532255
v -2.147268 0.848385 2.544612
v -2.178379 0.848385 2.585697
v -2.197177 0.825156 2.564535
v -2.110840 1.051944 2.562289
v -2.126369 1.084237 2.554753
v -2.162951 1.084237 2.603063
v -2.151488 1.051944 2.615968
v -2.201787 0.807895 2.518157
v -2.172734 0.825156 2.532255
v -2.197177 0.825156 2.564535
v -2.218624 0.807895 2.540392
v -2.101277 1.016904 2.566929
v -2.110840 1.051944 2.562289
v -2.151488 1.051944 2.615968
v -2.144428 1.016904 2.623915
v -2.233312 0.797265 2.502861
v -2.201787 0.807895 2.518157
v -2.218624 0.807895 2.540392
v -2.241895 0.797265 2.514196
v -2.178379 0.848385 2.585697
v -2.162951 0.876690 2.603063
v -2.215236 0.876690 2.633697
v -2.222844 0.848385 2.611748
v -2.162951 1.084237 2.603063
v -2.178379 1.112543 2.585697
v -2.222844 1.112543 2.611748
v -2.215236 1.084237 2.633697
v -2.197177 0.825156 2.564535
v -2.178379 0.848385 2.585697
v -2.222844 0.848385 2.611748
v -2.232113 0.825156 2.585004
v -2.151488 1.051944 2.615968
v -2.162951 1.084237 2.603063
v -2.215236 1.084237 2.633697
v -2.209584 1.051944 2.650006
v -2.218624 0.807895 2.540392
v -2.197177 0.825156 2.564535
v -2.232113 0.825156 2.585004
v -2.242688 0.807895 2.554491
v -2.144428 1.016904 2.623915
v -2.151488 1.051944 2.615968
v -2.209584 1.051944 2.650006
v -2.206103 1.016904 2.660049
v -2.241895 0.797265 2.514196
v -2.218624 0.807895 2.540392
v -2.242688 0.807895 2.554491
v -2.254163 0.797265 2.521383
v -2.142045 0.980464 2.626598
v -2.144428 1.016904 2.623915
v -2.206103 1.016904 2.660049
v -2.204928 0.980464 2.663440
v -2.144428 0.944023 2.623915
v -2.142045 0.980464 2.626598
v -2.204928 0.980464 2.663440
v -2.206103 0.944023 2.660049
v -2.218624 1.153033 2.540392
v -2.241895 1.163662 2.514196
v -2.254163 1.163662 2.521384
v -2.242688 1.153033 2.554492
v -2.151488 0.908983 2.615968
v -2.144428 0.944023 2.623915
v -2.206103 0.944023 2.660049
v -2.209584 0.908983 2.650006
v -2.197177 1.135772 2.564535
v -2.218624 1.153033 2.540392
v -2.242688 1.153033 2.554492
v -2.232113 1.135772 2.585004
v -2.162951 0.876690 2.603063
v -2.151488 0.908983 2.615968
v -2.209584 0.908983 2.650006
v -2.215236 0.876690 2.633697
v -2.178379 1.112543 2.585697
v -2.197177 1.135772 2.564535
v -2.232113 1.135772 2.585004
v -2.222844 1.112543 2.611748
v -2.206103 0.944023 2.660049
v -2.204928 0.980464 2.663440
v -2.277123 0.980464 2.673414
v -2.276911 0.944023 2.669831
v -2.242688 1.153033 2.554492
v -2.254163 1.163662 2.521384
v -2.268247 1.163662 2.523329
v -2.270316 1.153033 2.558308
v -2.209584 0.908983 2.650006
v -2.206103 0.944023 2.660049
v -2.276911 0.944023 2.669831
v -2.276284 0.908983 2.659221
v -2.232113 1.135772 2.585004
v -2.242688 1.153033 2.554492
v -2.270316 1.153033 2.558308
v -2.272222 1.135772 2.590545
v -2.215236 0.876690 2.633697
v -2.209584 0.908983 2.650006
v -2.276284 0.908983 2.659221
v -2.275265 0.876690 2.641990
v -2.222844 1.112543 2.611748
v -2.232113 1.135772 2.585004
v -2.272222 1.135772 2.590545
v -2.273893 1.112543 2.618801
v -2.222844 0.848385 2.611748
v -2.215236 0.876690 2.633697
v -2.275265 0.876690 2.641990
v -2.273893 0.848385 2.618801
v -2.215236 1.084237 2.633697
v -2.222844 1.112543 2.611748
v -2.273893 1.112543 2.618801
v -2.275265 1.084237 2.641990
v -2.232113 0.825156 2.585004
v -2.222844 0.848385 2.611748
v -2.273893 0.848385 2.618801
v -2.272222 0.825156 2.590545
v -2.209584 1.051944 2.650006
v -2.215236 1.084237 2.633697
v -2.275265 1.084237 2.641990
v -2.276284 1.051944 2.659221
v -2.242688 0.807895 2.554491
v -2.232113 0.825156 2.585004
v -2.272222 0.825156 2.590545
v -2.270316 0.807895 2.558308
v -2.206103 1.016904 2.660049
v -2.209584 1.051944 2.650006
v -2.276284 1.051944 2.659221
v -2.276911 1.016904 2.669831
v -2.254163 0.797265 2.521383
v -2.242688 0.807895 2.554491
v -2.270316 0.807895 2.558308
v -2.268247 0.797265 2.523329
v -2.204928 0.980464 2.663440
v -2.206103 1.016904 2.660049
v -2.276911 1.016904 2.669831
v -2.277123 0.980464 2.673414
v -2.272222 0.825156 2.590545
v -2.273893 0.848385 2.618801
v -2.323756 0.848385 2.605781
v -2.311399 0.825156 2.580315
v -2.276284 1.051944 2.659221
v -2.275265 1.084237 2.641990
v -2.333897 1.084237 2.626679
v -2.341432 1.051944 2.642209
v -2.270316 0.807895 2.558308
v -2.272222 0.825156 2.590545
v -2.311399 0.825156 2.580315
v -2.297302 0.807895 2.551262
v -2.276911 1.016904 2.669831
v -2.276284 1.051944 2.659221
v -2.341432 1.051944 2.642209
v -2.346073 1.016904 2.651772
v -2.268247 0.797265 2.523329
v -2.270316 0.807895 2.558308
v -2.297302 0.807895 2.551262
v -2.282005 0.797265 2.519737
v -2.277123 0.980464 2.673414
v -2.276911 1.016904 2.669831
v -2.346073 1.016904 2.651772
v -2.347640 0.980464 2.655001
v -2.276911 0.944023 2.669831
v -2.277123 0.980464 2.673414
v -2.347640 0.980464 2.655001
v -2.346073 0.944023 2.651772
v -2.270316 1.153033 2.558308
v -2.268247 1.163662 2.523329
v -2.282005 1.163662 2.519737
v -2.297302 1.153033 2.551262
v -2.276284 0.908983 2.659221
v -2.276911 0.944023 2.669831
v -2.346073 0.944023 2.651772
v -2.341432 0.908983 2.642209
v -2.272222 1.135772 2.590545
v -2.270316 1.153033 2.558308
v -2.297302 1.153033 2.551262
v -2.311399 1.135772 2.580315
v -2.275265 0.876690 2.641990
v -2.276284 0.908983 2.659221
v -2.341432 0.908983 2.642209
v -2.333897 0.876690 2.626679
v -2.273893 1.112543 2.618801
v -2.272222 1.135772 2.590545
v -2.311399 1.135772 2.580315
v -2.323756 1.112543 2.605781
v -2.273893 0.848385 2.618801
v -2.275265 0.876690 2.641990
v -2.333897 0.876690 2.626679
v -2.323756 0.848385 2.605781
v -2.275265 1.084237 2.641990
v -2.273893 1.112543 2.618801
v -2.323756 1.112543 2.605781
v -2.333897 1.084237 2.626679
v -2.297302 1.153033 2.551262
v -2.282005 1.163662 2.519737
v -2.293340 1.163662 2.511153
v -2.319536 1.153033 2.534425
v -2.341432 0.908983 2.642209
v -2.346073 0.944023 2.651772
v -2.403059 0.944023 2.608620
v -2.395112 0.908983 2.601561
v -2.311399 1.135772 2.580315
v -2.297302 1.153033 2.551262
v -2.319536 1.153033 2.534425
v -2.343679 1.135772 2.555871
v -2.333897 0.876690 2.626679
v -2.341432 0.908983 2.642209
v -2.395112 0.908983 2.601561
v -2.382207 0.876690 2.590097
v -2.323756 1.112543 2.605781
v -2.311399 1.135772 2.580315
v -2.343679 1.135772 2.555871
v -2.364841 1.112543 2.574670
v -2.323756 0.848385 2.605781
v -2.333897 0.876690 2.626679
v -2.382207 0.876690 2.590097
v -2.364841 0.848385 2.574670
v -2.333897 1.084237 2.626679
v -2.323756 1.112543 2.605781
v -2.364841 1.112543 2.574670
v -2.382207 1.084237 2.590097
v -2.311399 0.825156 2.580315
v -2.323756 0.848385 2.605781
v -2.364841 0.848385 2.574670
v -2.343679 0.825156 2.555871
v -2.341432 1.051944 2.642209
v -2.333897 1.084237 2.626679
v -2.382207 1.084237 2.590097
v -2.395112 1.051944 2.601561
v -2.297302 0.807895 2.551262
v -2.311399 0.825156 2.580315
v -2.343679 0.825156 2.555871
v -2.319536 0.807895 2.534425
v -2.346073 1.016904 2.651772
v -2.341432 1.051944 2.642209
v -2.395112 1.051944 2.601561
v -2.403059 1.016904 2.608620
v -2.282005 0.797265 2.519737
v -2.297302 0.807895 2.551262
v -2.319536 0.807895 2.534425
v -2.293340 0.797265 2.511153
v -2.347640 0.980464 2.655001
v -2.346073 1.016904 2.651772
v -2.403059 1.016904 2.608620
v -2.405742 0.980464 2.611004
v -2.346073 0.944023 2.651772
v -2.347640 0.980464 2.655001
v -2.405742 0.980464 2.611004
v -2.403059 0.944023 2.608620
v -2.395112 1.051944 2.601561
v -2.382207 1.084237 2.590097
v -2.412841 1.084237 2.537812
v -2.429150 1.051944 2.543464
v -2.319536 0.807895 2.534425
v -2.343679 0.825156 2.555871
v -2.364148 0.825156 2.520936
v -2.333635 0.807895 2.510360
v -2.403059 1.016904 2.608620
v -2.395112 1.051944 2.601561
v -2.429150 1.051944 2.543464
v -2.439193 1.016904 2.546945
v -2.293340 0.797265 2.511153
v -2.319536 0.807895 2.534425
v -2.333635 0.807895 2.510360
v -2.300527 0.797265 2.498886
v -2.405742 0.980464 2.611004
v -2.403059 1.016904 2.608620
v -2.439193 1.016904 2.546945
v -2.442584 0.980464 2.548121
v -2.403059 0.944023 2.608620
v -2.405742 0.980464 2.611004
v -2.442584 0.980464 2.548121
v -2.439193 0.944023 2.546945
v -2.319536 1.153033 2.534425
v -2.293340 1.163662 2.511153
v -2.300527 1.163662 2.498886
v -2.333635 1.153033 2.510360
v -2.395112 0.908983 2.601561
v -2.403059 0.944023 2.608620
v -2.439193 0.944023 2.546945
v -2.429150 0.908983 2.543464
v -2.343679 1.135772 2.555871
v -2.319536 1.153033 2.534425
v -2.333635 1.153033 2.510360
v -2.364148 1.135772 2.520936
v -2.382207 0.876690 2.590097
v -2.395112 0.908983 2.601561
v -2.429150 0.908983 2.543464
v -2.412841 0.876690 2.537812
v -2.364841 1.112543 2.574670
v -2.343679 1.135772 2.555871
v -2.364148 1.135772 2.520936
v -2.390892 1.112543 2.530205
v -2.364841 0.848385 2.574670
v -2.382207 0.876690 2.590097
v -2.412841 0.876690 2.537812
v -2.390892 0.848385 2.530205
v -2.382207 1.084237 2.590097
v -2.364841 1.112543 2.574670
v -2.390892 1.112543 2.530205
v -2.412841 1.084237 2.537812
v -2.343679 0.825156 2.555871
v -2.364841 0.848385 2.574670
v -2.390892 0.848385 2.530205
v -2.364148 0.825156 2.520936
v -2.429150 0.908983 2.543464
v -2.439193 0.944023 2.546945
v -2.448975 0.944023 2.476137
v -2.438365 0.908983 2.476765
v -2.364148 1.135772 2.520936
v -2.333635 1.153033 2.510360
v -2.337452 1.153033 2.482733
v -2.369689 1.135772 2.480826
v -2.412841 0.876690 2.537812
v -2.429150 0.908983 2.543464
v -2.438365 0.908983 2.476765
v -2.421134 0.876690 2.477784
v -2.390892 1.112543 2.530205
v -2.364148 1.135772 2.520936
v -2.369689 1.135772 2.480826
v -2.397944 1.112543 2.479155
v -2.390892 0.848385 2.530205
v -2.412841 0.876690 2.537812
v -2.421134 0.876690 2.477784
v -2.397944 0.848385 2.479155
v -2.412841 1.084237 2.537812
v -2.390892 1.112543 2.530205
v -2.397944 1.112543 2.479155
v -2.421134 1.084237 2.477784
v -2.364148 0.825156 2.520936
v -2.390892 0.848385 2.530205
v -2.397944 0.848385 2.479155
v -2.369689 0.825156 2.480826
v -2.429150 1.051944 2.543464
v -2.412841 1.084237 2.537812
v -2.421134 1.084237 2.477784
v -2.438365 1.051944 2.476765
v -2.333635 0.807895 2.510360
v -2.364148 0.825156 2.520936
v -2.369689 0.825156 2.480826
v -2.337452 0.807895 2.482733
v -2.439193 1.016904 2.546945
v -2.429150 1.051944 2.543464
v -2.438365 1.051944 2.476765
v -2.448975 1.016904 2.476137
v -2.300527 0.797265 2.498886
v -2.333635 0.807895 2.510360
v -2.337452 0.807895 2.482733
v -2.302473 0.797265 2.484801
v -2.442584 0.980464 2.548121
v -2.439193 1.016904 2.546945
v -2.448975 1.016904 2.476137
v -2.452558 0.980464 2.475925
v -2.439193 0.944023 2.546945
v -2.442584 0.980464 2.548121
v -2.452558 0.980464 2.475925
v -2.448975 0.944023 2.476137
v -2.333635 1.153033 2.510360
v -2.300527 1.163662 2.498886
v -2.302473 1.163662 2.484801
v -2.337452 1.153033 2.482733
v -2.337452 0.807895 2.482733
v -2.369689 0.825156 2.480826
v -2.359459 0.825156 2.441649
v -2.330405 0.807895 2.455747
v -2.448975 1.016904 2.476137
v -2.438365 1.051944 2.476765
v -2.421353 1.051944 2.411616
v -2.430916 1.016904 2.406976
v -2.302473 0.797265 2.484801
v -2.337452 0.807895 2.482733
v -2.330405 0.807895 2.455747
v -2.298881 0.797265 2.471044
v -2.452558 0.980464 2.475925
v -2.448975 1.016904 2.476137
v -2.430916 1.016904 2.406976
v -2.434144 0.980464 2.405409
v -2.448975 0.944023 2.476137
v -2.452558 0.980464 2.475925
v -2.434144 0.980464 2.405409
v -2.430916 0.944023 2.406976
v -2.337452 1.153033 2.482733
v -2.302473 1.163662 2.484801
v -2.298881 1.163662 2.471044
v -2.330405 1.153033 2.455747
v -2.438365 0.908983 2.476765
v -2.448975 0.944023 2.476137
v -2.430916 0.944023 2.406976
v -2.421353 0.908983 2.411616
v -2.369689 1.135772 2.480826
v -2.337452 1.153033 2.482733
v -2.330405 1.153033 2.455747
v -2.359459 1.135772 2.441649
v -2.421134 0.876690 2.477784
v -2.438365 0.908983 2.476765
v -2.421353 0.908983 2.411616
v -2.405823 0.876690 2.419152
v -2.397944 1.112543 2.479155
v -2.369689 1.135772 2.480826
v -2.359459 1.135772 2.441649
v -2.384924 1.112543 2.429292
v -2.397944 0.848385 2.479155
v -2.421134 0.876690 2.477784
v -2.405823 0.876690 2.419152
v -2.384924 0.848385 2.429292
v -2.421134 1.084237 2.477784
v -2.397944 1.112543 2.479155
v -2.384924 1.112543 2.429292
v -2.405823 1.084237 2.419152
v -2.369689 0.825156 2.480826
v -2.397944 0.848385 2.479155
v -2.384924 0.848385 2.429292
v -2.359459 0.825156 2.441649
v -2.438365 1.051944 2.476765
v -2.421134 1.084237 2.477784
v -2.405823 1.084237 2.419152
v -2.421353 1.051944 2.411616
v -2.359459 1.135772 2.441649
v -2.330405 1.153033 2.455747
v -2.313569 1.153033 2.433512
v -2.335015 1.135772 2.409369
v -2.405823 0.876690 2.419152
v -2.421353 0.908983 2.411616
v -2.380705 0.908983 2.357937
v -2.369241 0.876690 2.370841
v -2.384924 1.112543 2.429292
v -2.359459 1.135772 2.441649
v -2.335015 1.135772 2.409369
v -2.353814 1.112543 2.388208
v -2.384924 0.848385 2.429292
v -2.405823 0.876690 2.419152
v -2.369241 0.876690 2.370841
v -2.353814 0.848385 2.388208
v -2.405823 1.084237 2.419152
v -2.384924 1.112543 2.429292
v -2.353814 1.112543 2.388208
v -2.369241 1.084237 2.370841
v -2.359459 0.825156 2.441649
v -2.384924 0.848385 2.429292
v -2.353814 0.848385 2.388208
v -2.335015 0.825156 2.409369
v -2.421353 1.051944 2.411616
v -2.405823 1.084237 2.419152
v -2.369241 1.084237 2.370841
v -2.380705 1.051944 2.357937
v -2.330405 0.807895 2.455747
v -2.359459 0.825156 2.441649
v -2.335015 0.825156 2.409369
v -2.313569 0.807895 2.433512
v -2.430916 1.016904 2.406976
v -2.421353 1.051944 2.411616
v -2.380705 1.051944 2.357937
v -2.387764 1.016904 2.349990
v -2.298881 0.797265 2.471044
v -2.330405 0.807895 2.455747
v -2.313569 0.807895 2.433512
v -2.290297 0.797265 2.459709
v -2.434144 0.980464 2.405409
v -2.430916 1.016904 2.406976
v -2.387764 1.016904 2.349990
v -2.390147 0.980464 2.347307
v -2.430916 0.944023 2.406976
v -2.434144 0.980464 2.405409
v -2.390147 0.980464 2.347307
v -2.387764 0.944023 2.349990
v -2.330405 1.153033 2.455747
v -2.298881 1.163662 2.471044
v -2.290298 1.163662 2.459709
v -2.313569 1.153033 2.433512
v -2.421353 0.908983 2.411616
v -2.430916 0.944023 2.406976
v -2.387764 0.944023 2.349990
v -2.380705 0.908983 2.357937
v -2.387764 1.016904 2.349990
v -2.380705 1.051944 2.357937
v -2.322608 1.051944 2.323899
v -2.326089 1.016904 2.313855
v -2.290297 0.797265 2.459709
v -2.313569 0.807895 2.433512
v -2.289504 0.807895 2.419413
v -2.278029 0.797265 2.452521
v -2.390147 0.980464 2.347307
v -2.387764 1.016904 2.349990
v -2.326089 1.016904 2.313855
v -2.327265 0.980464 2.310464
v -2.387764 0.944023 2.349990
v -2.390147 0.980464 2.347307
v -2.327265 0.980464 2.310464
v -2.326089 0.944023 2.313855
v -2.313569 1.153033 2.433512
v -2.290298 1.163662 2.459709
v -2.278029 1.163662 2.452521
v -2.289504 1.153033 2.419413
v -2.380705 0.908983 2.357937
v -2.387764 0.944023 2.349990
v -2.326089 0.944023 2.313855
v -2.322608 0.908983 2.323899
v -2.335015 1.135772 2.409369
v -2.313569 1.153033 2.433512
v -2.289504 1.153033 2.419413
v -2.300079 1.135772 2.388901
v -2.369241 0.876690 2.370841
v -2.380705 0.908983 2.357937
v -2.322608 0.908983 2.323899
v -2.316956 0.876690 2.340208
v -2.353814 1.112543 2.388208
v -2.335015 1.135772 2.409369
v -2.300079 1.135772 2.388901
v -2.309349 1.112543 2.362156
v -2.353814 0.848385 2.388208
v -2.369241 0.876690 2.370841
v -2.316956 0.876690 2.340208
v -2.309349 0.848385 2.362156
v -2.369241 1.084237 2.370841
v -2.353814 1.112543 2.388208
v -2.309349 1.112543 2.362156
v -2.316956 1.084237 2.340208
v -2.335015 0.825156 2.409369
v -2.353814 0.848385 2.388208
v -2.309349 0.848385 2.362156
v -2.300079 0.825156 2.388901
v -2.380705 1.051944 2.357937
v -2.369241 1.084237 2.370841
v -2.316956 1.084237 2.340208
v -2.322608 1.051944 2.323899
v -2.313569 0.807895 2.433512
v -2.335015 0.825156 2.409369
v -2.300079 0.825156 2.388901
v -2.289504 0.807895 2.419413
v -2.316956 0.876690 2.340208
v -2.322608 0.908983 2.323899
v -2.255909 0.908983 2.314684
v -2.256928 0.876690 2.331915
v -2.309349 1.112543 2.362156
v -2.300079 1.135772 2.388901
v -2.259970 1.135772 2.383360
v -2.258299 1.112543 2.355104
v -2.309349 0.848385 2.362156
v -2.316956 0.876690 2.340208
v -2.256928 0.876690 2.331915
v -2.258299 0.848385 2.355104
v -2.316956 1.084237 2.340208
v -2.309349 1.112543 2.362156
v -2.258299 1.112543 2.355104
v -2.256928 1.084237 2.331915
v -2.300079 0.825156 2.388901
v -2.309349 0.848385 2.362156
v -2.258299 0.848385 2.355104
v -2.259970 0.825156 2.383360
v -2.322608 1.051944 2.323899
v -2.316956 1.084237 2.340208
v -2.256928 1.084237 2.331915
v -2.255909 1.051944 2.314684
v -2.289504 0.807895 2.419413
v -2.300079 0.825156 2.388901
v -2.259970 0.825156 2.383360
v -2.261876 0.807895 2.415596
v -2.326089 1.016904 2.313855
v -2.322608 1.051944 2.323899
v -2.255909 1.051944 2.314684
v -2.255281 1.016904 2.304073
v -2.278029 0.797265 2.452521
v -2.289504 0.807895 2.419413
v -2.261876 0.807895 2.415596
v -2.263945 0.797265 2.450575
v -2.327265 0.980464 2.310464
v -2.326089 1.016904 2.313855
v -2.255281 1.016904 2.304073
v -2.255069 0.980464 2.300490
v -2.326089 0.944023 2.313855
v -2.327265 0.980464 2.310464
v -2.255069 0.980464 2.300490
v -2.255281 0.944023 2.304073
v -2.289504 1.153033 2.419413
v -2.278029 1.163662 2.452521
v -2.263945 1.163662 2.450575
v -2.261876 1.153033 2.415596
v -2.322608 0.908983 2.323899
v -2.326089 0.944023 2.313855
v -2.255281 0.944023 2.304073
v -2.255909 0.908983 2.314684
v -2.300079 1.135772 2.388901
v -2.289504 1.153033 2.419413
v -2.261876 1.153033 2.415596
v -2.259970 1.135772 2.383360
v -2.263945 0.797265 2.450575
v -2.261876 0.807895 2.415596
v -2.234891 0.807895 2.422643
v -2.250188 0.797265 2.454168
v -2.255069 0.980464 2.300490
v -2.255281 1.016904 2.304073
v -2.186120 1.016904 2.322133
v -2.184553 0.980464 2.318904
v -2.255281 0.944023 2.304073
v -2.255069 0.980464 2.300490
v -2.184553 0.980464 2.318904
v -2.186120 0.944023 2.322133
v -2.261876 1.153033 2.415596
v -2.263945 1.163662 2.450575
v -2.250188 1.163662 2.454168
v -2.234891 1.153033 2.422643
v -2.255909 0.908983 2.314684
v -2.255281 0.944023 2.304073
v -2.186120 0.944023 2.322133
v -2.190760 0.908983 2.331696
v -2.259970 1.135772 2.383360
v -2.261876 1.153033 2.415596
v -2.234891 1.153033 2.422643
v -2.220793 1.135772 2.393589
v -2.256928 0.876690 2.331915
v -2.255909 0.908983 2.314684
v -2.190760 0.908983 2.331696
v -2.198295 0.876690 2.347225
v -2.258299 1.112543 2.355104
v -2.259970 1.135772 2.383360
v -2.220793 1.135772 2.393589
v -2.208436 1.112543 2.368124
v -2.258299 0.848385 2.355104
v -2.256928 0.876690 2.331915
v -2.198295 0.876690 2.347225
v -2.208436 0.848385 2.368124
v -2.256928 1.084237 2.331915
v -2.258299 1.112543 2.355104
v -2.208436 1.112543 2.368124
v -2.198295 1.084237 2.347225
v -2.259970 0.825156 2.383360
v -2.258299 0.848385 2.355104
v -2.208436 0.848385 2.368124
v -2.220793 0.825156 2.393589
v -2.255909 1.051944 2.314684
v -2.256928 1.084237 2.331915
v -2.198295 1.084237 2.347225
v -2.190760 1.051944 2.331696
v -2.261876 0.807895 2.415596
v -2.259970 0.825156 2.383360
v -2.220793 0.825156 2.393589
v -2.234891 0.807895 2.422643
v -2.255281 1.016904 2.304073
v -2.255909 1.051944 2.314684
v -2.190760 1.051944 2.331696
v -2.186120 1.016904 2.322133
v -2.208436 0.848385 2.368124
v -2.198295 0.876690 2.347225
v -2.149985 0.876690 2.383807
v -2.167352 0.848385 2.399235
v -2.198295 1.084237 2.347225
v -2.208436 1.112543 2.368124
v -2.167352 1.112543 2.399235
v -2.149985 1.084237 2.383808
v -2.220793 0.825156 2.393589
v -2.208436 0.848385 2.368124
v -2.167352 0.848385 2.399235
v -2.188513 0.825156 2.418033
v -2.190760 1.051944 2.331696
v -2.198295 1.084237 2.347225
v -2.149985 1.084237 2.383808
v -2.137080 1.051944 2.372344
v -2.234891 0.807895 2.422643
v -2.220793 0.825156 2.393589
v -2.188513 0.825156 2.418033
v -2.212656 0.807895 2.439480
v -2.186120 1.016904 2.322133
v -2.190760 1.051944 2.331696
v -2.137080 1.051944 2.372344
v -2.129134 1.016904 2.365285
v -2.250188 0.797265 2.454168
v -2.234891 0.807895 2.422643
v -2.212656 0.807895 2.439480
v -2.238853 0.797265 2.462751
v -2.184553 0.980464 2.318904
v -2.186120 1.016904 2.322133
v -2.129134 1.016904 2.365285
v -2.126451 0.980464 2.362901
v -2.186120 0.944023 2.322133
v -2.184553 0.980464 2.318904
v -2.126451 0.980464 2.362901
v -2.129134 0.944023 2.365285
v -2.234891 1.153033 2.422643
v -2.250188 1.163662 2.454168
v -2.238853 1.163662 2.462751
v -2.212656 1.153033 2.439480
v -2.190760 0.908983 2.331696
v -2.186120 0.944023 2.322133
v -2.129134 0.944023 2.365285
v -2.137080 0.908983 2.372344
v -2.220793 1.135772 2.393589
v -2.234891 1.153033 2.422643
v -2.212656 1.153033 2.439480
v -2.188513 1.135772 2.418033
v -2.198295 0.876690 2.347225
v -2.190760 0.908983 2.331696
v -2.137080 0.908983 2.372344
v -2.149985 0.876690 2.383807
v -2.208436 1.112543 2.368124
v -2.220793 1.135772 2.393589
v -2.188513 1.135772 2.418033
v -2.167352 1.112543 2.399235
v -2.129134 0.944023 2.365285
v -2.126451 0.980464 2.362901
v -2.089608 0.980464 2.425784
v -2.092999 0.944023 2.426959
v -2.212656 1.153033 2.439480
v -2.238853 1.163662 2.462751
v -2.231665 1.163662 2.475019
v -2.198557 1.153033 2.463544
v -2.137080 0.908983 2.372344
v -2.129134 0.944023 2.365285
v -2.092999 0.944023 2.426959
v -2.103043 0.908983 2.430440
v -2.188513 1.135772 2.418033
v -2.212656 1.153033 2.439480
v -2.198557 1.153033 2.463544
v -2.168045 1.135772 2.452969
v -2.149985 0.876690 2.383807
v -2.137080 0.908983 2.372344
v -2.103043 0.908983 2.430440
v -2.119352 0.876690 2.436093
v -2.167352 1.112543 2.399235
v -2.188513 1.135772 2.418033
v -2.168045 1.135772 2.452969
v -2.141300 1.112543 2.443700
v -2.167352 0.848385 2.399235
v -2.149985 0.876690 2.383807
v -2.119352 0.876690 2.436093
v -2.141300 0.848385 2.443700
v -2.149985 1.084237 2.383808
v -2.167352 1.112543 2.399235
v -2.141300 1.112543 2.443700
v -2.119352 1.084237 2.436093
v -2.188513 0.825156 2.418033
v -2.167352 0.848385 2.399235
v -2.141300 0.848385 2.443700
v -2.168045 0.825156 2.452969
v -2.137080 1.051944 2.372344
v -2.149985 1.084237 2.383808
v -2.119352 1.084237 2.436093
v -2.103042 1.051944 2.430440
v -2.212656 0.807895 2.439480
v -2.188513 0.825156 2.418033
v -2.168045 0.825156 2.452969
v -2.198557 0.807895 2.463544
v -2.129134 1.016904 2.365285
v -2.137080 1.051944 2.372344
v -2.103042 1.051944 2.430440
v -2.092999 1.016904 2.426959
v -2.238853 0.797265 2.462751
v -2.212656 0.807895 2.439480
v -2.198557 0.807895 2.463544
v -2.231665 0.797265 2.475019
v -2.126451 0.980464 2.362901
v -2.129134 1.016904 2.365285
v -2.092999 1.016904 2.426959
v -2.089608 0.980464 2.425784
v -2.119352 1.084237 2.436093
v -2.141300 1.112543 2.443700
v -2.134248 1.112543 2.494750
v -2.111059 1.084237 2.496121
v -2.168045 0.825156 2.452969
v -2.141300 0.848385 2.443700
v -2.134248 0.848385 2.494750
v -2.162503 0.825156 2.493078
v -2.103042 1.051944 2.430440
v -2.119352 1.084237 2.436093
v -2.111059 1.084237 2.496121
v -2.093828 1.051944 2.497140
v -2.198557 0.807895 2.463544
v -2.168045 0.825156 2.452969
v -2.162503 0.825156 2.493078
v -2.194740 0.807895 2.491172
v -2.092999 1.016904 2.426959
v -2.103042 1.051944 2.430440
v -2.093828 1.051944 2.497140
v -2.083217 1.016904 2.497767
v -2.231665 0.797265 2.475019
v -2.198557 0.807895 2.463544
v -2.194740 0.807895 2.491172
v -2.229719 0.797265 2.489104
v -2.089608 0.980464 2.425784
v -2.092999 1.016904 2.426959
v -2.083217 1.016904 2.497767
v -2.079634 0.980464 2.497979
v -2.092999 0.944023 2.426959
v -2.089608 0.980464 2.425784
v -2.079634 0.980464 2.497979
v -2.083217 0.944023 2.497767
v -2.198557 1.153033 2.463544
v -2.231665 1.163662 2.475019
v -2.229719 1.163662 2.489104
v -2.194740 1.153033 2.491172
v -2.103043 0.908983 2.430440
v -2.092999 0.944023 2.426959
v -2.083217 0.944023 2.497767
v -2.093828 0.908983 2.497140
v -2.168045 1.135772 2.452969
v -2.198557 1.153033 2.463544
v -2.194740 1.153033 2.491172
v -2.162503 1.135772 2.493078
v -2.119352 0.876690 2.436093
v -2.103043 0.908983 2.430440
v -2.093828 0.908983 2.497140
v -2.111059 0.876690 2.496121
v -2.141300 1.112543 2.443700
v -2.168045 1.135772 2.452969
v -2.162503 1.135772 2.493078
v -2.134248 1.112543 2.494750
v -2.141300 0.848385 2.443700
v -2.119352 0.876690 2.436093
v -2.111059 0.876690 2.496121
v -2.134248 0.848385 2.494750
vn 0.0967 0.9950 0.0252
vn 0.0967 -0.9950 0.0252
vn 0.0797 0.9950 0.0603
vn 0.0797 -0.9950 0.0603
vn 0.0505 0.9950 0.0862
vn 0.0505 -0.9950 0.0862
vn 0.0137 -0.9950 0.0990
vn 0.0137 0.9950 0.0990
vn -0.0252 0.9950 0.0967
vn -0.0252 -0.9950 0.0967
vn -0.0603 0.9950 0.0797
vn -0.0603 -0.9950 0.0797
vn -0.0862 0.9950 0.0505
vn -0.0862 -0.9950 0.0505
vn -0.0990 0.9950 0.0137
vn -0.0990 -0.9950 0.0137
vn -0.0967 0.9950 -0.0252
vn -0.0967 -0.9950 -0.0252
vn -0.0797 0.9950 -0.0603
vn -0.0797 -0.9950 -0.0603
vn -0.0505 0.9950 -0.0862
vn -0.0505 -0.9950 -0.0862
vn -0.0137 0.9950 -0.0990
vn -0.0137 -0.9950 -0.0990
vn 0.0252 0.9950 -0.0967
vn 0.0252 -0.9950 -0.0967
vn 0.0603 0.9950 -0.0797
vn 0.0603 -0.9950 -0.0797
vn 0.0862 0.9950 -0.0505
vn 0.0862 -0.9950 -0.0505
vn 0.0990 0.9950 -0.0137
vn 0.0990 -0.9950 -0.0137
vn 0.2859 0.9553 0.0747
vn 0.9274 -0.2852 0.2422
vn 0.4630 0.8781 0.1209
vn 0.8569 -0.4643 0.2238
vn 0.6209 0.7669 0.1621
vn 0.7537 -0.6270 0.1968
vn 0.7537 0.6270 0.1968
vn 0.6209 -0.7669 0.1621
vn 0.8569 0.4643 0.2238
vn 0.4630 -0.8781 0.1209
vn 0.9274 0.2852 0.2422
vn 0.2859 -0.9553 0.0747
vn 0.9631 0.0962 0.2515
vn 0.9631 -0.0962 0.2515
vn 0.7935 0.0962 0.6009
vn 0.7935 -0.0962 0.6009
vn 0.2356 0.9553 0.1784
vn 0.7641 -0.2852 0.5786
vn 0.3815 0.8781 0.2889
vn 0.7061 -0.4643 0.5347
vn 0.5116 0.7669 0.3874
vn 0.6210 -0.6270 0.4703
vn 0.6210 0.6270 0.4703
vn 0.5116 -0.7669 0.3874
vn 0.7061 0.4643 0.5347
vn 0.3815 -0.8781 0.2889
vn 0.7641 0.2852 0.5786
vn 0.2356 -0.9553 0.1784
vn 0.3938 -0.6270 0.6721
vn 0.3938 0.6270 0.6721
vn 0.3244 -0.7669 0.5537
vn 0.4477 0.4643 0.7642
vn 0.2419 -0.8781 0.4129
vn 0.4845 0.2852 0.8270
vn 0.1494 -0.9553 0.2549
vn 0.5032 0.0962 0.8588
vn 0.5032 -0.0962 0.8588
vn 0.1494 0.9553 0.2549
vn 0.4845 -0.2852 0.8270
vn 0.2419 0.8781 0.4129
vn 0.4477 -0.4643 0.7642
vn 0.3244 0.7669 0.5537
vn 0.1362 -0.0962 0.9860
vn 0.0404 0.9553 0.2927
vn 0.1312 -0.2852 0.9495
vn 0.0655 0.8781 0.4740
vn 0.1212 -0.4643 0.8773
vn 0.0878 0.7669 0.6357
vn 0.1066 -0.6270 0.7717
vn 0.1066 0.6270 0.7717
vn 0.0878 -0.7669 0.6357
vn 0.1212 0.4643 0.8773
vn 0.0655 -0.8781 0.4740
vn 0.1312 0.2852 0.9495
vn 0.0404 -0.9553 0.2927
vn 0.1362 0.0962 0.9860
vn -0.1621 -0.7669 0.6209
vn -0.2238 0.4643 0.8569
vn -0.1209 -0.8781 0.4630
vn -0.2422 0.2852 0.9274
vn -0.0747 -0.9553 0.2859
vn -0.2515 0.0962 0.9631
vn -0.2515 -0.0962 0.9631
vn -0.0747 0.9553 0.2859
vn -0.2422 -0.2852 0.9274
vn -0.1209 0.8781 0.4630
vn -0.2238 -0.4643 0.8569
vn -0.1621 0.7669 0.6209
vn -0.1968 -0.6270 0.7537
vn -0.1968 0.6270 0.7537
vn -0.1784 0.9553 0.2356
vn -0.5786 -0.2852 0.7641
vn -0.2889 0.8781 0.3815
vn -0.5347 -0.4643 0.7061
vn -0.3874 0.7669 0.5116
vn -0.4703 -0.6270 0.6210
vn -0.4703 0.6270 0.6210
vn -0.3874 -0.7669 0.5116
vn -0.5347 0.4643 0.7061
vn -0.2889 -0.8781 0.3815
vn -0.5786 0.2852 0.7641
vn -0.1784 -0.9553 0.2356
vn -0.6009 0.0962 0.7935
vn -0.6009 -0.0962 0.7935
vn -0.7642 0.4643 0.4477
vn -0.4129 -0.8781 0.2419
vn -0.8270 0.2852 0.4845
vn -0.2549 -0.9553 0.1494
vn -0.8588 0.0962 0.5032
vn -0.8588 -0.0962 0.5032
vn -0.2549 0.9553 0.1494
vn -0.8270 -0.2852 0.4845
vn -0.4129 0.8781 0.2419
vn -0.7642 -0.4643 0.4477
vn -0.5537 0.7669 0.3244
vn -0.6721 -0.6270 0.3938
vn -0.6721 0.6270 0.3938
vn -0.5537 -0.7669 0.3244
vn -0.9495 -0.2852 0.1312
vn -0.4740 0.8781 0.0655
vn -0.8773 -0.4643 0.1212
vn -0.6357 0.7669 0.0878
vn -0.7717 -0.6270 0.1066
vn -0.7717 0.6270 0.1066
vn -0.6357 -0.7669 0.0878
vn -0.8773 0.4643 0.1212
vn -0.4740 -0.8781 0.0655
vn -0.9495 0.2852 0.1312
vn -0.2927 -0.9553 0.0404
vn -0.9860 0.0962 0.1362
vn -0.9860 -0.0962 0.1362
vn -0.2927 0.9553 0.0404
vn -0.4630 -0.8781 -0.1209
vn -0.9274 0.2852 -0.2422
vn -0.2859 -0.9553 -0.0747
vn -0.9631 0.0962 -0.2515
vn -0.9631 -0.0962 -0.2515
vn -0.2859 0.9553 -0.0747
vn -0.9274 -0.2852 -0.2422
vn -0.4630 0.8781 -0.1209
vn -0.8569 -0.4643 -0.2238
vn -0.6209 0.7669 -0.1621
vn -0.7537 -0.6270 -0.1968
vn -0.7537 0.6270 -0.1968
vn -0.6209 -0.7669 -0.1621
vn -0.8569 0.4643 -0.2238
vn -0.3815 0.8781 -0.2889
vn -0.7061 -0.4643 -0.5347
vn -0.5116 0.7669 -0.3874
vn -0.6210 -0.6270 -0.4703
vn -0.6210 0.6270 -0.4703
vn -0.5116 -0.7669 -0.3874
vn -0.7061 0.4643 -0.5347
vn -0.3815 -0.8781 -0.2889
vn -0.7641 0.2852 -0.5786
vn -0.2356 -0.9553 -0.1784
vn -0.7935 0.0962 -0.6009
vn -0.7935 -0.0962 -0.6009
vn -0.2356 0.9553 -0.1784
vn -0.7641 -0.2852 -0.5786
vn -0.4845 0.2852 -0.8270
vn -0.1494 -0.9553 -0.2549
vn -0.5032 0.0962 -0.8588
vn -0.5032 -0.0962 -0.8588
vn -0.1494 0.9553 -0.2549
vn -0.4845 -0.2852 -0.8270
vn -0.2419 0.8781 -0.4129
vn -0.4477 -0.4643 -0.7642
vn -0.3244 0.7669 -0.5537
vn -0.3938 -0.6270 -0.6721
vn -0.3938 0.6270 -0.6721
vn -0.3244 -0.7669 -0.5537
vn -0.4477 0.4643 -0.7642
vn -0.2419 -0.8781 -0.4129
vn -0.1212 -0.4643 -0.8773
vn -0.0878 0.7669 -0.6357
vn -0.1066 -0.6270 -0.7717
vn -0.1066 0.6270 -0.7717
vn -0.0878 -0.7669 -0.6357
vn -0.1212 0.4643 -0.8773
vn -0.0655 -0.8781 -0.4740
vn -0.1312 0.2852 -0.9495
vn -0.0404 -0.9553 -0.2927
vn -0.1362 0.0962 -0.9860
vn -0.1362 -0.0962 -0.9860
vn -0.0404 0.9553 -0.2927
vn -0.1312 -0.2852 -0.9495
vn -0.0655 0.8781 -0.4740
vn 0.0747 -0.9553 -0.2859
vn 0.2515 0.0962 -0.9631
vn 0.2515 -0.0962 -0.9631
vn 0.0747 0.9553 -0.2859
vn 0.2422 -0.2852 -0.9274
vn 0.1209 0.8781 -0.4630
vn 0.2238 -0.4643 -0.8569
vn 0.1621 0.7669 -0.6209
vn 0.1968 -0.6270 -0.7537
vn 0.1968 0.6270 -0.7537
vn 0.1621 -0.7669 -0.6209
vn 0.2238 0.4643 -0.8569
vn 0.1209 -0.8781 -0.4630
vn 0.2422 0.2852 -0.9274
vn 0.4703 -0.6270 -0.6210
vn 0.4703 0.6270 -0.6210
vn 0.3874 -0.7669 -0.5116
vn 0.5347 0.4643 -0.7061
vn 0.2889 -0.8781 -0.3815
vn 0.5786 0.2852 -0.7641
vn 0.1784 -0.9553 -0.2356
vn 0.6009 0.0962 -0.7935
vn 0.6009 -0.0962 -0.7935
vn 0.1784 0.9553 -0.2356
vn 0.5786 -0.2852 -0.7641
vn 0.2889 0.8781 -0.3815
vn 0.5347 -0.4643 -0.7061
vn 0.3874 0.7669 -0.5116
vn 0.8588 -0.0962 -0.5032
vn 0.2549 0.9553 -0.1494
vn 0.8270 -0.2852 -0.4845
vn 0.4129 0.8781 -0.2419
vn 0.7642 -0.4643 -0.4477
vn 0.5537 0.7669 -0.3244
vn 0.6721 -0.6270 -0.3938
vn 0.6721 0.6270 -0.3938
vn 0.5537 -0.7669 -0.3244
vn 0.7642 0.4643 -0.4477
vn 0.4129 -0.8781 -0.2419
vn 0.8270 0.2852 -0.4845
vn 0.2549 -0.9553 -0.1494
vn 0.8588 0.0962 -0.5032
vn 0.7717 0.6270 -0.1066
vn 0.6357 -0.7669 -0.0878
vn 0.8773 0.4643 -0.1212
vn 0.4740 -0.8781 -0.0655
vn 0.9495 0.2852 -0.1312
vn 0.2927 -0.9553 -0.0404
vn 0.9860 0.0962 -0.1362
vn 0.9860 -0.0962 -0.1362
vn 0.2927 0.9553 -0.0404
vn 0.9495 -0.2852 -0.1312
vn 0.4740 0.8781 -0.0655
vn 0.8773 -0.4643 -0.1212
vn 0.6357 0.7669 -0.0878
vn 0.7717 -0.6270 -0.1066
vt 0.750000 0.062500
vt 0.718750 0.000000
vt 0.687500 0.062500
vt 0.718750 1.000000
vt 0.750000 0.937500
vt 0.687500 0.937500
vt 0.656250 0.000000
vt 0.625000 0.062500
vt 0.656250 1.000000
vt 0.625000 0.937500
vt 0.593750 0.000000
vt 0.562500 0.062500
vt 0.593750 1.000000
vt 0.562500 0.937500
vt 0.531250 1.000000
vt 0.500000 0.937500
vt 0.531250 0.000000
vt 0.500000 0.062500
vt 0.468750 0.000000
vt 0.437500 0.062500
vt 0.468750 1.000000
vt 0.437500 0.937500
vt 0.406250 0.000000
vt 0.375000 0.062500
vt 0.406250 1.000000
vt 0.375000 0.937500
vt 0.343750 0.000000
vt 0.312500 0.062500
vt 0.343750 1.000000
vt 0.312500 0.937500
vt 0.281250 0.000000
vt 0.250000 0.062500
vt 0.281250 1.000000
vt 0.250000 0.937500
vt 0.218750 0.000000
vt 0.187500 0.062500
vt 0.218750 1.000000
vt 0.187500 0.937500
vt 0.156250 0.000000
vt 0.125000 0.062500
vt 0.156250 1.000000
vt 0.125000 0.937500
vt 0.093750 0.000000
vt 0.062500 0.062500
vt 0.093750 1.000000
vt 0.062500 0.937500
vt 0.031250 0.000000
vt 0.000000 0.062500
vt 0.031250 1.000000
vt 0.000000 0.937500
vt 1.000000 0.062500
vt 0.968750 0.000000
vt 0.937500 0.062500
vt 0.968750 1.000000
vt 1.000000 0.937500
vt 0.937500 0.937500
vt 0.906250 0.000000
vt 0.875000 0.062500
vt 0.906250 1.000000
vt 0.875000 0.937500
vt 0.843750 0.000000
vt 0.812500 0.062500
vt 0.843750 1.000000
vt 0.812500 0.937500
vt 0.781250 0.000000
vt 0.781250 1.000000
vt 0.750000 0.125000
vt 0.687500 0.125000
vt 0.750000 0.625000
vt 0.750000 0.562500
vt 0.687500 0.562500
vt 0.687500 0.625000
vt 0.750000 0.187500
vt 0.687500 0.187500
vt 0.750000 0.687500
vt 0.687500 0.687500
vt 0.750000 0.250000
vt 0.687500 0.250000
vt 0.750000 0.750000
vt 0.687500 0.750000
vt 0.750000 0.312500
vt 0.687500 0.312500
vt 0.750000 0.812500
vt 0.687500 0.812500
vt 0.750000 0.375000
vt 0.687500 0.375000
vt 0.750000 0.875000
vt 0.687500 0.875000
vt 0.750000 0.437500
vt 0.687500 0.437500
vt 0.750000 0.500000
vt 0.687500 0.500000
vt 0.625000 0.437500
vt 0.625000 0.500000
vt 0.625000 0.562500
vt 0.625000 0.125000
vt 0.625000 0.625000
vt 0.625000 0.187500
vt 0.625000 0.687500
vt 0.625000 0.250000
vt 0.625000 0.750000
vt 0.625000 0.312500
vt 0.625000 0.812500
vt 0.625000 0.375000
vt 0.625000 0.875000
vt 0.562500 0.687500
vt 0.562500 0.750000
vt 0.562500 0.250000
vt 0.562500 0.312500
vt 0.562500 0.812500
vt 0.562500 0.375000
vt 0.562500 0.875000
vt 0.562500 0.437500
vt 0.562500 0.500000
vt 0.562500 0.562500
vt 0.562500 0.125000
vt 0.562500 0.625000
vt 0.562500 0.187500
vt 0.500000 0.500000
vt 0.500000 0.562500
vt 0.500000 0.125000
vt 0.500000 0.625000
vt 0.500000 0.187500
vt 0.500000 0.687500
vt 0.500000 0.250000
vt 0.500000 0.750000
vt 0.500000 0.312500
vt 0.500000 0.812500
vt 0.500000 0.375000
vt 0.500000 0.875000
vt 0.500000 0.437500
vt 0.437500 0.750000
vt 0.437500 0.812500
vt 0.437500 0.312500
vt 0.437500 0.375000
vt 0.437500 0.875000
vt 0.437500 0.437500
vt 0.437500 0.500000
vt 0.437500 0.562500
vt 0.437500 0.125000
vt 0.437500 0.625000
vt 0.437500 0.187500
vt 0.437500 0.687500
vt 0.437500 0.250000
vt 0.375000 0.125000
vt 0.375000 0.562500
vt 0.375000 0.625000
vt 0.375000 0.187500
vt 0.375000 0.687500
vt 0.375000 0.250000
vt 0.375000 0.750000
vt 0.375000 0.312500
vt 0.375000 0.812500
vt 0.375000 0.375000
vt 0.375000 0.875000
vt 0.375000 0.437500
vt 0.375000 0.500000
vt 0.312500 0.312500
vt 0.312500 0.375000
vt 0.312500 0.812500
vt 0.312500 0.875000
vt 0.312500 0.437500
vt 0.312500 0.500000
vt 0.312500 0.562500
vt 0.312500 0.125000
vt 0.312500 0.625000
vt 0.312500 0.187500
vt 0.312500 0.687500
vt 0.312500 0.250000
vt 0.312500 0.750000
vt 0.250000 0.562500
vt 0.250000 0.625000
vt 0.250000 0.125000
vt 0.250000 0.187500
vt 0.250000 0.687500
vt 0.250000 0.250000
vt 0.250000 0.750000
vt 0.250000 0.312500
vt 0.250000 0.812500
vt 0.250000 0.375000
vt 0.250000 0.875000
vt 0.250000 0.437500
vt 0.250000 0.500000
vt 0.187500 0.812500
vt 0.187500 0.875000
vt 0.187500 0.375000
vt 0.187500 0.437500
vt 0.187500 0.500000
vt 0.187500 0.562500
vt 0.187500 0.125000
vt 0.187500 0.625000
vt 0.187500 0.187500
vt 0.187500 0.687500
vt 0.187500 0.250000
vt 0.187500 0.750000
vt 0.187500 0.312500
vt 0.125000 0.125000
vt 0.125000 0.187500
vt 0.125000 0.625000
vt 0.125000 0.687500
vt 0.125000 0.250000
vt 0.125000 0.750000
vt 0.125000 0.312500
vt 0.125000 0.812500
vt 0.125000 0.375000
vt 0.125000 0.875000
vt 0.125000 0.437500
vt 0.125000 0.500000
vt 0.125000 0.562500
vt 0.062500 0.375000
vt 0.062500 0.437500
vt 0.062500 0.875000
vt 0.062500 0.500000
vt 0.062500 0.562500
vt 0.062500 0.125000
vt 0.062500 0.625000
vt 0.062500 0.187500
vt 0.062500 0.687500
vt 0.062500 0.250000
vt 0.062500 0.750000
vt 0.062500 0.312500
vt 0.062500 0.812500
vt 0.000000 0.625000
vt 0.000000 0.687500
vt 0.000000 0.187500
vt 0.000000 0.250000
vt 0.000000 0.750000
vt 0.000000 0.312500
vt 0.000000 0.812500
vt 0.000000 0.375000
vt 0.000000 0.875000
vt 0.000000 0.437500
vt 0.000000 0.500000
vt 0.000000 0.562500
vt 0.000000 0.125000
vt 1.000000 0.875000
vt 0.937500 0.875000
vt 1.000000 0.500000
vt 1.000000 0.437500
vt 0.937500 0.437500
vt 0.937500 0.500000
vt 1.000000 0.562500
vt 0.937500 0.562500
vt 1.000000 0.125000
vt 0.937500 0.125000
vt 1.000000 0.625000
vt 0.937500 0.625000
vt 1.000000 0.187500
vt 0.937500 0.187500
vt 1.000000 0.687500
vt 0.937500 0.687500
vt 1.000000 0.250000
vt 0.937500 0.250000
vt 1.000000 0.750000
vt 0.937500 0.750000
vt 1.000000 0.312500
vt 0.937500 0.312500
vt 1.000000 0.812500
vt 0.937500 0.812500
vt 1.000000 0.375000
vt 0.937500 0.375000
vt 0.875000 0.687500
vt 0.875000 0.750000
vt 0.875000 0.250000
vt 0.875000 0.312500
vt 0.875000 0.812500
vt 0.875000 0.375000
vt 0.875000 0.875000
vt 0.875000 0.437500
vt 0.875000 0.500000
vt 0.875000 0.562500
vt 0.875000 0.125000
vt 0.875000 0.625000
vt 0.875000 0.187500
vt 0.812500 0.500000
vt 0.812500 0.562500
vt 0.812500 0.125000
vt 0.812500 0.625000
vt 0.812500 0.187500
vt 0.812500 0.687500
vt 0.812500 0.250000
vt 0.812500 0.750000
vt 0.812500 0.312500
vt 0.812500 0.812500
vt 0.812500 0.375000
vt 0.812500 0.875000
vt 0.812500 0.437500
s 0
usemtl transparentwhite
f 3159/853/554 3160/854/554 3161/855/554
f 3162/856/555 3163/857/555 3164/858/555
f 3165/855/556 3166/859/556 3167/860/556
f 3168/861/557 3169/858/557 3170/862/557
f 3171/860/558 3172/863/558 3173/864/558
f 3174/865/559 3175/862/559 3176/866/559
f 3177/867/560 3178/866/560 3179/868/560
f 3180/864/561 3181/869/561 3182/870/561
f 3183/870/562 3184/871/562 3185/872/562
f 3186/873/563 3187/868/563 3188/874/563
f 3189/872/564 3190/875/564 3191/876/564
f 3192/877/565 3193/874/565 3194/878/565
f 3195/876/566 3196/879/566 3197/880/566
f 3198/881/567 3199/878/567 3200/882/567
f 3201/880/568 3202/883/568 3203/884/568
f 3204/885/569 3205/882/569 3206/886/569
f 3207/884/570 3208/887/570 3209/888/570
f 3210/889/571 3211/886/571 3212/890/571
f 3213/888/572 3214/891/572 3215/892/572
f 3216/893/573 3217/890/573 3218/894/573
f 3219/892/574 3220/895/574 3221/896/574
f 3222/897/575 3223/894/575 3224/898/575
f 3225/896/576 3226/899/576 3227/900/576
f 3228/901/577 3229/898/577 3230/902/577
f 3231/903/578 3232/904/578 3233/905/578
f 3234/906/579 3235/907/579 3236/908/579
f 3237/905/580 3238/909/580 3239/910/580
f 3240/911/581 3241/908/581 3242/912/581
f 3243/910/582 3244/913/582 3245/914/582
f 3246/915/583 3247/912/583 3248/916/583
f 3249/914/584 3250/917/584 3251/853/584
f 3252/918/585 3253/916/585 3254/857/585
f 3255/919/586 3256/853/586 3257/855/586
f 3255/919/586 3257/855/586 3258/920/586
f 3259/921/587 3260/922/587 3261/923/587
f 3259/921/587 3261/923/587 3262/924/587
f 3263/925/588 3264/919/588 3265/920/588
f 3263/925/588 3265/920/588 3266/926/588
f 3267/927/589 3268/921/589 3269/924/589
f 3267/927/589 3269/924/589 3270/928/589
f 3271/929/590 3272/925/590 3273/926/590
f 3271/929/590 3273/926/590 3274/930/590
f 3275/931/591 3276/927/591 3277/928/591
f 3275/931/591 3277/928/591 3278/932/591
f 3279/933/592 3280/929/592 3281/930/592
f 3279/933/592 3281/930/592 3282/934/592
f 3283/935/593 3284/931/593 3285/932/593
f 3283/935/593 3285/932/593 3286/936/593
f 3287/937/594 3288/933/594 3289/934/594
f 3287/937/594 3289/934/594 3290/938/594
f 3291/939/595 3292/935/595 3293/936/595
f 3291/939/595 3293/936/595 3294/940/595
s 1
f 3295/941/596 3296/937/596 3297/938/596
s 0
f 3295/941/596 3297/938/596 3298/942/596
f 3299/857/597 3300/939/597 3301/940/597
f 3299/857/597 3301/940/597 3302/858/597
f 3303/943/598 3304/941/598 3305/942/598
f 3303/943/598 3305/942/598 3306/944/598
f 3307/922/599 3308/943/599 3309/944/599
f 3307/922/599 3309/944/599 3310/923/599
f 3311/944/600 3312/942/600 3313/945/600
f 3311/944/600 3313/945/600 3314/946/600
f 3315/923/601 3316/944/601 3317/946/601
f 3315/923/601 3317/946/601 3318/947/601
f 3319/920/602 3320/855/602 3321/860/602
f 3319/920/602 3321/860/602 3322/948/602
s 1
f 3323/924/603 3324/923/603 3325/947/603
s 0
f 3323/924/603 3325/947/603 3326/949/603
f 3327/926/604 3328/920/604 3329/948/604
f 3327/926/604 3329/948/604 3330/950/604
f 3331/928/605 3332/924/605 3333/949/605
f 3331/928/605 3333/949/605 3334/951/605
f 3335/930/606 3336/926/606 3337/950/606
f 3335/930/606 3337/950/606 3338/952/606
f 3339/932/607 3340/928/607 3341/951/607
f 3339/932/607 3341/951/607 3342/953/607
f 3343/934/608 3344/930/608 3345/952/608
f 3343/934/608 3345/952/608 3346/954/608
f 3347/936/609 3348/932/609 3349/953/609
f 3347/936/609 3349/953/609 3350/955/609
f 3351/938/610 3352/934/610 3353/954/610
f 3351/938/610 3353/954/610 3354/956/610
f 3355/940/611 3356/936/611 3357/955/611
f 3355/940/611 3357/955/611 3358/957/611
s 1
f 3359/942/612 3360/938/612 3361/956/612
s 0
f 3359/942/612 3361/956/612 3362/945/612
f 3363/858/613 3364/940/613 3365/957/613
f 3363/858/613 3365/957/613 3366/862/613
f 3367/953/614 3368/951/614 3369/958/614
f 3367/953/614 3369/958/614 3370/959/614
f 3371/954/615 3372/952/615 3373/960/615
f 3371/954/615 3373/960/615 3374/961/615
f 3375/955/616 3376/953/616 3377/959/616
f 3375/955/616 3377/959/616 3378/962/616
s 1
f 3379/956/617 3380/954/617 3381/961/617
s 0
f 3379/956/617 3381/961/617 3382/963/617
f 3383/957/618 3384/955/618 3385/962/618
f 3383/957/618 3385/962/618 3386/964/618
f 3387/945/619 3388/956/619 3389/963/619
f 3387/945/619 3389/963/619 3390/965/619
f 3391/862/620 3392/957/620 3393/964/620
f 3391/862/620 3393/964/620 3394/866/620
f 3395/946/621 3396/945/621 3397/965/621
f 3395/946/621 3397/965/621 3398/966/621
f 3399/947/622 3400/946/622 3401/966/622
f 3399/947/622 3401/966/622 3402/967/622
f 3403/948/623 3404/860/623 3405/864/623
f 3403/948/623 3405/864/623 3406/968/623
f 3407/949/624 3408/947/624 3409/967/624
f 3407/949/624 3409/967/624 3410/969/624
f 3411/950/625 3412/948/625 3413/968/625
f 3411/950/625 3413/968/625 3414/970/625
f 3415/951/626 3416/949/626 3417/969/626
f 3415/951/626 3417/969/626 3418/958/626
f 3419/952/627 3420/950/627 3421/970/627
f 3419/952/627 3421/970/627 3422/960/627
f 3423/967/628 3424/966/628 3425/971/628
f 3423/967/628 3425/971/628 3426/972/628
f 3427/968/629 3428/864/629 3429/870/629
f 3427/968/629 3429/870/629 3430/973/629
f 3431/969/630 3432/967/630 3433/972/630
f 3431/969/630 3433/972/630 3434/974/630
s 1
f 3435/970/631 3436/968/631 3437/973/631
s 0
f 3435/970/631 3437/973/631 3438/975/631
f 3439/958/632 3440/969/632 3441/974/632
f 3439/958/632 3441/974/632 3442/976/632
f 3443/960/633 3444/970/633 3445/975/633
f 3443/960/633 3445/975/633 3446/977/633
f 3447/959/634 3448/958/634 3449/976/634
f 3447/959/634 3449/976/634 3450/978/634
f 3451/961/635 3452/960/635 3453/977/635
f 3451/961/635 3453/977/635 3454/979/635
f 3455/962/636 3456/959/636 3457/978/636
f 3455/962/636 3457/978/636 3458/980/636
f 3459/963/637 3460/961/637 3461/979/637
f 3459/963/637 3461/979/637 3462/981/637
f 3463/964/638 3464/962/638 3465/980/638
f 3463/964/638 3465/980/638 3466/982/638
f 3467/965/639 3468/963/639 3469/981/639
f 3467/965/639 3469/981/639 3470/983/639
f 3471/866/640 3472/964/640 3473/982/640
f 3471/866/640 3473/982/640 3474/868/640
f 3475/966/641 3476/965/641 3477/983/641
f 3475/966/641 3477/983/641 3478/971/641
f 3479/980/642 3480/978/642 3481/984/642
f 3479/980/642 3481/984/642 3482/985/642
f 3483/981/643 3484/979/643 3485/986/643
f 3483/981/643 3485/986/643 3486/987/643
f 3487/982/644 3488/980/644 3489/985/644
f 3487/982/644 3489/985/644 3490/988/644
f 3491/983/645 3492/981/645 3493/987/645
f 3491/983/645 3493/987/645 3494/989/645
f 3495/868/646 3496/982/646 3497/988/646
f 3495/868/646 3497/988/646 3498/874/646
f 3499/971/647 3500/983/647 3501/989/647
f 3499/971/647 3501/989/647 3502/990/647
f 3503/972/648 3504/971/648 3505/990/648
f 3503/972/648 3505/990/648 3506/991/648
f 3507/973/649 3508/870/649 3509/872/649
f 3507/973/649 3509/872/649 3510/992/649
f 3511/974/650 3512/972/650 3513/991/650
f 3511/974/650 3513/991/650 3514/993/650
f 3515/975/651 3516/973/651 3517/992/651
f 3515/975/651 3517/992/651 3518/994/651
f 3519/976/652 3520/974/652 3521/993/652
f 3519/976/652 3521/993/652 3522/995/652
f 3523/977/653 3524/975/653 3525/994/653
f 3523/977/653 3525/994/653 3526/996/653
f 3527/978/654 3528/976/654 3529/995/654
s 1
f 3527/978/654 3529/995/654 3530/984/654
s 0
f 3531/979/655 3532/977/655 3533/996/655
f 3531/979/655 3533/996/655 3534/986/655
f 3535/992/656 3536/872/656 3537/876/656
f 3535/992/656 3537/876/656 3538/997/656
f 3539/993/657 3540/991/657 3541/998/657
s 1
f 3539/993/657 3541/998/657 3542/999/657
s 0
f 3543/994/658 3544/992/658 3545/997/658
f 3543/994/658 3545/997/658 3546/1000/658
f 3547/995/659 3548/993/659 3549/999/659
f 3547/995/659 3549/999/659 3550/1001/659
f 3551/996/660 3552/994/660 3553/1000/660
f 3551/996/660 3553/1000/660 3554/1002/660
f 3555/984/661 3556/995/661 3557/1001/661
f 3555/984/661 3557/1001/661 3558/1003/661
f 3559/986/662 3560/996/662 3561/1002/662
f 3559/986/662 3561/1002/662 3562/1004/662
f 3563/985/663 3564/984/663 3565/1003/663
f 3563/985/663 3565/1003/663 3566/1005/663
f 3567/987/664 3568/986/664 3569/1004/664
f 3567/987/664 3569/1004/664 3570/1006/664
f 3571/988/665 3572/985/665 3573/1005/665
f 3571/988/665 3573/1005/665 3574/1007/665
f 3575/989/666 3576/987/666 3577/1006/666
f 3575/989/666 3577/1006/666 3578/1008/666
f 3579/874/667 3580/988/667 3581/1007/667
f 3579/874/667 3581/1007/667 3582/878/667
f 3583/990/668 3584/989/668 3585/1008/668
f 3583/990/668 3585/1008/668 3586/1009/668
f 3587/991/669 3588/990/669 3589/1009/669
f 3587/991/669 3589/1009/669 3590/998/669
f 3591/1006/670 3592/1004/670 3593/1010/670
f 3591/1006/670 3593/1010/670 3594/1011/670
f 3595/1007/671 3596/1005/671 3597/1012/671
f 3595/1007/671 3597/1012/671 3598/1013/671
s 1
f 3599/1008/672 3600/1006/672 3601/1011/672
s 0
f 3599/1008/672 3601/1011/672 3602/1014/672
f 3603/878/673 3604/1007/673 3605/1013/673
f 3603/878/673 3605/1013/673 3606/882/673
f 3607/1009/674 3608/1008/674 3609/1014/674
f 3607/1009/674 3609/1014/674 3610/1015/674
f 3611/998/675 3612/1009/675 3613/1015/675
f 3611/998/675 3613/1015/675 3614/1016/675
f 3615/997/676 3616/876/676 3617/880/676
f 3615/997/676 3617/880/676 3618/1017/676
f 3619/999/677 3620/998/677 3621/1016/677
f 3619/999/677 3621/1016/677 3622/1018/677
f 3623/1000/678 3624/997/678 3625/1017/678
f 3623/1000/678 3625/1017/678 3626/1019/678
f 3627/1001/679 3628/999/679 3629/1018/679
f 3627/1001/679 3629/1018/679 3630/1020/679
f 3631/1002/680 3632/1000/680 3633/1019/680
f 3631/1002/680 3633/1019/680 3634/1021/680
f 3635/1003/681 3636/1001/681 3637/1020/681
f 3635/1003/681 3637/1020/681 3638/1022/681
f 3639/1004/682 3640/1002/682 3641/1021/682
f 3639/1004/682 3641/1021/682 3642/1010/682
f 3643/1005/683 3644/1003/683 3645/1022/683
f 3643/1005/683 3645/1022/683 3646/1012/683
f 3647/1018/684 3648/1016/684 3649/1023/684
f 3647/1018/684 3649/1023/684 3650/1024/684
f 3651/1019/685 3652/1017/685 3653/1025/685
f 3651/1019/685 3653/1025/685 3654/1026/685
f 3655/1020/686 3656/1018/686 3657/1024/686
f 3655/1020/686 3657/1024/686 3658/1027/686
f 3659/1021/687 3660/1019/687 3661/1026/687
f 3659/1021/687 3661/1026/687 3662/1028/687
f 3663/1022/688 3664/1020/688 3665/1027/688
f 3663/1022/688 3665/1027/688 3666/1029/688
f 3667/1010/689 3668/1021/689 3669/1028/689
f 3667/1010/689 3669/1028/689 3670/1030/689
f 3671/1012/690 3672/1022/690 3673/1029/690
f 3671/1012/690 3673/1029/690 3674/1031/690
f 3675/1011/691 3676/1010/691 3677/1030/691
f 3675/1011/691 3677/1030/691 3678/1032/691
f 3679/1013/692 3680/1012/692 3681/1031/692
f 3679/1013/692 3681/1031/692 3682/1033/692
f 3683/1014/693 3684/1011/693 3685/1032/693
f 3683/1014/693 3685/1032/693 3686/1034/693
f 3687/882/694 3688/1013/694 3689/1033/694
f 3687/882/694 3689/1033/694 3690/886/694
f 3691/1015/695 3692/1014/695 3693/1034/695
f 3691/1015/695 3693/1034/695 3694/1035/695
f 3695/1016/696 3696/1015/696 3697/1035/696
f 3695/1016/696 3697/1035/696 3698/1023/696
f 3699/1017/697 3700/880/697 3701/884/697
f 3699/1017/697 3701/884/697 3702/1025/697
f 3703/1033/698 3704/1031/698 3705/1036/698
f 3703/1033/698 3705/1036/698 3706/1037/698
f 3707/1034/699 3708/1032/699 3709/1038/699
f 3707/1034/699 3709/1038/699 3710/1039/699
f 3711/886/700 3712/1033/700 3713/1037/700
f 3711/886/700 3713/1037/700 3714/890/700
f 3715/1035/701 3716/1034/701 3717/1039/701
f 3715/1035/701 3717/1039/701 3718/1040/701
f 3719/1023/702 3720/1035/702 3721/1040/702
f 3719/1023/702 3721/1040/702 3722/1041/702
f 3723/1025/703 3724/884/703 3725/888/703
f 3723/1025/703 3725/888/703 3726/1042/703
f 3727/1024/704 3728/1023/704 3729/1041/704
f 3727/1024/704 3729/1041/704 3730/1043/704
f 3731/1026/705 3732/1025/705 3733/1042/705
f 3731/1026/705 3733/1042/705 3734/1044/705
f 3735/1027/706 3736/1024/706 3737/1043/706
f 3735/1027/706 3737/1043/706 3738/1045/706
f 3739/1028/707 3740/1026/707 3741/1044/707
f 3739/1028/707 3741/1044/707 3742/1046/707
f 3743/1029/708 3744/1027/708 3745/1045/708
f 3743/1029/708 3745/1045/708 3746/1047/708
f 3747/1030/709 3748/1028/709 3749/1046/709
f 3747/1030/709 3749/1046/709 3750/1048/709
f 3751/1031/710 3752/1029/710 3753/1047/710
f 3751/1031/710 3753/1047/710 3754/1036/710
f 3755/1032/711 3756/1030/711 3757/1048/711
f 3755/1032/711 3757/1048/711 3758/1038/711
f 3759/1044/712 3760/1042/712 3761/1049/712
f 3759/1044/712 3761/1049/712 3762/1050/712
f 3763/1045/713 3764/1043/713 3765/1051/713
f 3763/1045/713 3765/1051/713 3766/1052/713
f 3767/1046/714 3768/1044/714 3769/1050/714
f 3767/1046/714 3769/1050/714 3770/1053/714
f 3771/1047/715 3772/1045/715 3773/1052/715
f 3771/1047/715 3773/1052/715 3774/1054/715
f 3775/1048/716 3776/1046/716 3777/1053/716
f 3775/1048/716 3777/1053/716 3778/1055/716
f 3779/1036/717 3780/1047/717 3781/1054/717
f 3779/1036/717 3781/1054/717 3782/1056/717
f 3783/1038/718 3784/1048/718 3785/1055/718
f 3783/1038/718 3785/1055/718 3786/1057/718
f 3787/1037/719 3788/1036/719 3789/1056/719
f 3787/1037/719 3789/1056/719 3790/1058/719
f 3791/1039/720 3792/1038/720 3793/1057/720
f 3791/1039/720 3793/1057/720 3794/1059/720
f 3795/890/721 3796/1037/721 3797/1058/721
f 3795/890/721 3797/1058/721 3798/894/721
f 3799/1040/722 3800/1039/722 3801/1059/722
f 3799/1040/722 3801/1059/722 3802/1060/722
f 3803/1041/723 3804/1040/723 3805/1060/723
f 3803/1041/723 3805/1060/723 3806/1061/723
f 3807/1042/724 3808/888/724 3809/892/724
f 3807/1042/724 3809/892/724 3810/1049/724
f 3811/1043/725 3812/1041/725 3813/1061/725
f 3811/1043/725 3813/1061/725 3814/1051/725
f 3815/1059/726 3816/1057/726 3817/1062/726
f 3815/1059/726 3817/1062/726 3818/1063/726
f 3819/894/727 3820/1058/727 3821/1064/727
f 3819/894/727 3821/1064/727 3822/898/727
f 3823/1060/728 3824/1059/728 3825/1063/728
f 3823/1060/728 3825/1063/728 3826/1065/728
f 3827/1061/729 3828/1060/729 3829/1065/729
f 3827/1061/729 3829/1065/729 3830/1066/729
f 3831/1049/730 3832/892/730 3833/896/730
f 3831/1049/730 3833/896/730 3834/1067/730
f 3835/1051/731 3836/1061/731 3837/1066/731
f 3835/1051/731 3837/1066/731 3838/1068/731
f 3839/1050/732 3840/1049/732 3841/1067/732
f 3839/1050/732 3841/1067/732 3842/1069/732
f 3843/1052/733 3844/1051/733 3845/1068/733
f 3843/1052/733 3845/1068/733 3846/1070/733
f 3847/1053/734 3848/1050/734 3849/1069/734
f 3847/1053/734 3849/1069/734 3850/1071/734
f 3851/1054/735 3852/1052/735 3853/1070/735
f 3851/1054/735 3853/1070/735 3854/1072/735
f 3855/1055/736 3856/1053/736 3857/1071/736
f 3855/1055/736 3857/1071/736 3858/1073/736
f 3859/1056/737 3860/1054/737 3861/1072/737
f 3859/1056/737 3861/1072/737 3862/1074/737
f 3863/1057/738 3864/1055/738 3865/1073/738
f 3863/1057/738 3865/1073/738 3866/1062/738
f 3867/1058/739 3868/1056/739 3869/1074/739
f 3867/1058/739 3869/1074/739 3870/1064/739
f 3871/1070/740 3872/1068/740 3873/1075/740
f 3871/1070/740 3873/1075/740 3874/1076/740
f 3875/1071/741 3876/1069/741 3877/1077/741
f 3875/1071/741 3877/1077/741 3878/1078/741
f 3879/1072/742 3880/1070/742 3881/1076/742
f 3879/1072/742 3881/1076/742 3882/1079/742
f 3883/1073/743 3884/1071/743 3885/1078/743
f 3883/1073/743 3885/1078/743 3886/1080/743
f 3887/1074/744 3888/1072/744 3889/1079/744
f 3887/1074/744 3889/1079/744 3890/1081/744
f 3891/1062/745 3892/1073/745 3893/1080/745
f 3891/1062/745 3893/1080/745 3894/1082/745
f 3895/1064/746 3896/1074/746 3897/1081/746
f 3895/1064/746 3897/1081/746 3898/1083/746
f 3899/1063/747 3900/1062/747 3901/1082/747
f 3899/1063/747 3901/1082/747 3902/1084/747
f 3903/898/748 3904/1064/748 3905/1083/748
f 3903/898/748 3905/1083/748 3906/902/748
f 3907/1065/749 3908/1063/749 3909/1084/749
f 3907/1065/749 3909/1084/749 3910/1085/749
f 3911/1066/750 3912/1065/750 3913/1085/750
f 3911/1066/750 3913/1085/750 3914/1086/750
f 3915/1067/751 3916/896/751 3917/900/751
f 3915/1067/751 3917/900/751 3918/1087/751
f 3919/1068/752 3920/1066/752 3921/1086/752
f 3919/1068/752 3921/1086/752 3922/1075/752
f 3923/1069/753 3924/1067/753 3925/1087/753
f 3923/1069/753 3925/1087/753 3926/1077/753
f 3927/907/754 3928/1088/754 3929/1089/754
f 3927/907/754 3929/1089/754 3930/908/754
f 3931/1090/755 3932/1091/755 3933/1092/755
f 3931/1090/755 3933/1092/755 3934/1093/755
f 3935/1094/756 3936/1090/756 3937/1093/756
f 3935/1094/756 3937/1093/756 3938/1095/756
f 3939/1096/757 3940/903/757 3941/905/757
f 3939/1096/757 3941/905/757 3942/1097/757
f 3943/1098/758 3944/1094/758 3945/1095/758
f 3943/1098/758 3945/1095/758 3946/1099/758
f 3947/1100/759 3948/1096/759 3949/1097/759
f 3947/1100/759 3949/1097/759 3950/1101/759
f 3951/1102/760 3952/1098/760 3953/1099/760
f 3951/1102/760 3953/1099/760 3954/1103/760
f 3955/1104/761 3956/1100/761 3957/1101/761
f 3955/1104/761 3957/1101/761 3958/1105/761
f 3959/1106/762 3960/1102/762 3961/1103/762
f 3959/1106/762 3961/1103/762 3962/1107/762
f 3963/1108/763 3964/1104/763 3965/1105/763
f 3963/1108/763 3965/1105/763 3966/1109/763
f 3967/1110/764 3968/1106/764 3969/1107/764
f 3967/1110/764 3969/1107/764 3970/1111/764
f 3971/1112/765 3972/1108/765 3973/1109/765
f 3971/1112/765 3973/1109/765 3974/1113/765
f 3975/1088/766 3976/1110/766 3977/1111/766
f 3975/1088/766 3977/1111/766 3978/1089/766
f 3979/1091/767 3980/1112/767 3981/1113/767
f 3979/1091/767 3981/1113/767 3982/1092/767
f 3983/1107/768 3984/1103/768 3985/1114/768
f 3983/1107/768 3985/1114/768 3986/1115/768
f 3987/1109/769 3988/1105/769 3989/1116/769
f 3987/1109/769 3989/1116/769 3990/1117/769
f 3991/1111/770 3992/1107/770 3993/1115/770
f 3991/1111/770 3993/1115/770 3994/1118/770
f 3995/1113/771 3996/1109/771 3997/1117/771
f 3995/1113/771 3997/1117/771 3998/1119/771
f 3999/1089/772 4000/1111/772 4001/1118/772
f 3999/1089/772 4001/1118/772 4002/1120/772
f 4003/1092/773 4004/1113/773 4005/1119/773
f 4003/1092/773 4005/1119/773 4006/1121/773
f 4007/908/774 4008/1089/774 4009/1120/774
f 4007/908/774 4009/1120/774 4010/912/774
f 4011/1093/775 4012/1092/775 4013/1121/775
f 4011/1093/775 4013/1121/775 4014/1122/775
f 4015/1095/776 4016/1093/776 4017/1122/776
f 4015/1095/776 4017/1122/776 4018/1123/776
f 4019/1097/777 4020/905/777 4021/910/777
f 4019/1097/777 4021/910/777 4022/1124/777
f 4023/1099/778 4024/1095/778 4025/1123/778
f 4023/1099/778 4025/1123/778 4026/1125/778
f 4027/1101/779 4028/1097/779 4029/1124/779
f 4027/1101/779 4029/1124/779 4030/1126/779
f 4031/1103/780 4032/1099/780 4033/1125/780
f 4031/1103/780 4033/1125/780 4034/1114/780
f 4035/1105/781 4036/1101/781 4037/1126/781
f 4035/1105/781 4037/1126/781 4038/1116/781
f 4039/1123/782 4040/1122/782 4041/1127/782
f 4039/1123/782 4041/1127/782 4042/1128/782
f 4043/1124/783 4044/910/783 4045/914/783
f 4043/1124/783 4045/914/783 4046/1129/783
f 4047/1125/784 4048/1123/784 4049/1128/784
f 4047/1125/784 4049/1128/784 4050/1130/784
f 4051/1126/785 4052/1124/785 4053/1129/785
f 4051/1126/785 4053/1129/785 4054/1131/785
f 4055/1114/786 4056/1125/786 4057/1130/786
f 4055/1114/786 4057/1130/786 4058/1132/786
f 4059/1116/787 4060/1126/787 4061/1131/787
f 4059/1116/787 4061/1131/787 4062/1133/787
f 4063/1115/788 4064/1114/788 4065/1132/788
f 4063/1115/788 4065/1132/788 4066/1134/788
f 4067/1117/789 4068/1116/789 4069/1133/789
f 4067/1117/789 4069/1133/789 4070/1135/789
f 4071/1118/790 4072/1115/790 4073/1134/790
f 4071/1118/790 4073/1134/790 4074/1136/790
f 4075/1119/791 4076/1117/791 4077/1135/791
f 4075/1119/791 4077/1135/791 4078/1137/791
f 4079/1120/792 4080/1118/792 4081/1136/792
f 4079/1120/792 4081/1136/792 4082/1138/792
f 4083/1121/793 4084/1119/793 4085/1137/793
f 4083/1121/793 4085/1137/793 4086/1139/793
f 4087/912/794 4088/1120/794 4089/1138/794
f 4087/912/794 4089/1138/794 4090/916/794
f 4091/1122/795 4092/1121/795 4093/1139/795
f 4091/1122/795 4093/1139/795 4094/1127/795
f 4095/1135/796 4096/1133/796 4097/929/796
f 4095/1135/796 4097/929/796 4098/933/796
f 4099/1136/797 4100/1134/797 4101/931/797
f 4099/1136/797 4101/931/797 4102/935/797
f 4103/1137/798 4104/1135/798 4105/933/798
f 4103/1137/798 4105/933/798 4106/937/798
f 4107/1138/799 4108/1136/799 4109/935/799
f 4107/1138/799 4109/935/799 4110/939/799
f 4111/1139/800 4112/1137/800 4113/937/800
f 4111/1139/800 4113/937/800 4114/941/800
f 4115/916/801 4116/1138/801 4117/939/801
f 4115/916/801 4117/939/801 4118/857/801
f 4119/1127/802 4120/1139/802 4121/941/802
f 4119/1127/802 4121/941/802 4122/943/802
f 4123/1128/803 4124/1127/803 4125/943/803
f 4123/1128/803 4125/943/803 4126/922/803
f 4127/1129/804 4128/914/804 4129/853/804
f 4127/1129/804 4129/853/804 4130/919/804
f 4131/1130/805 4132/1128/805 4133/922/805
f 4131/1130/805 4133/922/805 4134/921/805
f 4135/1131/806 4136/1129/806 4137/919/806
f 4135/1131/806 4137/919/806 4138/925/806
f 4139/1132/807 4140/1130/807 4141/921/807
f 4139/1132/807 4141/921/807 4142/927/807
f 4143/1133/808 4144/1131/808 4145/925/808
f 4143/1133/808 4145/925/808 4146/929/808
f 4147/1134/809 4148/1132/809 4149/927/809
f 4147/1134/809 4149/927/809 4150/931/809
o post.001_Material.013_0
v -0.372311 0.752612 2.483395
v -0.372311 0.842926 2.483395
v -0.523493 0.842926 2.669542
v -0.523493 0.752612 2.669542
v -0.523493 0.752612 2.669542
v -0.523493 0.842926 2.669542
v -0.745118 0.842926 2.581919
v -0.745118 0.752612 2.581919
v -0.745118 0.752612 2.581919
v -0.745118 0.842926 2.581919
v -0.730907 0.842926 2.341618
v -0.730907 0.752612 2.341618
v -0.730907 0.752612 2.341618
v -0.730907 0.842926 2.341618
v -0.500500 0.842926 2.280726
v -0.500500 0.752612 2.280726
v -0.500500 0.752612 2.280726
v -0.500500 0.842926 2.280726
v -0.372311 0.842926 2.483395
v -0.372311 0.752612 2.483395
v -0.523493 0.752612 2.669542
v -0.745118 0.752612 2.581919
v -0.709773 0.752612 2.559037
v -0.534051 0.752612 2.628512
v -0.500500 0.752612 2.280726
v -0.372311 0.752612 2.483395
v -0.414181 0.752612 2.480919
v -0.515820 0.752612 2.320226
v -0.372311 0.752612 2.483395
v -0.414181 0.752612 2.480919
v -0.730907 0.752612 2.341618
v -0.698505 0.752612 2.368506
v -0.523493 0.842926 2.669542
v -0.372311 0.842926 2.483395
v -0.500500 0.842926 2.280726
v -0.730907 0.842926 2.341618
v -0.745118 0.842926 2.581919
vn 0.7762 -0.0000 0.6304
vn -0.3677 -0.0000 0.9300
vn -0.9983 -0.0000 -0.0590
vn -0.2555 -0.0000 -0.9668
vn 0.8451 -0.0000 -0.5346
vn -0.0000 -1.0000 -0.0000
vn -0.0000 1.0000 -0.0000
vt 1.000000 0.500000
vt 1.000000 0.000000
vt 0.800000 0.000000
vt 0.800000 0.500000
vt 0.600000 0.000000
vt 0.600000 0.500000
vt 0.400000 0.000000
vt 0.400000 0.500000
vt 0.200000 0.000000
vt 0.200000 0.500000
vt 0.000000 0.000000
vt 0.000000 0.500000
vt 0.108932 0.944164
vt 0.250000 0.510000
vt 0.021746 0.675836
vt 0.391068 0.944164
vt 0.478254 0.675836
s 0
usemtl Material.013
f 4151/1140/810 4152/1141/810 4153/1142/810
f 4151/1140/810 4153/1142/810 4154/1143/810
f 4155/1143/811 4156/1142/811 4157/1144/811
f 4155/1143/811 4157/1144/811 4158/1145/811
f 4159/1145/812 4160/1144/812 4161/1146/812
f 4159/1145/812 4161/1146/812 4162/1147/812
f 4163/1147/813 4164/1146/813 4165/1148/813
f 4163/1147/813 4165/1148/813 4166/1149/813
f 4167/1149/814 4168/1148/814 4169/1150/814
f 4167/1149/814 4169/1150/814 4170/1151/814
f 4171/1143/815 4172/1145/815 4173/1145/815
f 4171/1143/815 4173/1145/815 4174/1143/815
f 4175/1149/815 4176/1151/815 4177/1151/815
f 4175/1149/815 4177/1151/815 4178/1149/815
f 4179/1140/815 4171/1143/815 4174/1143/815
f 4179/1140/815 4174/1143/815 4180/1140/815
f 4172/1145/815 4181/1147/815 4182/1147/815
f 4172/1145/815 4182/1147/815 4173/1145/815
f 4181/1147/815 4175/1149/815 4178/1149/815
f 4181/1147/815 4178/1149/815 4182/1147/815
f 4186/1152/816 4184/1153/816 4185/1154/816
f 4184/1153/816 4186/1152/816 4187/1155/816
f 4184/1153/816 4187/1155/816 4183/1156/816
o post.001_Material.012_0
v -0.414181 0.752612 2.480919
v -0.534051 0.752612 2.628512
v -0.534051 0.403696 2.628511
v -0.414181 0.403696 2.480919
v -0.698505 0.752612 2.368506
v -0.515820 0.752612 2.320226
v -0.515820 0.403696 2.320226
v -0.698505 0.403696 2.368506
v -0.534051 0.752612 2.628512
v -0.709773 0.752612 2.559037
v -0.709773 0.403696 2.559037
v -0.534051 0.403696 2.628511
v -0.515820 0.752612 2.320226
v -0.414181 0.752612 2.480919
v -0.414181 0.403696 2.480919
v -0.515820 0.403696 2.320226
v -0.709773 0.752612 2.559037
v -0.698505 0.752612 2.368506
v -0.698505 0.403696 2.368506
v -0.709773 0.403696 2.559037
v -0.414181 0.403696 2.480919
v -0.534051 0.403696 2.628511
v -0.709773 0.403696 2.559037
v -0.698505 0.403696 2.368506
v -0.515820 0.403696 2.320226
vn 0.7762 -0.0000 0.6304
vn -0.2555 -0.0000 -0.9668
vn -0.3677 -0.0000 0.9300
vn 0.8451 -0.0000 -0.5346
vn -0.9983 -0.0000 -0.0590
vn -0.0000 -1.0000 -0.0000
vt 1.000000 0.500000
vt 0.800000 0.500000
vt 0.400000 0.500000
vt 0.200000 0.500000
vt 0.600000 0.500000
vt 0.000000 0.500000
vt 0.750000 0.510000
vt 0.608932 0.944164
vt 0.521746 0.675836
vt 0.891068 0.944164
vt 0.978254 0.675836
s 0
usemtl Material.012
f 4188/1157/817 4189/1158/817 4190/1158/817
f 4188/1157/817 4190/1158/817 4191/1157/817
f 4192/1159/818 4193/1160/818 4194/1160/818
f 4192/1159/818 4194/1160/818 4195/1159/818
f 4196/1158/819 4197/1161/819 4198/1161/819
f 4196/1158/819 4198/1161/819 4199/1158/819
f 4200/1160/820 4201/1162/820 4202/1162/820
f 4200/1160/820 4202/1162/820 4203/1160/820
f 4204/1161/821 4205/1159/821 4206/1159/821
f 4204/1161/821 4206/1159/821 4207/1161/821
f 4208/1163/822 4211/1164/822 4212/1165/822
f 4211/1164/822 4208/1163/822 4210/1166/822
f 4210/1166/822 4208/1163/822 4209/1167/822
o light_transparentwhite_0
v -0.532770 1.163662 2.476892
v -0.569147 1.167251 2.474741
v -0.536362 1.163662 2.490649
v -0.569147 0.793676 2.474741
v -0.532770 0.797265 2.476892
v -0.536362 0.797265 2.490649
v -0.536362 1.163662 2.490649
v -0.569147 1.167251 2.474741
v -0.544946 1.163662 2.501985
v -0.569147 0.793676 2.474741
v -0.536362 0.797265 2.490649
v -0.544946 0.797265 2.501984
v -0.544946 1.163662 2.501985
v -0.569147 1.167251 2.474741
v -0.557213 1.163662 2.509172
v -0.569147 0.793676 2.474741
v -0.544946 0.797265 2.501984
v -0.557213 0.797265 2.509172
v -0.569147 0.793676 2.474741
v -0.557213 0.797265 2.509172
v -0.571298 0.797265 2.511118
v -0.557213 1.163662 2.509172
v -0.569147 1.167251 2.474741
v -0.571298 1.163662 2.511118
v -0.571298 1.163662 2.511118
v -0.569147 1.167251 2.474741
v -0.585055 1.163662 2.507526
v -0.569147 0.793676 2.474741
v -0.571298 0.797265 2.511118
v -0.585055 0.797265 2.507526
v -0.585055 1.163662 2.507526
v -0.569147 1.167251 2.474741
v -0.596390 1.163662 2.498942
v -0.569147 0.793676 2.474741
v -0.585055 0.797265 2.507526
v -0.596390 0.797265 2.498942
v -0.596390 1.163662 2.498942
v -0.569147 1.167251 2.474741
v -0.603578 1.163662 2.486674
v -0.569147 0.793676 2.474741
v -0.596390 0.797265 2.498942
v -0.603578 0.797265 2.486674
v -0.603578 1.163662 2.486674
v -0.569147 1.167251 2.474741
v -0.605524 1.163662 2.472590
v -0.569147 0.793676 2.474741
v -0.603578 0.797265 2.486674
v -0.605524 0.797265 2.472590
v -0.605524 1.163662 2.472590
v -0.569147 1.167251 2.474741
v -0.601931 1.163662 2.458833
v -0.569147 0.793676 2.474741
v -0.605524 0.797265 2.472590
v -0.601931 0.797265 2.458833
v -0.601931 1.163662 2.458833
v -0.569147 1.167251 2.474741
v -0.593348 1.163662 2.447497
v -0.569147 0.793676 2.474741
v -0.601931 0.797265 2.458833
v -0.593348 0.797265 2.447497
v -0.593348 1.163662 2.447497
v -0.569147 1.167251 2.474741
v -0.581080 1.163662 2.440310
v -0.569147 0.793676 2.474741
v -0.593348 0.797265 2.447497
v -0.581080 0.797265 2.440310
v -0.581080 1.163662 2.440310
v -0.569147 1.167251 2.474741
v -0.566996 1.163662 2.438364
v -0.569147 0.793676 2.474741
v -0.581080 0.797265 2.440310
v -0.566996 0.797265 2.438364
v -0.566996 1.163662 2.438364
v -0.569147 1.167251 2.474741
v -0.553238 1.163662 2.441956
v -0.569147 0.793676 2.474741
v -0.566996 0.797265 2.438364
v -0.553239 0.797265 2.441956
v -0.553238 1.163662 2.441956
v -0.569147 1.167251 2.474741
v -0.541903 1.163662 2.450540
v -0.569147 0.793676 2.474741
v -0.553239 0.797265 2.441956
v -0.541903 0.797265 2.450540
v -0.541903 1.163662 2.450540
v -0.569147 1.167251 2.474741
v -0.534716 1.163662 2.462808
v -0.569147 0.793676 2.474741
v -0.541903 0.797265 2.450540
v -0.534716 0.797265 2.462808
v -0.534716 1.163662 2.462808
v -0.569147 1.167251 2.474741
v -0.532770 1.163662 2.476892
v -0.569147 0.793676 2.474741
v -0.534716 0.797265 2.462808
v -0.532770 0.797265 2.476892
v -0.497791 1.153033 2.478961
v -0.532770 1.163662 2.476892
v -0.536362 1.163662 2.490649
v -0.504837 1.153033 2.505946
v -0.396879 0.908983 2.484928
v -0.386268 0.944023 2.485556
v -0.404327 0.944023 2.554718
v -0.413890 0.908983 2.550077
v -0.465554 1.135772 2.480867
v -0.497791 1.153033 2.478961
v -0.504837 1.153033 2.505946
v -0.475784 1.135772 2.520044
v -0.414109 0.876690 2.483909
v -0.396879 0.908983 2.484928
v -0.413890 0.908983 2.550077
v -0.429420 0.876690 2.542542
v -0.437298 1.112543 2.482538
v -0.465554 1.135772 2.480867
v -0.475784 1.135772 2.520044
v -0.450319 1.112543 2.532401
v -0.437298 0.848385 2.482538
v -0.414109 0.876690 2.483909
v -0.429420 0.876690 2.542542
v -0.450319 0.848385 2.532401
v -0.414109 1.084237 2.483909
v -0.437298 1.112543 2.482538
v -0.450319 1.112543 2.532401
v -0.429420 1.084237 2.542542
v -0.465554 0.825156 2.480867
v -0.437298 0.848385 2.482538
v -0.450319 0.848385 2.532401
v -0.475784 0.825156 2.520044
v -0.396879 1.051944 2.484928
v -0.414109 1.084237 2.483909
v -0.429420 1.084237 2.542542
v -0.413890 1.051944 2.550077
v -0.497791 0.807895 2.478961
v -0.465554 0.825156 2.480867
v -0.475784 0.825156 2.520044
v -0.504837 0.807895 2.505946
v -0.386268 1.016904 2.485556
v -0.396879 1.051944 2.484928
v -0.413890 1.051944 2.550077
v -0.404327 1.016904 2.554718
v -0.532770 0.797265 2.476892
v -0.497791 0.807895 2.478961
v -0.504837 0.807895 2.505946
v -0.536362 0.797265 2.490649
v -0.382685 0.980464 2.485768
v -0.386268 1.016904 2.485556
v -0.404327 1.016904 2.554718
v -0.401098 0.980464 2.556284
v -0.386268 0.944023 2.485556
v -0.382685 0.980464 2.485768
v -0.401098 0.980464 2.556284
v -0.404327 0.944023 2.554718
v -0.401098 0.980464 2.556284
v -0.404327 1.016904 2.554718
v -0.447479 1.016904 2.611703
v -0.445096 0.980464 2.614387
v -0.404327 0.944023 2.554718
v -0.401098 0.980464 2.556284
v -0.445096 0.980464 2.614387
v -0.447479 0.944023 2.611703
v -0.504837 1.153033 2.505946
v -0.536362 1.163662 2.490649
v -0.544946 1.163662 2.501985
v -0.521674 1.153033 2.528181
v -0.413890 0.908983 2.550077
v -0.404327 0.944023 2.554718
v -0.447479 0.944023 2.611703
v -0.454538 0.908983 2.603757
v -0.475784 1.135772 2.520044
v -0.504837 1.153033 2.505946
v -0.521674 1.153033 2.528181
v -0.500228 1.135772 2.552324
v -0.429420 0.876690 2.542542
v -0.413890 0.908983 2.550077
v -0.454538 0.908983 2.603757
v -0.466002 0.876690 2.590852
v -0.450319 1.112543 2.532401
v -0.475784 1.135772 2.520044
v -0.500228 1.135772 2.552324
v -0.481429 1.112543 2.573485
v -0.450319 0.848385 2.532401
v -0.429420 0.876690 2.542542
v -0.466002 0.876690 2.590852
v -0.481429 0.848385 2.573485
v -0.429420 1.084237 2.542542
v -0.450319 1.112543 2.532401
v -0.481429 1.112543 2.573485
v -0.466002 1.084237 2.590852
v -0.475784 0.825156 2.520044
v -0.450319 0.848385 2.532401
v -0.481429 0.848385 2.573485
v -0.500228 0.825156 2.552324
v -0.413890 1.051944 2.550077
v -0.429420 1.084237 2.542542
v -0.466002 1.084237 2.590852
v -0.454538 1.051944 2.603757
v -0.504837 0.807895 2.505946
v -0.475784 0.825156 2.520044
v -0.500228 0.825156 2.552324
v -0.521674 0.807895 2.528181
v -0.404327 1.016904 2.554718
v -0.413890 1.051944 2.550077
v -0.454538 1.051944 2.603757
v -0.447479 1.016904 2.611703
v -0.536362 0.797265 2.490649
v -0.504837 0.807895 2.505946
v -0.521674 0.807895 2.528181
v -0.544946 0.797265 2.501984
v -0.481429 0.848385 2.573485
v -0.466002 0.876690 2.590852
v -0.518287 0.876690 2.621485
v -0.525894 0.848385 2.599537
v -0.466002 1.084237 2.590852
v -0.481429 1.112543 2.573485
v -0.525894 1.112543 2.599537
v -0.518287 1.084237 2.621485
v -0.500228 0.825156 2.552324
v -0.481429 0.848385 2.573485
v -0.525894 0.848385 2.599537
v -0.535163 0.825156 2.572793
v -0.454538 1.051944 2.603757
v -0.466002 1.084237 2.590852
v -0.518287 1.084237 2.621485
v -0.512635 1.051944 2.637795
v -0.521674 0.807895 2.528181
v -0.500228 0.825156 2.552324
v -0.535163 0.825156 2.572793
v -0.545739 0.807895 2.542280
v -0.447479 1.016904 2.611703
v -0.454538 1.051944 2.603757
v -0.512635 1.051944 2.637795
v -0.509154 1.016904 2.647838
v -0.544946 0.797265 2.501984
v -0.521674 0.807895 2.528181
v -0.545739 0.807895 2.542280
v -0.557213 0.797265 2.509172
v -0.445096 0.980464 2.614387
v -0.447479 1.016904 2.611703
v -0.509154 1.016904 2.647838
v -0.507978 0.980464 2.651229
v -0.447479 0.944023 2.611703
v -0.445096 0.980464 2.614387
v -0.507978 0.980464 2.651229
v -0.509154 0.944023 2.647838
v -0.521674 1.153033 2.528181
v -0.544946 1.163662 2.501985
v -0.557213 1.163662 2.509172
v -0.545739 1.153033 2.542280
v -0.454538 0.908983 2.603757
v -0.447479 0.944023 2.611703
v -0.509154 0.944023 2.647838
v -0.512635 0.908983 2.637795
v -0.500228 1.135772 2.552324
v -0.521674 1.153033 2.528181
v -0.545739 1.153033 2.542280
v -0.535163 1.135772 2.572793
v -0.466002 0.876690 2.590852
v -0.454538 0.908983 2.603757
v -0.512635 0.908983 2.637795
v -0.518287 0.876690 2.621485
v -0.481429 1.112543 2.573485
v -0.500228 1.135772 2.552324
v -0.535163 1.135772 2.572793
v -0.525894 1.112543 2.599537
v -0.509154 0.944023 2.647838
v -0.507978 0.980464 2.651229
v -0.580174 0.980464 2.661203
v -0.579962 0.944023 2.657620
v -0.545739 1.153033 2.542280
v -0.557213 1.163662 2.509172
v -0.571298 1.163662 2.511118
v -0.573367 1.153033 2.546097
v -0.512635 0.908983 2.637795
v -0.509154 0.944023 2.647838
v -0.579962 0.944023 2.657620
v -0.579334 0.908983 2.647009
v -0.535163 1.135772 2.572793
v -0.545739 1.153033 2.542280
v -0.573367 1.153033 2.546097
v -0.575273 1.135772 2.578334
v -0.518287 0.876690 2.621485
v -0.512635 0.908983 2.637795
v -0.579334 0.908983 2.647009
v -0.578315 0.876690 2.629778
v -0.525894 1.112543 2.599537
v -0.535163 1.135772 2.572793
v -0.575273 1.135772 2.578334
v -0.576944 1.112543 2.606590
v -0.525894 0.848385 2.599537
v -0.518287 0.876690 2.621485
v -0.578315 0.876690 2.629778
v -0.576944 0.848385 2.606589
v -0.518287 1.084237 2.621485
v -0.525894 1.112543 2.599537
v -0.576944 1.112543 2.606590
v -0.578315 1.084237 2.629778
v -0.535163 0.825156 2.572793
v -0.525894 0.848385 2.599537
v -0.576944 0.848385 2.606589
v -0.575273 0.825156 2.578334
v -0.512635 1.051944 2.637795
v -0.518287 1.084237 2.621485
v -0.578315 1.084237 2.629778
v -0.579334 1.051944 2.647009
v -0.545739 0.807895 2.542280
v -0.535163 0.825156 2.572793
v -0.575273 0.825156 2.578334
v -0.573367 0.807895 2.546097
v -0.509154 1.016904 2.647838
v -0.512635 1.051944 2.637795
v -0.579334 1.051944 2.647009
v -0.579962 1.016904 2.657620
v -0.557213 0.797265 2.509172
v -0.545739 0.807895 2.542280
v -0.573367 0.807895 2.546097
v -0.571298 0.797265 2.511118
v -0.507978 0.980464 2.651229
v -0.509154 1.016904 2.647838
v -0.579962 1.016904 2.657620
v -0.580174 0.980464 2.661203
v -0.575273 0.825156 2.578334
v -0.576944 0.848385 2.606589
v -0.626807 0.848385 2.593569
v -0.614450 0.825156 2.568104
v -0.579334 1.051944 2.647009
v -0.578315 1.084237 2.629778
v -0.636948 1.084237 2.614468
v -0.644483 1.051944 2.629997
v -0.573367 0.807895 2.546097
v -0.575273 0.825156 2.578334
v -0.614450 0.825156 2.568104
v -0.600352 0.807895 2.539050
v -0.579962 1.016904 2.657620
v -0.579334 1.051944 2.647009
v -0.644483 1.051944 2.629997
v -0.649123 1.016904 2.639560
v -0.571298 0.797265 2.511118
v -0.573367 0.807895 2.546097
v -0.600352 0.807895 2.539050
v -0.585055 0.797265 2.507526
v -0.580174 0.980464 2.661203
v -0.579962 1.016904 2.657620
v -0.649123 1.016904 2.639560
v -0.650690 0.980464 2.642790
v -0.579962 0.944023 2.657620
v -0.580174 0.980464 2.661203
v -0.650690 0.980464 2.642790
v -0.649123 0.944023 2.639560
v -0.573367 1.153033 2.546097
v -0.571298 1.163662 2.511118
v -0.585055 1.163662 2.507526
v -0.600352 1.153033 2.539050
v -0.579334 0.908983 2.647009
v -0.579962 0.944023 2.657620
v -0.649123 0.944023 2.639560
v -0.644483 0.908983 2.629997
v -0.575273 1.135772 2.578334
v -0.573367 1.153033 2.546097
v -0.600352 1.153033 2.539050
v -0.614450 1.135772 2.568104
v -0.578315 0.876690 2.629778
v -0.579334 0.908983 2.647009
v -0.644483 0.908983 2.629997
v -0.636948 0.876690 2.614468
v -0.576944 1.112543 2.606590
v -0.575273 1.135772 2.578334
v -0.614450 1.135772 2.568104
v -0.626807 1.112543 2.593569
v -0.576944 0.848385 2.606589
v -0.578315 0.876690 2.629778
v -0.636948 0.876690 2.614468
v -0.626807 0.848385 2.593569
v -0.578315 1.084237 2.629778
v -0.576944 1.112543 2.606590
v -0.626807 1.112543 2.593569
v -0.636948 1.084237 2.614468
v -0.600352 1.153033 2.539050
v -0.585055 1.163662 2.507526
v -0.596390 1.163662 2.498942
v -0.622587 1.153033 2.522213
v -0.644483 0.908983 2.629997
v -0.649123 0.944023 2.639560
v -0.706109 0.944023 2.596409
v -0.698162 0.908983 2.589349
v -0.614450 1.135772 2.568104
v -0.600352 1.153033 2.539050
v -0.622587 1.153033 2.522213
v -0.646730 1.135772 2.543660
v -0.636948 0.876690 2.614468
v -0.644483 0.908983 2.629997
v -0.698162 0.908983 2.589349
v -0.685258 0.876690 2.577886
v -0.626807 1.112543 2.593569
v -0.614450 1.135772 2.568104
v -0.646730 1.135772 2.543660
v -0.667891 1.112543 2.562459
v -0.626807 0.848385 2.593569
v -0.636948 0.876690 2.614468
v -0.685258 0.876690 2.577886
v -0.667891 0.848385 2.562459
v -0.636948 1.084237 2.614468
v -0.626807 1.112543 2.593569
v -0.667891 1.112543 2.562459
v -0.685258 1.084237 2.577886
v -0.614450 0.825156 2.568104
v -0.626807 0.848385 2.593569
v -0.667891 0.848385 2.562459
v -0.646730 0.825156 2.543660
v -0.644483 1.051944 2.629997
v -0.636948 1.084237 2.614468
v -0.685258 1.084237 2.577886
v -0.698162 1.051944 2.589350
v -0.600352 0.807895 2.539050
v -0.614450 0.825156 2.568104
v -0.646730 0.825156 2.543660
v -0.622587 0.807895 2.522213
v -0.649123 1.016904 2.639560
v -0.644483 1.051944 2.629997
v -0.698162 1.051944 2.589350
v -0.706109 1.016904 2.596409
v -0.585055 0.797265 2.507526
v -0.600352 0.807895 2.539050
v -0.622587 0.807895 2.522213
v -0.596390 0.797265 2.498942
v -0.650690 0.980464 2.642790
v -0.649123 1.016904 2.639560
v -0.706109 1.016904 2.596409
v -0.708792 0.980464 2.598792
v -0.649123 0.944023 2.639560
v -0.650690 0.980464 2.642790
v -0.708792 0.980464 2.598792
v -0.706109 0.944023 2.596409
v -0.698162 1.051944 2.589350
v -0.685258 1.084237 2.577886
v -0.715891 1.084237 2.525601
v -0.732201 1.051944 2.531253
v -0.622587 0.807895 2.522213
v -0.646730 0.825156 2.543660
v -0.667198 0.825156 2.508724
v -0.636686 0.807895 2.498149
v -0.706109 1.016904 2.596409
v -0.698162 1.051944 2.589350
v -0.732201 1.051944 2.531253
v -0.742244 1.016904 2.534734
v -0.596390 0.797265 2.498942
v -0.622587 0.807895 2.522213
v -0.636686 0.807895 2.498149
v -0.603578 0.797265 2.486674
v -0.708792 0.980464 2.598792
v -0.706109 1.016904 2.596409
v -0.742244 1.016904 2.534734
v -0.745635 0.980464 2.535909
v -0.706109 0.944023 2.596409
v -0.708792 0.980464 2.598792
v -0.745635 0.980464 2.535909
v -0.742244 0.944023 2.534734
v -0.622587 1.153033 2.522213
v -0.596390 1.163662 2.498942
v -0.603578 1.163662 2.486674
v -0.636686 1.153033 2.498149
v -0.698162 0.908983 2.589349
v -0.706109 0.944023 2.596409
v -0.742244 0.944023 2.534734
v -0.732201 0.908983 2.531253
v -0.646730 1.135772 2.543660
v -0.622587 1.153033 2.522213
v -0.636686 1.153033 2.498149
v -0.667198 1.135772 2.508724
v -0.685258 0.876690 2.577886
v -0.698162 0.908983 2.589349
v -0.732201 0.908983 2.531253
v -0.715891 0.876690 2.525601
v -0.667891 1.112543 2.562459
v -0.646730 1.135772 2.543660
v -0.667198 1.135772 2.508724
v -0.693943 1.112543 2.517993
v -0.667891 0.848385 2.562459
v -0.685258 0.876690 2.577886
v -0.715891 0.876690 2.525601
v -0.693943 0.848385 2.517993
v -0.685258 1.084237 2.577886
v -0.667891 1.112543 2.562459
v -0.693943 1.112543 2.517993
v -0.715891 1.084237 2.525601
v -0.646730 0.825156 2.543660
v -0.667891 0.848385 2.562459
v -0.693943 0.848385 2.517993
v -0.667198 0.825156 2.508724
v -0.732201 0.908983 2.531253
v -0.742244 0.944023 2.534734
v -0.752026 0.944023 2.463926
v -0.741415 0.908983 2.464553
v -0.667198 1.135772 2.508724
v -0.636686 1.153033 2.498149
v -0.640503 1.153033 2.470521
v -0.672739 1.135772 2.468615
v -0.715891 0.876690 2.525601
v -0.732201 0.908983 2.531253
v -0.741415 0.908983 2.464553
v -0.724184 0.876690 2.465572
v -0.693943 1.112543 2.517993
v -0.667198 1.135772 2.508724
v -0.672739 1.135772 2.468615
v -0.700995 1.112543 2.466944
v -0.693943 0.848385 2.517993
v -0.715891 0.876690 2.525601
v -0.724184 0.876690 2.465572
v -0.700995 0.848385 2.466944
v -0.715891 1.084237 2.525601
v -0.693943 1.112543 2.517993
v -0.700995 1.112543 2.466944
v -0.724184 1.084237 2.465572
v -0.667198 0.825156 2.508724
v -0.693943 0.848385 2.517993
v -0.700995 0.848385 2.466944
v -0.672739 0.825156 2.468615
v -0.732201 1.051944 2.531253
v -0.715891 1.084237 2.525601
v -0.724184 1.084237 2.465572
v -0.741415 1.051944 2.464553
v -0.636686 0.807895 2.498149
v -0.667198 0.825156 2.508724
v -0.672739 0.825156 2.468615
v -0.640503 0.807895 2.470521
v -0.742244 1.016904 2.534734
v -0.732201 1.051944 2.531253
v -0.741415 1.051944 2.464553
v -0.752026 1.016904 2.463926
v -0.603578 0.797265 2.486674
v -0.636686 0.807895 2.498149
v -0.640503 0.807895 2.470521
v -0.605524 0.797265 2.472590
v -0.745635 0.980464 2.535909
v -0.742244 1.016904 2.534734
v -0.752026 1.016904 2.463926
v -0.755609 0.980464 2.463714
v -0.742244 0.944023 2.534734
v -0.745635 0.980464 2.535909
v -0.755609 0.980464 2.463714
v -0.752026 0.944023 2.463926
v -0.636686 1.153033 2.498149
v -0.603578 1.163662 2.486674
v -0.605524 1.163662 2.472590
v -0.640503 1.153033 2.470521
v -0.640503 0.807895 2.470521
v -0.672739 0.825156 2.468615
v -0.662510 0.825156 2.429438
v -0.633456 0.807895 2.443536
v -0.752026 1.016904 2.463926
v -0.741415 1.051944 2.464553
v -0.724403 1.051944 2.399405
v -0.733966 1.016904 2.394764
v -0.605524 0.797265 2.472590
v -0.640503 0.807895 2.470521
v -0.633456 0.807895 2.443536
v -0.601931 0.797265 2.458833
v -0.755609 0.980464 2.463714
v -0.752026 1.016904 2.463926
v -0.733966 1.016904 2.394764
v -0.737195 0.980464 2.393198
v -0.752026 0.944023 2.463926
v -0.755609 0.980464 2.463714
v -0.737195 0.980464 2.393198
v -0.733966 0.944023 2.394764
v -0.640503 1.153033 2.470521
v -0.605524 1.163662 2.472590
v -0.601931 1.163662 2.458833
v -0.633456 1.153033 2.443536
v -0.741415 0.908983 2.464553
v -0.752026 0.944023 2.463926
v -0.733966 0.944023 2.394764
v -0.724403 0.908983 2.399405
v -0.672739 1.135772 2.468615
v -0.640503 1.153033 2.470521
v -0.633456 1.153033 2.443536
v -0.662510 1.135772 2.429438
v -0.724184 0.876690 2.465572
v -0.741415 0.908983 2.464553
v -0.724403 0.908983 2.399405
v -0.708874 0.876690 2.406940
v -0.700995 1.112543 2.466944
v -0.672739 1.135772 2.468615
v -0.662510 1.135772 2.429438
v -0.687975 1.112543 2.417081
v -0.700995 0.848385 2.466944
v -0.724184 0.876690 2.465572
v -0.708874 0.876690 2.406940
v -0.687975 0.848385 2.417081
v -0.724184 1.084237 2.465572
v -0.700995 1.112543 2.466944
v -0.687975 1.112543 2.417081
v -0.708874 1.084237 2.406940
v -0.672739 0.825156 2.468615
v -0.700995 0.848385 2.466944
v -0.687975 0.848385 2.417081
v -0.662510 0.825156 2.429438
v -0.741415 1.051944 2.464553
v -0.724184 1.084237 2.465572
v -0.708874 1.084237 2.406940
v -0.724403 1.051944 2.399405
v -0.662510 1.135772 2.429438
v -0.633456 1.153033 2.443536
v -0.616619 1.153033 2.421301
v -0.638066 1.135772 2.397158
v -0.708874 0.876690 2.406940
v -0.724403 0.908983 2.399405
v -0.683755 0.908983 2.345725
v -0.672292 0.876690 2.358630
v -0.687975 1.112543 2.417081
v -0.662510 1.135772 2.429438
v -0.638066 1.135772 2.397158
v -0.656864 1.112543 2.375997
v -0.687975 0.848385 2.417081
v -0.708874 0.876690 2.406940
v -0.672292 0.876690 2.358630
v -0.656864 0.848385 2.375997
v -0.708874 1.084237 2.406940
v -0.687975 1.112543 2.417081
v -0.656864 1.112543 2.375997
v -0.672292 1.084237 2.358630
v -0.662510 0.825156 2.429438
v -0.687975 0.848385 2.417081
v -0.656864 0.848385 2.375997
v -0.638066 0.825156 2.397158
v -0.724403 1.051944 2.399405
v -0.708874 1.084237 2.406940
v -0.672292 1.084237 2.358630
v -0.683755 1.051944 2.345725
v -0.633456 0.807895 2.443536
v -0.662510 0.825156 2.429438
v -0.638066 0.825156 2.397158
v -0.616619 0.807895 2.421301
v -0.733966 1.016904 2.394764
v -0.724403 1.051944 2.399405
v -0.683755 1.051944 2.345725
v -0.690814 1.016904 2.337779
v -0.601931 0.797265 2.458833
v -0.633456 0.807895 2.443536
v -0.616619 0.807895 2.421301
v -0.593348 0.797265 2.447497
v -0.737195 0.980464 2.393198
v -0.733966 1.016904 2.394764
v -0.690814 1.016904 2.337779
v -0.693198 0.980464 2.335095
v -0.733966 0.944023 2.394764
v -0.737195 0.980464 2.393198
v -0.693198 0.980464 2.335095
v -0.690814 0.944023 2.337779
v -0.633456 1.153033 2.443536
v -0.601931 1.163662 2.458833
v -0.593348 1.163662 2.447497
v -0.616619 1.153033 2.421301
v -0.724403 0.908983 2.399405
v -0.733966 0.944023 2.394764
v -0.690814 0.944023 2.337779
v -0.683755 0.908983 2.345725
v -0.690814 1.016904 2.337779
v -0.683755 1.051944 2.345725
v -0.625659 1.051944 2.311687
v -0.629140 1.016904 2.301644
v -0.593348 0.797265 2.447497
v -0.616619 0.807895 2.421301
v -0.592555 0.807895 2.407202
v -0.581080 0.797265 2.440310
v -0.693198 0.980464 2.335095
v -0.690814 1.016904 2.337779
v -0.629140 1.016904 2.301644
v -0.630315 0.980464 2.298253
v -0.690814 0.944023 2.337779
v -0.693198 0.980464 2.335095
v -0.630315 0.980464 2.298253
v -0.629140 0.944023 2.301644
v -0.616619 1.153033 2.421301
v -0.593348 1.163662 2.447497
v -0.581080 1.163662 2.440310
v -0.592555 1.153033 2.407202
v -0.683755 0.908983 2.345725
v -0.690814 0.944023 2.337779
v -0.629140 0.944023 2.301644
v -0.625659 0.908983 2.311687
v -0.638066 1.135772 2.397158
v -0.616619 1.153033 2.421301
v -0.592555 1.153033 2.407202
v -0.603130 1.135772 2.376689
v -0.672292 0.876690 2.358630
v -0.683755 0.908983 2.345725
v -0.625659 0.908983 2.311687
v -0.620006 0.876690 2.327996
v -0.656864 1.112543 2.375997
v -0.638066 1.135772 2.397158
v -0.603130 1.135772 2.376689
v -0.612399 1.112543 2.349945
v -0.656864 0.848385 2.375997
v -0.672292 0.876690 2.358630
v -0.620006 0.876690 2.327996
v -0.612399 0.848385 2.349945
v -0.672292 1.084237 2.358630
v -0.656864 1.112543 2.375997
v -0.612399 1.112543 2.349945
v -0.620006 1.084237 2.327996
v -0.638066 0.825156 2.397158
v -0.656864 0.848385 2.375997
v -0.612399 0.848385 2.349945
v -0.603130 0.825156 2.376689
v -0.683755 1.051944 2.345725
v -0.672292 1.084237 2.358630
v -0.620006 1.084237 2.327996
v -0.625659 1.051944 2.311687
v -0.616619 0.807895 2.421301
v -0.638066 0.825156 2.397158
v -0.603130 0.825156 2.376689
v -0.592555 0.807895 2.407202
v -0.620006 0.876690 2.327996
v -0.625659 0.908983 2.311687
v -0.558959 0.908983 2.302473
v -0.559978 0.876690 2.319704
v -0.612399 1.112543 2.349945
v -0.603130 1.135772 2.376689
v -0.563021 1.135772 2.371148
v -0.561350 1.112543 2.342893
v -0.612399 0.848385 2.349945
v -0.620006 0.876690 2.327996
v -0.559978 0.876690 2.319704
v -0.561350 0.848385 2.342893
v -0.620006 1.084237 2.327996
v -0.612399 1.112543 2.349945
v -0.561350 1.112543 2.342893
v -0.559978 1.084237 2.319704
v -0.603130 0.825156 2.376689
v -0.612399 0.848385 2.349945
v -0.561350 0.848385 2.342893
v -0.563021 0.825156 2.371148
v -0.625659 1.051944 2.311687
v -0.620006 1.084237 2.327996
v -0.559978 1.084237 2.319704
v -0.558959 1.051944 2.302473
v -0.592555 0.807895 2.407202
v -0.603130 0.825156 2.376689
v -0.563021 0.825156 2.371148
v -0.564927 0.807895 2.403385
v -0.629140 1.016904 2.301644
v -0.625659 1.051944 2.311687
v -0.558959 1.051944 2.302473
v -0.558332 1.016904 2.291862
v -0.581080 0.797265 2.440310
v -0.592555 0.807895 2.407202
v -0.564927 0.807895 2.403385
v -0.566996 0.797265 2.438364
v -0.630315 0.980464 2.298253
v -0.629140 1.016904 2.301644
v -0.558332 1.016904 2.291862
v -0.558120 0.980464 2.288279
v -0.629140 0.944023 2.301644
v -0.630315 0.980464 2.298253
v -0.558120 0.980464 2.288279
v -0.558332 0.944023 2.291862
v -0.592555 1.153033 2.407202
v -0.581080 1.163662 2.440310
v -0.566996 1.163662 2.438364
v -0.564927 1.153033 2.403385
v -0.625659 0.908983 2.311687
v -0.629140 0.944023 2.301644
v -0.558332 0.944023 2.291862
v -0.558959 0.908983 2.302473
v -0.603130 1.135772 2.376689
v -0.592555 1.153033 2.407202
v -0.564927 1.153033 2.403385
v -0.563021 1.135772 2.371148
v -0.566996 0.797265 2.438364
v -0.564927 0.807895 2.403385
v -0.537942 0.807895 2.410432
v -0.553239 0.797265 2.441956
v -0.558120 0.980464 2.288279
v -0.558332 1.016904 2.291862
v -0.489170 1.016904 2.309922
v -0.487603 0.980464 2.306693
v -0.558332 0.944023 2.291862
v -0.558120 0.980464 2.288279
v -0.487603 0.980464 2.306693
v -0.489170 0.944023 2.309922
v -0.564927 1.153033 2.403385
v -0.566996 1.163662 2.438364
v -0.553238 1.163662 2.441956
v -0.537942 1.153033 2.410432
v -0.558959 0.908983 2.302473
v -0.558332 0.944023 2.291862
v -0.489170 0.944023 2.309922
v -0.493811 0.908983 2.319484
v -0.563021 1.135772 2.371148
v -0.564927 1.153033 2.403385
v -0.537942 1.153033 2.410432
v -0.523844 1.135772 2.381378
v -0.559978 0.876690 2.319704
v -0.558959 0.908983 2.302473
v -0.493811 0.908983 2.319484
v -0.501346 0.876690 2.335014
v -0.561350 1.112543 2.342893
v -0.563021 1.135772 2.371148
v -0.523844 1.135772 2.381378
v -0.511487 1.112543 2.355913
v -0.561350 0.848385 2.342893
v -0.559978 0.876690 2.319704
v -0.501346 0.876690 2.335014
v -0.511487 0.848385 2.355913
v -0.559978 1.084237 2.319704
v -0.561350 1.112543 2.342893
v -0.511487 1.112543 2.355913
v -0.501346 1.084237 2.335014
v -0.563021 0.825156 2.371148
v -0.561350 0.848385 2.342893
v -0.511487 0.848385 2.355913
v -0.523844 0.825156 2.381378
v -0.558959 1.051944 2.302473
v -0.559978 1.084237 2.319704
v -0.501346 1.084237 2.335014
v -0.493811 1.051944 2.319484
v -0.564927 0.807895 2.403385
v -0.563021 0.825156 2.371148
v -0.523844 0.825156 2.381378
v -0.537942 0.807895 2.410432
v -0.558332 1.016904 2.291862
v -0.558959 1.051944 2.302473
v -0.493811 1.051944 2.319484
v -0.489170 1.016904 2.309922
v -0.511487 0.848385 2.355913
v -0.501346 0.876690 2.335014
v -0.453036 0.876690 2.371596
v -0.470402 0.848385 2.387023
v -0.501346 1.084237 2.335014
v -0.511487 1.112543 2.355913
v -0.470402 1.112543 2.387023
v -0.453036 1.084237 2.371596
v -0.523844 0.825156 2.381378
v -0.511487 0.848385 2.355913
v -0.470402 0.848385 2.387023
v -0.491564 0.825156 2.405822
v -0.493811 1.051944 2.319484
v -0.501346 1.084237 2.335014
v -0.453036 1.084237 2.371596
v -0.440131 1.051944 2.360133
v -0.537942 0.807895 2.410432
v -0.523844 0.825156 2.381378
v -0.491564 0.825156 2.405822
v -0.515707 0.807895 2.427269
v -0.489170 1.016904 2.309922
v -0.493811 1.051944 2.319484
v -0.440131 1.051944 2.360133
v -0.432185 1.016904 2.353073
v -0.553239 0.797265 2.441956
v -0.537942 0.807895 2.410432
v -0.515707 0.807895 2.427269
v -0.541903 0.797265 2.450540
v -0.487603 0.980464 2.306693
v -0.489170 1.016904 2.309922
v -0.432185 1.016904 2.353073
v -0.429501 0.980464 2.350690
v -0.489170 0.944023 2.309922
v -0.487603 0.980464 2.306693
v -0.429501 0.980464 2.350690
v -0.432185 0.944023 2.353073
v -0.537942 1.153033 2.410432
v -0.553238 1.163662 2.441956
v -0.541903 1.163662 2.450540
v -0.515707 1.153033 2.427269
v -0.493811 0.908983 2.319484
v -0.489170 0.944023 2.309922
v -0.432185 0.944023 2.353073
v -0.440131 0.908983 2.360133
v -0.523844 1.135772 2.381378
v -0.537942 1.153033 2.410432
v -0.515707 1.153033 2.427269
v -0.491564 1.135772 2.405822
v -0.501346 0.876690 2.335014
v -0.493811 0.908983 2.319484
v -0.440131 0.908983 2.360133
v -0.453036 0.876690 2.371596
v -0.511487 1.112543 2.355913
v -0.523844 1.135772 2.381378
v -0.491564 1.135772 2.405822
v -0.470402 1.112543 2.387023
v -0.432185 0.944023 2.353073
v -0.429501 0.980464 2.350690
v -0.392659 0.980464 2.413573
v -0.396050 0.944023 2.414748
v -0.515707 1.153033 2.427269
v -0.541903 1.163662 2.450540
v -0.534716 1.163662 2.462808
v -0.501608 1.153033 2.451333
v -0.440131 0.908983 2.360133
v -0.432185 0.944023 2.353073
v -0.396050 0.944023 2.414748
v -0.406093 0.908983 2.418229
v -0.491564 1.135772 2.405822
v -0.515707 1.153033 2.427269
v -0.501608 1.153033 2.451333
v -0.471095 1.135772 2.440758
v -0.453036 0.876690 2.371596
v -0.440131 0.908983 2.360133
v -0.406093 0.908983 2.418229
v -0.422402 0.876690 2.423882
v -0.470402 1.112543 2.387023
v -0.491564 1.135772 2.405822
v -0.471095 1.135772 2.440758
v -0.444351 1.112543 2.431489
v -0.470402 0.848385 2.387023
v -0.453036 0.876690 2.371596
v -0.422402 0.876690 2.423882
v -0.444351 0.848385 2.431489
v -0.453036 1.084237 2.371596
v -0.470402 1.112543 2.387023
v -0.444351 1.112543 2.431489
v -0.422402 1.084237 2.423882
v -0.491564 0.825156 2.405822
v -0.470402 0.848385 2.387023
v -0.444351 0.848385 2.431489
v -0.471095 0.825156 2.440758
v -0.440131 1.051944 2.360133
v -0.453036 1.084237 2.371596
v -0.422402 1.084237 2.423882
v -0.406093 1.051944 2.418229
v -0.515707 0.807895 2.427269
v -0.491564 0.825156 2.405822
v -0.471095 0.825156 2.440758
v -0.501608 0.807895 2.451333
v -0.432185 1.016904 2.353073
v -0.440131 1.051944 2.360133
v -0.406093 1.051944 2.418229
v -0.396050 1.016904 2.414748
v -0.541903 0.797265 2.450540
v -0.515707 0.807895 2.427269
v -0.501608 0.807895 2.451333
v -0.534716 0.797265 2.462808
v -0.429501 0.980464 2.350690
v -0.432185 1.016904 2.353073
v -0.396050 1.016904 2.414748
v -0.392659 0.980464 2.413573
v -0.422402 1.084237 2.423882
v -0.444351 1.112543 2.431489
v -0.437298 1.112543 2.482538
v -0.414109 1.084237 2.483909
v -0.471095 0.825156 2.440758
v -0.444351 0.848385 2.431489
v -0.437298 0.848385 2.482538
v -0.465554 0.825156 2.480867
v -0.406093 1.051944 2.418229
v -0.422402 1.084237 2.423882
v -0.414109 1.084237 2.483909
v -0.396879 1.051944 2.484928
v -0.501608 0.807895 2.451333
v -0.471095 0.825156 2.440758
v -0.465554 0.825156 2.480867
v -0.497791 0.807895 2.478961
v -0.396050 1.016904 2.414748
v -0.406093 1.051944 2.418229
v -0.396879 1.051944 2.484928
v -0.386268 1.016904 2.485556
v -0.534716 0.797265 2.462808
v -0.501608 0.807895 2.451333
v -0.497791 0.807895 2.478961
v -0.532770 0.797265 2.476892
v -0.392659 0.980464 2.413573
v -0.396050 1.016904 2.414748
v -0.386268 1.016904 2.485556
v -0.382685 0.980464 2.485768
v -0.396050 0.944023 2.414748
v -0.392659 0.980464 2.413573
v -0.382685 0.980464 2.485768
v -0.386268 0.944023 2.485556
v -0.501608 1.153033 2.451333
v -0.534716 1.163662 2.462808
v -0.532770 1.163662 2.476892
v -0.497791 1.153033 2.478961
v -0.406093 0.908983 2.418229
v -0.396050 0.944023 2.414748
v -0.386268 0.944023 2.485556
v -0.396879 0.908983 2.484928
v -0.471095 1.135772 2.440758
v -0.501608 1.153033 2.451333
v -0.497791 1.153033 2.478961
v -0.465554 1.135772 2.480867
v -0.422402 0.876690 2.423882
v -0.406093 0.908983 2.418229
v -0.396879 0.908983 2.484928
v -0.414109 0.876690 2.483909
v -0.444351 1.112543 2.431489
v -0.471095 1.135772 2.440758
v -0.465554 1.135772 2.480867
v -0.437298 1.112543 2.482538
v -0.444351 0.848385 2.431489
v -0.422402 0.876690 2.423882
v -0.414109 0.876690 2.483909
v -0.437298 0.848385 2.482538
vn 0.0967 0.9950 0.0252
vn 0.0967 -0.9950 0.0252
vn 0.0797 0.9950 0.0603
vn 0.0797 -0.9950 0.0603
vn 0.0505 0.9950 0.0862
vn 0.0505 -0.9950 0.0862
vn 0.0137 -0.9950 0.0990
vn 0.0137 0.9950 0.0990
vn -0.0252 0.9950 0.0967
vn -0.0252 -0.9950 0.0967
vn -0.0603 0.9950 0.0797
vn -0.0603 -0.9950 0.0797
vn -0.0862 0.9950 0.0505
vn -0.0862 -0.9950 0.0505
vn -0.0990 0.9950 0.0137
vn -0.0990 -0.9950 0.0137
vn -0.0967 0.9950 -0.0252
vn -0.0967 -0.9950 -0.0252
vn -0.0797 0.9950 -0.0603
vn -0.0797 -0.9950 -0.0603
vn -0.0505 0.9950 -0.0862
vn -0.0505 -0.9950 -0.0862
vn -0.0137 0.9950 -0.0990
vn -0.0137 -0.9950 -0.0990
vn 0.0252 0.9950 -0.0967
vn 0.0252 -0.9950 -0.0967
vn 0.0603 0.9950 -0.0797
vn 0.0603 -0.9950 -0.0797
vn 0.0862 0.9950 -0.0505
vn 0.0862 -0.9950 -0.0505
vn 0.0990 0.9950 -0.0137
vn 0.0990 -0.9950 -0.0137
vn 0.2859 0.9553 0.0747
vn 0.9274 -0.2852 0.2422
vn 0.4630 0.8781 0.1209
vn 0.8569 -0.4643 0.2238
vn 0.6209 0.7669 0.1621
vn 0.7537 -0.6270 0.1968
vn 0.7537 0.6270 0.1968
vn 0.6209 -0.7669 0.1621
vn 0.8569 0.4643 0.2238
vn 0.4630 -0.8781 0.1209
vn 0.9274 0.2852 0.2422
vn 0.2859 -0.9553 0.0747
vn 0.9631 0.0962 0.2515
vn 0.9631 -0.0962 0.2515
vn 0.7935 0.0962 0.6009
vn 0.7935 -0.0962 0.6009
vn 0.2356 0.9553 0.1784
vn 0.7641 -0.2852 0.5786
vn 0.3815 0.8781 0.2889
vn 0.7061 -0.4643 0.5347
vn 0.5116 0.7669 0.3874
vn 0.6210 -0.6270 0.4703
vn 0.6210 0.6270 0.4703
vn 0.5116 -0.7669 0.3874
vn 0.7061 0.4643 0.5347
vn 0.3815 -0.8781 0.2889
vn 0.7641 0.2852 0.5786
vn 0.2356 -0.9553 0.1784
vn 0.3938 -0.6270 0.6721
vn 0.3938 0.6270 0.6721
vn 0.3244 -0.7669 0.5537
vn 0.4477 0.4643 0.7642
vn 0.2419 -0.8781 0.4129
vn 0.4845 0.2852 0.8270
vn 0.1494 -0.9553 0.2549
vn 0.5032 0.0962 0.8588
vn 0.5032 -0.0962 0.8588
vn 0.1494 0.9553 0.2549
vn 0.4845 -0.2852 0.8270
vn 0.2419 0.8781 0.4129
vn 0.4477 -0.4643 0.7642
vn 0.3244 0.7669 0.5537
vn 0.1362 -0.0962 0.9860
vn 0.0404 0.9553 0.2927
vn 0.1312 -0.2852 0.9495
vn 0.0655 0.8781 0.4740
vn 0.1212 -0.4643 0.8773
vn 0.0878 0.7669 0.6357
vn 0.1066 -0.6270 0.7717
vn 0.1066 0.6270 0.7717
vn 0.0878 -0.7669 0.6357
vn 0.1212 0.4643 0.8773
vn 0.0655 -0.8781 0.4740
vn 0.1312 0.2852 0.9495
vn 0.0404 -0.9553 0.2927
vn 0.1362 0.0962 0.9860
vn -0.1621 -0.7669 0.6209
vn -0.2238 0.4643 0.8569
vn -0.1209 -0.8781 0.4630
vn -0.2422 0.2852 0.9274
vn -0.0747 -0.9553 0.2859
vn -0.2515 0.0962 0.9631
vn -0.2515 -0.0962 0.9631
vn -0.0747 0.9553 0.2859
vn -0.2422 -0.2852 0.9274
vn -0.1209 0.8781 0.4630
vn -0.2238 -0.4643 0.8569
vn -0.1621 0.7669 0.6209
vn -0.1968 -0.6270 0.7537
vn -0.1968 0.6270 0.7537
vn -0.1784 0.9553 0.2356
vn -0.5786 -0.2852 0.7641
vn -0.2889 0.8781 0.3815
vn -0.5347 -0.4643 0.7061
vn -0.3874 0.7669 0.5116
vn -0.4703 -0.6270 0.6210
vn -0.4703 0.6270 0.6210
vn -0.3874 -0.7669 0.5116
vn -0.5347 0.4643 0.7061
vn -0.2889 -0.8781 0.3815
vn -0.5786 0.2852 0.7641
vn -0.1784 -0.9553 0.2356
vn -0.6009 0.0962 0.7935
vn -0.6009 -0.0962 0.7935
vn -0.7642 0.4643 0.4477
vn -0.4129 -0.8781 0.2419
vn -0.8270 0.2852 0.4845
vn -0.2549 -0.9553 0.1494
vn -0.8588 0.0962 0.5032
vn -0.8588 -0.0962 0.5032
vn -0.2549 0.9553 0.1494
vn -0.8270 -0.2852 0.4845
vn -0.4129 0.8781 0.2419
vn -0.7642 -0.4643 0.4477
vn -0.5537 0.7669 0.3244
vn -0.6721 -0.6270 0.3938
vn -0.6721 0.6270 0.3938
vn -0.5537 -0.7669 0.3244
vn -0.9495 -0.2852 0.1312
vn -0.4740 0.8781 0.0655
vn -0.8773 -0.4643 0.1212
vn -0.6357 0.7669 0.0878
vn -0.7717 -0.6270 0.1066
vn -0.7717 0.6270 0.1066
vn -0.6357 -0.7669 0.0878
vn -0.8773 0.4643 0.1212
vn -0.4740 -0.8781 0.0655
vn -0.9495 0.2852 0.1312
vn -0.2927 -0.9553 0.0404
vn -0.9860 0.0962 0.1362
vn -0.9860 -0.0962 0.1362
vn -0.2927 0.9553 0.0404
vn -0.4630 -0.8781 -0.1209
vn -0.9274 0.2852 -0.2422
vn -0.2859 -0.9553 -0.0747
vn -0.9631 0.0962 -0.2515
vn -0.9631 -0.0962 -0.2515
vn -0.2859 0.9553 -0.0747
vn -0.9274 -0.2852 -0.2422
vn -0.4630 0.8781 -0.1209
vn -0.8569 -0.4643 -0.2238
vn -0.6209 0.7669 -0.1621
vn -0.7537 -0.6270 -0.1968
vn -0.7537 0.6270 -0.1968
vn -0.6209 -0.7669 -0.1621
vn -0.8569 0.4643 -0.2238
vn -0.3815 0.8781 -0.2889
vn -0.7061 -0.4643 -0.5347
vn -0.5116 0.7669 -0.3874
vn -0.6210 -0.6270 -0.4703
vn -0.6210 0.6270 -0.4703
vn -0.5116 -0.7669 -0.3874
vn -0.7061 0.4643 -0.5347
vn -0.3815 -0.8781 -0.2889
vn -0.7641 0.2852 -0.5786
vn -0.2356 -0.9553 -0.1784
vn -0.7935 0.0962 -0.6009
vn -0.7935 -0.0962 -0.6009
vn -0.2356 0.9553 -0.1784
vn -0.7641 -0.2852 -0.5786
vn -0.4845 0.2852 -0.8270
vn -0.1494 -0.9553 -0.2549
vn -0.5032 0.0962 -0.8588
vn -0.5032 -0.0962 -0.8588
vn -0.1494 0.9553 -0.2549
vn -0.4845 -0.2852 -0.8270
vn -0.2419 0.8781 -0.4129
vn -0.4477 -0.4643 -0.7642
vn -0.3244 0.7669 -0.5537
vn -0.3938 -0.6270 -0.6721
vn -0.3938 0.6270 -0.6721
vn -0.3244 -0.7669 -0.5537
vn -0.4477 0.4643 -0.7642
vn -0.2419 -0.8781 -0.4129
vn -0.1212 -0.4643 -0.8773
vn -0.0878 0.7669 -0.6357
vn -0.1066 -0.6270 -0.7717
vn -0.1066 0.6270 -0.7717
vn -0.0878 -0.7669 -0.6357
vn -0.1212 0.4643 -0.8773
vn -0.0655 -0.8781 -0.4740
vn -0.1312 0.2852 -0.9495
vn -0.0404 -0.9553 -0.2927
vn -0.1362 0.0962 -0.9860
vn -0.1362 -0.0962 -0.9860
vn -0.0404 0.9553 -0.2927
vn -0.1312 -0.2852 -0.9495
vn -0.0655 0.8781 -0.4740
vn 0.0747 -0.9553 -0.2859
vn 0.2515 0.0962 -0.9631
vn 0.2515 -0.0962 -0.9631
vn 0.0747 0.9553 -0.2859
vn 0.2422 -0.2852 -0.9274
vn 0.1209 0.8781 -0.4630
vn 0.2238 -0.4643 -0.8569
vn 0.1621 0.7669 -0.6209
vn 0.1968 -0.6270 -0.7537
vn 0.1968 0.6270 -0.7537
vn 0.1621 -0.7669 -0.6209
vn 0.2238 0.4643 -0.8569
vn 0.1209 -0.8781 -0.4630
vn 0.2422 0.2852 -0.9274
vn 0.4703 -0.6270 -0.6210
vn 0.4703 0.6270 -0.6210
vn 0.3874 -0.7669 -0.5116
vn 0.5347 0.4643 -0.7061
vn 0.2889 -0.8781 -0.3815
vn 0.5786 0.2852 -0.7641
vn 0.1784 -0.9553 -0.2356
vn 0.6009 0.0962 -0.7935
vn 0.6009 -0.0962 -0.7935
vn 0.1784 0.9553 -0.2356
vn 0.5786 -0.2852 -0.7641
vn 0.2889 0.8781 -0.3815
vn 0.5347 -0.4643 -0.7061
vn 0.3874 0.7669 -0.5116
vn 0.8588 -0.0962 -0.5032
vn 0.2549 0.9553 -0.1494
vn 0.8270 -0.2852 -0.4845
vn 0.4129 0.8781 -0.2419
vn 0.7642 -0.4643 -0.4477
vn 0.5537 0.7669 -0.3244
vn 0.6721 -0.6270 -0.3938
vn 0.6721 0.6270 -0.3938
vn 0.5537 -0.7669 -0.3244
vn 0.7642 0.4643 -0.4477
vn 0.4129 -0.8781 -0.2419
vn 0.8270 0.2852 -0.4845
vn 0.2549 -0.9553 -0.1494
vn 0.8588 0.0962 -0.5032
vn 0.7717 0.6270 -0.1066
vn 0.6357 -0.7669 -0.0878
vn 0.8773 0.4643 -0.1212
vn 0.4740 -0.8781 -0.0655
vn 0.9495 0.2852 -0.1312
vn 0.2927 -0.9553 -0.0404
vn 0.9860 0.0962 -0.1362
vn 0.9860 -0.0962 -0.1362
vn 0.2927 0.9553 -0.0404
vn 0.9495 -0.2852 -0.1312
vn 0.4740 0.8781 -0.0655
vn 0.8773 -0.4643 -0.1212
vn 0.6357 0.7669 -0.0878
vn 0.7717 -0.6270 -0.1066
vt 0.750000 0.062500
vt 0.718750 0.000000
vt 0.687500 0.062500
vt 0.718750 1.000000
vt 0.750000 0.937500
vt 0.687500 0.937500
vt 0.656250 0.000000
vt 0.625000 0.062500
vt 0.656250 1.000000
vt 0.625000 0.937500
vt 0.593750 0.000000
vt 0.562500 0.062500
vt 0.593750 1.000000
vt 0.562500 0.937500
vt 0.531250 1.000000
vt 0.500000 0.937500
vt 0.531250 0.000000
vt 0.500000 0.062500
vt 0.468750 0.000000
vt 0.437500 0.062500
vt 0.468750 1.000000
vt 0.437500 0.937500
vt 0.406250 0.000000
vt 0.375000 0.062500
vt 0.406250 1.000000
vt 0.375000 0.937500
vt 0.343750 0.000000
vt 0.312500 0.062500
vt 0.343750 1.000000
vt 0.312500 0.937500
vt 0.281250 0.000000
vt 0.250000 0.062500
vt 0.281250 1.000000
vt 0.250000 0.937500
vt 0.218750 0.000000
vt 0.187500 0.062500
vt 0.218750 1.000000
vt 0.187500 0.937500
vt 0.156250 0.000000
vt 0.125000 0.062500
vt 0.156250 1.000000
vt 0.125000 0.937500
vt 0.093750 0.000000
vt 0.062500 0.062500
vt 0.093750 1.000000
vt 0.062500 0.937500
vt 0.031250 0.000000
vt 0.000000 0.062500
vt 0.031250 1.000000
vt 0.000000 0.937500
vt 1.000000 0.062500
vt 0.968750 0.000000
vt 0.937500 0.062500
vt 0.968750 1.000000
vt 1.000000 0.937500
vt 0.937500 0.937500
vt 0.906250 0.000000
vt 0.875000 0.062500
vt 0.906250 1.000000
vt 0.875000 0.937500
vt 0.843750 0.000000
vt 0.812500 0.062500
vt 0.843750 1.000000
vt 0.812500 0.937500
vt 0.781250 0.000000
vt 0.781250 1.000000
vt 0.750000 0.125000
vt 0.687500 0.125000
vt 0.750000 0.625000
vt 0.750000 0.562500
vt 0.687500 0.562500
vt 0.687500 0.625000
vt 0.750000 0.187500
vt 0.687500 0.187500
vt 0.750000 0.687500
vt 0.687500 0.687500
vt 0.750000 0.250000
vt 0.687500 0.250000
vt 0.750000 0.750000
vt 0.687500 0.750000
vt 0.750000 0.312500
vt 0.687500 0.312500
vt 0.750000 0.812500
vt 0.687500 0.812500
vt 0.750000 0.375000
vt 0.687500 0.375000
vt 0.750000 0.875000
vt 0.687500 0.875000
vt 0.750000 0.437500
vt 0.687500 0.437500
vt 0.750000 0.500000
vt 0.687500 0.500000
vt 0.625000 0.437500
vt 0.625000 0.500000
vt 0.625000 0.562500
vt 0.625000 0.125000
vt 0.625000 0.625000
vt 0.625000 0.187500
vt 0.625000 0.687500
vt 0.625000 0.250000
vt 0.625000 0.750000
vt 0.625000 0.312500
vt 0.625000 0.812500
vt 0.625000 0.375000
vt 0.625000 0.875000
vt 0.562500 0.687500
vt 0.562500 0.750000
vt 0.562500 0.250000
vt 0.562500 0.312500
vt 0.562500 0.812500
vt 0.562500 0.375000
vt 0.562500 0.875000
vt 0.562500 0.437500
vt 0.562500 0.500000
vt 0.562500 0.562500
vt 0.562500 0.125000
vt 0.562500 0.625000
vt 0.562500 0.187500
vt 0.500000 0.500000
vt 0.500000 0.562500
vt 0.500000 0.125000
vt 0.500000 0.625000
vt 0.500000 0.187500
vt 0.500000 0.687500
vt 0.500000 0.250000
vt 0.500000 0.750000
vt 0.500000 0.312500
vt 0.500000 0.812500
vt 0.500000 0.375000
vt 0.500000 0.875000
vt 0.500000 0.437500
vt 0.437500 0.750000
vt 0.437500 0.812500
vt 0.437500 0.312500
vt 0.437500 0.375000
vt 0.437500 0.875000
vt 0.437500 0.437500
vt 0.437500 0.500000
vt 0.437500 0.562500
vt 0.437500 0.125000
vt 0.437500 0.625000
vt 0.437500 0.187500
vt 0.437500 0.687500
vt 0.437500 0.250000
vt 0.375000 0.125000
vt 0.375000 0.562500
vt 0.375000 0.625000
vt 0.375000 0.187500
vt 0.375000 0.687500
vt 0.375000 0.250000
vt 0.375000 0.750000
vt 0.375000 0.312500
vt 0.375000 0.812500
vt 0.375000 0.375000
vt 0.375000 0.875000
vt 0.375000 0.437500
vt 0.375000 0.500000
vt 0.312500 0.312500
vt 0.312500 0.375000
vt 0.312500 0.812500
vt 0.312500 0.875000
vt 0.312500 0.437500
vt 0.312500 0.500000
vt 0.312500 0.562500
vt 0.312500 0.125000
vt 0.312500 0.625000
vt 0.312500 0.187500
vt 0.312500 0.687500
vt 0.312500 0.250000
vt 0.312500 0.750000
vt 0.250000 0.562500
vt 0.250000 0.625000
vt 0.250000 0.125000
vt 0.250000 0.187500
vt 0.250000 0.687500
vt 0.250000 0.250000
vt 0.250000 0.750000
vt 0.250000 0.312500
vt 0.250000 0.812500
vt 0.250000 0.375000
vt 0.250000 0.875000
vt 0.250000 0.437500
vt 0.250000 0.500000
vt 0.187500 0.812500
vt 0.187500 0.875000
vt 0.187500 0.375000
vt 0.187500 0.437500
vt 0.187500 0.500000
vt 0.187500 0.562500
vt 0.187500 0.125000
vt 0.187500 0.625000
vt 0.187500 0.187500
vt 0.187500 0.687500
vt 0.187500 0.250000
vt 0.187500 0.750000
vt 0.187500 0.312500
vt 0.125000 0.125000
vt 0.125000 0.187500
vt 0.125000 0.625000
vt 0.125000 0.687500
vt 0.125000 0.250000
vt 0.125000 0.750000
vt 0.125000 0.312500
vt 0.125000 0.812500
vt 0.125000 0.375000
vt 0.125000 0.875000
vt 0.125000 0.437500
vt 0.125000 0.500000
vt 0.125000 0.562500
vt 0.062500 0.375000
vt 0.062500 0.437500
vt 0.062500 0.875000
vt 0.062500 0.500000
vt 0.062500 0.562500
vt 0.062500 0.125000
vt 0.062500 0.625000
vt 0.062500 0.187500
vt 0.062500 0.687500
vt 0.062500 0.250000
vt 0.062500 0.750000
vt 0.062500 0.312500
vt 0.062500 0.812500
vt 0.000000 0.625000
vt 0.000000 0.687500
vt 0.000000 0.187500
vt 0.000000 0.250000
vt 0.000000 0.750000
vt 0.000000 0.312500
vt 0.000000 0.812500
vt 0.000000 0.375000
vt 0.000000 0.875000
vt 0.000000 0.437500
vt 0.000000 0.500000
vt 0.000000 0.562500
vt 0.000000 0.125000
vt 1.000000 0.875000
vt 0.937500 0.875000
vt 1.000000 0.500000
vt 1.000000 0.437500
vt 0.937500 0.437500
vt 0.937500 0.500000
vt 1.000000 0.562500
vt 0.937500 0.562500
vt 1.000000 0.125000
vt 0.937500 0.125000
vt 1.000000 0.625000
vt 0.937500 0.625000
vt 1.000000 0.187500
vt 0.937500 0.187500
vt 1.000000 0.687500
vt 0.937500 0.687500
vt 1.000000 0.250000
vt 0.937500 0.250000
vt 1.000000 0.750000
vt 0.937500 0.750000
vt 1.000000 0.312500
vt 0.937500 0.312500
vt 1.000000 0.812500
vt 0.937500 0.812500
vt 1.000000 0.375000
vt 0.937500 0.375000
vt 0.875000 0.687500
vt 0.875000 0.750000
vt 0.875000 0.250000
vt 0.875000 0.312500
vt 0.875000 0.812500
vt 0.875000 0.375000
vt 0.875000 0.875000
vt 0.875000 0.437500
vt 0.875000 0.500000
vt 0.875000 0.562500
vt 0.875000 0.125000
vt 0.875000 0.625000
vt 0.875000 0.187500
vt 0.812500 0.500000
vt 0.812500 0.562500
vt 0.812500 0.125000
vt 0.812500 0.625000
vt 0.812500 0.187500
vt 0.812500 0.687500
vt 0.812500 0.250000
vt 0.812500 0.750000
vt 0.812500 0.312500
vt 0.812500 0.812500
vt 0.812500 0.375000
vt 0.812500 0.875000
vt 0.812500 0.437500
s 0
usemtl transparentwhite
f 4213/1168/823 4214/1169/823 4215/1170/823
f 4216/1171/824 4217/1172/824 4218/1173/824
f 4219/1170/825 4220/1174/825 4221/1175/825
f 4222/1176/826 4223/1173/826 4224/1177/826
f 4225/1175/827 4226/1178/827 4227/1179/827
f 4228/1180/828 4229/1177/828 4230/1181/828
f 4231/1182/829 4232/1181/829 4233/1183/829
f 4234/1179/830 4235/1184/830 4236/1185/830
f 4237/1185/831 4238/1186/831 4239/1187/831
f 4240/1188/832 4241/1183/832 4242/1189/832
f 4243/1187/833 4244/1190/833 4245/1191/833
f 4246/1192/834 4247/1189/834 4248/1193/834
f 4249/1191/835 4250/1194/835 4251/1195/835
f 4252/1196/836 4253/1193/836 4254/1197/836
f 4255/1195/837 4256/1198/837 4257/1199/837
f 4258/1200/838 4259/1197/838 4260/1201/838
f 4261/1199/839 4262/1202/839 4263/1203/839
f 4264/1204/840 4265/1201/840 4266/1205/840
f 4267/1203/841 4268/1206/841 4269/1207/841
f 4270/1208/842 4271/1205/842 4272/1209/842
f 4273/1207/843 4274/1210/843 4275/1211/843
f 4276/1212/844 4277/1209/844 4278/1213/844
f 4279/1211/845 4280/1214/845 4281/1215/845
f 4282/1216/846 4283/1213/846 4284/1217/846
f 4285/1218/847 4286/1219/847 4287/1220/847
f 4288/1221/848 4289/1222/848 4290/1223/848
f 4291/1220/849 4292/1224/849 4293/1225/849
f 4294/1226/850 4295/1223/850 4296/1227/850
f 4297/1225/851 4298/1228/851 4299/1229/851
f 4300/1230/852 4301/1227/852 4302/1231/852
f 4303/1229/853 4304/1232/853 4305/1168/853
f 4306/1233/854 4307/1231/854 4308/1172/854
f 4309/1234/855 4310/1168/855 4311/1170/855
f 4309/1234/855 4311/1170/855 4312/1235/855
f 4313/1236/856 4314/1237/856 4315/1238/856
f 4313/1236/856 4315/1238/856 4316/1239/856
f 4317/1240/857 4318/1234/857 4319/1235/857
f 4317/1240/857 4319/1235/857 4320/1241/857
f 4321/1242/858 4322/1236/858 4323/1239/858
f 4321/1242/858 4323/1239/858 4324/1243/858
f 4325/1244/859 4326/1240/859 4327/1241/859
f 4325/1244/859 4327/1241/859 4328/1245/859
f 4329/1246/860 4330/1242/860 4331/1243/860
f 4329/1246/860 4331/1243/860 4332/1247/860
f 4333/1248/861 4334/1244/861 4335/1245/861
f 4333/1248/861 4335/1245/861 4336/1249/861
f 4337/1250/862 4338/1246/862 4339/1247/862
f 4337/1250/862 4339/1247/862 4340/1251/862
f 4341/1252/863 4342/1248/863 4343/1249/863
f 4341/1252/863 4343/1249/863 4344/1253/863
f 4345/1254/864 4346/1250/864 4347/1251/864
f 4345/1254/864 4347/1251/864 4348/1255/864
s 1
f 4349/1256/865 4350/1252/865 4351/1253/865
s 0
f 4349/1256/865 4351/1253/865 4352/1257/865
f 4353/1172/866 4354/1254/866 4355/1255/866
f 4353/1172/866 4355/1255/866 4356/1173/866
f 4357/1258/867 4358/1256/867 4359/1257/867
f 4357/1258/867 4359/1257/867 4360/1259/867
f 4361/1237/868 4362/1258/868 4363/1259/868
f 4361/1237/868 4363/1259/868 4364/1238/868
f 4365/1259/869 4366/1257/869 4367/1260/869
f 4365/1259/869 4367/1260/869 4368/1261/869
f 4369/1238/870 4370/1259/870 4371/1261/870
f 4369/1238/870 4371/1261/870 4372/1262/870
f 4373/1235/871 4374/1170/871 4375/1175/871
f 4373/1235/871 4375/1175/871 4376/1263/871
s 1
f 4377/1239/872 4378/1238/872 4379/1262/872
s 0
f 4377/1239/872 4379/1262/872 4380/1264/872
f 4381/1241/873 4382/1235/873 4383/1263/873
f 4381/1241/873 4383/1263/873 4384/1265/873
f 4385/1243/874 4386/1239/874 4387/1264/874
f 4385/1243/874 4387/1264/874 4388/1266/874
f 4389/1245/875 4390/1241/875 4391/1265/875
f 4389/1245/875 4391/1265/875 4392/1267/875
f 4393/1247/876 4394/1243/876 4395/1266/876
f 4393/1247/876 4395/1266/876 4396/1268/876
f 4397/1249/877 4398/1245/877 4399/1267/877
f 4397/1249/877 4399/1267/877 4400/1269/877
f 4401/1251/878 4402/1247/878 4403/1268/878
f 4401/1251/878 4403/1268/878 4404/1270/878
f 4405/1253/879 4406/1249/879 4407/1269/879
f 4405/1253/879 4407/1269/879 4408/1271/879
f 4409/1255/880 4410/1251/880 4411/1270/880
f 4409/1255/880 4411/1270/880 4412/1272/880
s 1
f 4413/1257/881 4414/1253/881 4415/1271/881
s 0
f 4413/1257/881 4415/1271/881 4416/1260/881
f 4417/1173/882 4418/1255/882 4419/1272/882
f 4417/1173/882 4419/1272/882 4420/1177/882
f 4421/1268/883 4422/1266/883 4423/1273/883
f 4421/1268/883 4423/1273/883 4424/1274/883
f 4425/1269/884 4426/1267/884 4427/1275/884
f 4425/1269/884 4427/1275/884 4428/1276/884
f 4429/1270/885 4430/1268/885 4431/1274/885
f 4429/1270/885 4431/1274/885 4432/1277/885
s 1
f 4433/1271/886 4434/1269/886 4435/1276/886
s 0
f 4433/1271/886 4435/1276/886 4436/1278/886
f 4437/1272/887 4438/1270/887 4439/1277/887
f 4437/1272/887 4439/1277/887 4440/1279/887
f 4441/1260/888 4442/1271/888 4443/1278/888
f 4441/1260/888 4443/1278/888 4444/1280/888
f 4445/1177/889 4446/1272/889 4447/1279/889
f 4445/1177/889 4447/1279/889 4448/1181/889
f 4449/1261/890 4450/1260/890 4451/1280/890
f 4449/1261/890 4451/1280/890 4452/1281/890
f 4453/1262/891 4454/1261/891 4455/1281/891
f 4453/1262/891 4455/1281/891 4456/1282/891
f 4457/1263/892 4458/1175/892 4459/1179/892
f 4457/1263/892 4459/1179/892 4460/1283/892
f 4461/1264/893 4462/1262/893 4463/1282/893
f 4461/1264/893 4463/1282/893 4464/1284/893
f 4465/1265/894 4466/1263/894 4467/1283/894
f 4465/1265/894 4467/1283/894 4468/1285/894
f 4469/1266/895 4470/1264/895 4471/1284/895
f 4469/1266/895 4471/1284/895 4472/1273/895
f 4473/1267/896 4474/1265/896 4475/1285/896
f 4473/1267/896 4475/1285/896 4476/1275/896
f 4477/1282/897 4478/1281/897 4479/1286/897
f 4477/1282/897 4479/1286/897 4480/1287/897
f 4481/1283/898 4482/1179/898 4483/1185/898
f 4481/1283/898 4483/1185/898 4484/1288/898
f 4485/1284/899 4486/1282/899 4487/1287/899
f 4485/1284/899 4487/1287/899 4488/1289/899
s 1
f 4489/1285/900 4490/1283/900 4491/1288/900
s 0
f 4489/1285/900 4491/1288/900 4492/1290/900
f 4493/1273/901 4494/1284/901 4495/1289/901
f 4493/1273/901 4495/1289/901 4496/1291/901
f 4497/1275/902 4498/1285/902 4499/1290/902
f 4497/1275/902 4499/1290/902 4500/1292/902
f 4501/1274/903 4502/1273/903 4503/1291/903
f 4501/1274/903 4503/1291/903 4504/1293/903
f 4505/1276/904 4506/1275/904 4507/1292/904
f 4505/1276/904 4507/1292/904 4508/1294/904
f 4509/1277/905 4510/1274/905 4511/1293/905
f 4509/1277/905 4511/1293/905 4512/1295/905
f 4513/1278/906 4514/1276/906 4515/1294/906
f 4513/1278/906 4515/1294/906 4516/1296/906
f 4517/1279/907 4518/1277/907 4519/1295/907
f 4517/1279/907 4519/1295/907 4520/1297/907
f 4521/1280/908 4522/1278/908 4523/1296/908
f 4521/1280/908 4523/1296/908 4524/1298/908
f 4525/1181/909 4526/1279/909 4527/1297/909
f 4525/1181/909 4527/1297/909 4528/1183/909
f 4529/1281/910 4530/1280/910 4531/1298/910
f 4529/1281/910 4531/1298/910 4532/1286/910
f 4533/1295/911 4534/1293/911 4535/1299/911
f 4533/1295/911 4535/1299/911 4536/1300/911
f 4537/1296/912 4538/1294/912 4539/1301/912
f 4537/1296/912 4539/1301/912 4540/1302/912
f 4541/1297/913 4542/1295/913 4543/1300/913
f 4541/1297/913 4543/1300/913 4544/1303/913
f 4545/1298/914 4546/1296/914 4547/1302/914
f 4545/1298/914 4547/1302/914 4548/1304/914
f 4549/1183/915 4550/1297/915 4551/1303/915
f 4549/1183/915 4551/1303/915 4552/1189/915
f 4553/1286/916 4554/1298/916 4555/1304/916
f 4553/1286/916 4555/1304/916 4556/1305/916
f 4557/1287/917 4558/1286/917 4559/1305/917
f 4557/1287/917 4559/1305/917 4560/1306/917
f 4561/1288/918 4562/1185/918 4563/1187/918
f 4561/1288/918 4563/1187/918 4564/1307/918
f 4565/1289/919 4566/1287/919 4567/1306/919
f 4565/1289/919 4567/1306/919 4568/1308/919
f 4569/1290/920 4570/1288/920 4571/1307/920
f 4569/1290/920 4571/1307/920 4572/1309/920
f 4573/1291/921 4574/1289/921 4575/1308/921
f 4573/1291/921 4575/1308/921 4576/1310/921
f 4577/1292/922 4578/1290/922 4579/1309/922
f 4577/1292/922 4579/1309/922 4580/1311/922
f 4581/1293/923 4582/1291/923 4583/1310/923
s 1
f 4581/1293/923 4583/1310/923 4584/1299/923
s 0
f 4585/1294/924 4586/1292/924 4587/1311/924
f 4585/1294/924 4587/1311/924 4588/1301/924
f 4589/1307/925 4590/1187/925 4591/1191/925
f 4589/1307/925 4591/1191/925 4592/1312/925
f 4593/1308/926 4594/1306/926 4595/1313/926
s 1
f 4593/1308/926 4595/1313/926 4596/1314/926
s 0
f 4597/1309/927 4598/1307/927 4599/1312/927
f 4597/1309/927 4599/1312/927 4600/1315/927
f 4601/1310/928 4602/1308/928 4603/1314/928
f 4601/1310/928 4603/1314/928 4604/1316/928
f 4605/1311/929 4606/1309/929 4607/1315/929
f 4605/1311/929 4607/1315/929 4608/1317/929
f 4609/1299/930 4610/1310/930 4611/1316/930
f 4609/1299/930 4611/1316/930 4612/1318/930
f 4613/1301/931 4614/1311/931 4615/1317/931
f 4613/1301/931 4615/1317/931 4616/1319/931
f 4617/1300/932 4618/1299/932 4619/1318/932
f 4617/1300/932 4619/1318/932 4620/1320/932
f 4621/1302/933 4622/1301/933 4623/1319/933
f 4621/1302/933 4623/1319/933 4624/1321/933
f 4625/1303/934 4626/1300/934 4627/1320/934
f 4625/1303/934 4627/1320/934 4628/1322/934
f 4629/1304/935 4630/1302/935 4631/1321/935
f 4629/1304/935 4631/1321/935 4632/1323/935
f 4633/1189/936 4634/1303/936 4635/1322/936
f 4633/1189/936 4635/1322/936 4636/1193/936
f 4637/1305/937 4638/1304/937 4639/1323/937
f 4637/1305/937 4639/1323/937 4640/1324/937
f 4641/1306/938 4642/1305/938 4643/1324/938
f 4641/1306/938 4643/1324/938 4644/1313/938
f 4645/1321/939 4646/1319/939 4647/1325/939
f 4645/1321/939 4647/1325/939 4648/1326/939
f 4649/1322/940 4650/1320/940 4651/1327/940
f 4649/1322/940 4651/1327/940 4652/1328/940
s 1
f 4653/1323/941 4654/1321/941 4655/1326/941
s 0
f 4653/1323/941 4655/1326/941 4656/1329/941
f 4657/1193/942 4658/1322/942 4659/1328/942
f 4657/1193/942 4659/1328/942 4660/1197/942
f 4661/1324/943 4662/1323/943 4663/1329/943
f 4661/1324/943 4663/1329/943 4664/1330/943
f 4665/1313/944 4666/1324/944 4667/1330/944
f 4665/1313/944 4667/1330/944 4668/1331/944
f 4669/1312/945 4670/1191/945 4671/1195/945
f 4669/1312/945 4671/1195/945 4672/1332/945
f 4673/1314/946 4674/1313/946 4675/1331/946
f 4673/1314/946 4675/1331/946 4676/1333/946
f 4677/1315/947 4678/1312/947 4679/1332/947
f 4677/1315/947 4679/1332/947 4680/1334/947
f 4681/1316/948 4682/1314/948 4683/1333/948
f 4681/1316/948 4683/1333/948 4684/1335/948
f 4685/1317/949 4686/1315/949 4687/1334/949
f 4685/1317/949 4687/1334/949 4688/1336/949
f 4689/1318/950 4690/1316/950 4691/1335/950
f 4689/1318/950 4691/1335/950 4692/1337/950
f 4693/1319/951 4694/1317/951 4695/1336/951
f 4693/1319/951 4695/1336/951 4696/1325/951
f 4697/1320/952 4698/1318/952 4699/1337/952
f 4697/1320/952 4699/1337/952 4700/1327/952
f 4701/1333/953 4702/1331/953 4703/1338/953
f 4701/1333/953 4703/1338/953 4704/1339/953
f 4705/1334/954 4706/1332/954 4707/1340/954
f 4705/1334/954 4707/1340/954 4708/1341/954
f 4709/1335/955 4710/1333/955 4711/1339/955
f 4709/1335/955 4711/1339/955 4712/1342/955
f 4713/1336/956 4714/1334/956 4715/1341/956
f 4713/1336/956 4715/1341/956 4716/1343/956
f 4717/1337/957 4718/1335/957 4719/1342/957
f 4717/1337/957 4719/1342/957 4720/1344/957
f 4721/1325/958 4722/1336/958 4723/1343/958
f 4721/1325/958 4723/1343/958 4724/1345/958
f 4725/1327/959 4726/1337/959 4727/1344/959
f 4725/1327/959 4727/1344/959 4728/1346/959
f 4729/1326/960 4730/1325/960 4731/1345/960
f 4729/1326/960 4731/1345/960 4732/1347/960
f 4733/1328/961 4734/1327/961 4735/1346/961
f 4733/1328/961 4735/1346/961 4736/1348/961
f 4737/1329/962 4738/1326/962 4739/1347/962
f 4737/1329/962 4739/1347/962 4740/1349/962
f 4741/1197/963 4742/1328/963 4743/1348/963
f 4741/1197/963 4743/1348/963 4744/1201/963
f 4745/1330/964 4746/1329/964 4747/1349/964
f 4745/1330/964 4747/1349/964 4748/1350/964
f 4749/1331/965 4750/1330/965 4751/1350/965
f 4749/1331/965 4751/1350/965 4752/1338/965
f 4753/1332/966 4754/1195/966 4755/1199/966
f 4753/1332/966 4755/1199/966 4756/1340/966
f 4757/1348/967 4758/1346/967 4759/1351/967
f 4757/1348/967 4759/1351/967 4760/1352/967
f 4761/1349/968 4762/1347/968 4763/1353/968
f 4761/1349/968 4763/1353/968 4764/1354/968
f 4765/1201/969 4766/1348/969 4767/1352/969
f 4765/1201/969 4767/1352/969 4768/1205/969
f 4769/1350/970 4770/1349/970 4771/1354/970
f 4769/1350/970 4771/1354/970 4772/1355/970
f 4773/1338/971 4774/1350/971 4775/1355/971
f 4773/1338/971 4775/1355/971 4776/1356/971
f 4777/1340/972 4778/1199/972 4779/1203/972
f 4777/1340/972 4779/1203/972 4780/1357/972
f 4781/1339/973 4782/1338/973 4783/1356/973
f 4781/1339/973 4783/1356/973 4784/1358/973
f 4785/1341/974 4786/1340/974 4787/1357/974
f 4785/1341/974 4787/1357/974 4788/1359/974
f 4789/1342/975 4790/1339/975 4791/1358/975
f 4789/1342/975 4791/1358/975 4792/1360/975
f 4793/1343/976 4794/1341/976 4795/1359/976
f 4793/1343/976 4795/1359/976 4796/1361/976
f 4797/1344/977 4798/1342/977 4799/1360/977
f 4797/1344/977 4799/1360/977 4800/1362/977
f 4801/1345/978 4802/1343/978 4803/1361/978
f 4801/1345/978 4803/1361/978 4804/1363/978
f 4805/1346/979 4806/1344/979 4807/1362/979
f 4805/1346/979 4807/1362/979 4808/1351/979
f 4809/1347/980 4810/1345/980 4811/1363/980
f 4809/1347/980 4811/1363/980 4812/1353/980
f 4813/1359/981 4814/1357/981 4815/1364/981
f 4813/1359/981 4815/1364/981 4816/1365/981
f 4817/1360/982 4818/1358/982 4819/1366/982
f 4817/1360/982 4819/1366/982 4820/1367/982
f 4821/1361/983 4822/1359/983 4823/1365/983
f 4821/1361/983 4823/1365/983 4824/1368/983
f 4825/1362/984 4826/1360/984 4827/1367/984
f 4825/1362/984 4827/1367/984 4828/1369/984
f 4829/1363/985 4830/1361/985 4831/1368/985
f 4829/1363/985 4831/1368/985 4832/1370/985
f 4833/1351/986 4834/1362/986 4835/1369/986
f 4833/1351/986 4835/1369/986 4836/1371/986
f 4837/1353/987 4838/1363/987 4839/1370/987
f 4837/1353/987 4839/1370/987 4840/1372/987
f 4841/1352/988 4842/1351/988 4843/1371/988
f 4841/1352/988 4843/1371/988 4844/1373/988
f 4845/1354/989 4846/1353/989 4847/1372/989
f 4845/1354/989 4847/1372/989 4848/1374/989
f 4849/1205/990 4850/1352/990 4851/1373/990
f 4849/1205/990 4851/1373/990 4852/1209/990
f 4853/1355/991 4854/1354/991 4855/1374/991
f 4853/1355/991 4855/1374/991 4856/1375/991
f 4857/1356/992 4858/1355/992 4859/1375/992
f 4857/1356/992 4859/1375/992 4860/1376/992
f 4861/1357/993 4862/1203/993 4863/1207/993
f 4861/1357/993 4863/1207/993 4864/1364/993
f 4865/1358/994 4866/1356/994 4867/1376/994
f 4865/1358/994 4867/1376/994 4868/1366/994
f 4869/1374/995 4870/1372/995 4871/1377/995
f 4869/1374/995 4871/1377/995 4872/1378/995
f 4873/1209/996 4874/1373/996 4875/1379/996
f 4873/1209/996 4875/1379/996 4876/1213/996
f 4877/1375/997 4878/1374/997 4879/1378/997
f 4877/1375/997 4879/1378/997 4880/1380/997
f 4881/1376/998 4882/1375/998 4883/1380/998
f 4881/1376/998 4883/1380/998 4884/1381/998
f 4885/1364/999 4886/1207/999 4887/1211/999
f 4885/1364/999 4887/1211/999 4888/1382/999
f 4889/1366/1000 4890/1376/1000 4891/1381/1000
f 4889/1366/1000 4891/1381/1000 4892/1383/1000
f 4893/1365/1001 4894/1364/1001 4895/1382/1001
f 4893/1365/1001 4895/1382/1001 4896/1384/1001
f 4897/1367/1002 4898/1366/1002 4899/1383/1002
f 4897/1367/1002 4899/1383/1002 4900/1385/1002
f 4901/1368/1003 4902/1365/1003 4903/1384/1003
f 4901/1368/1003 4903/1384/1003 4904/1386/1003
f 4905/1369/1004 4906/1367/1004 4907/1385/1004
f 4905/1369/1004 4907/1385/1004 4908/1387/1004
f 4909/1370/1005 4910/1368/1005 4911/1386/1005
f 4909/1370/1005 4911/1386/1005 4912/1388/1005
f 4913/1371/1006 4914/1369/1006 4915/1387/1006
f 4913/1371/1006 4915/1387/1006 4916/1389/1006
f 4917/1372/1007 4918/1370/1007 4919/1388/1007
f 4917/1372/1007 4919/1388/1007 4920/1377/1007
f 4921/1373/1008 4922/1371/1008 4923/1389/1008
f 4921/1373/1008 4923/1389/1008 4924/1379/1008
f 4925/1385/1009 4926/1383/1009 4927/1390/1009
f 4925/1385/1009 4927/1390/1009 4928/1391/1009
f 4929/1386/1010 4930/1384/1010 4931/1392/1010
f 4929/1386/1010 4931/1392/1010 4932/1393/1010
f 4933/1387/1011 4934/1385/1011 4935/1391/1011
f 4933/1387/1011 4935/1391/1011 4936/1394/1011
f 4937/1388/1012 4938/1386/1012 4939/1393/1012
f 4937/1388/1012 4939/1393/1012 4940/1395/1012
f 4941/1389/1013 4942/1387/1013 4943/1394/1013
f 4941/1389/1013 4943/1394/1013 4944/1396/1013
f 4945/1377/1014 4946/1388/1014 4947/1395/1014
f 4945/1377/1014 4947/1395/1014 4948/1397/1014
f 4949/1379/1015 4950/1389/1015 4951/1396/1015
f 4949/1379/1015 4951/1396/1015 4952/1398/1015
f 4953/1378/1016 4954/1377/1016 4955/1397/1016
f 4953/1378/1016 4955/1397/1016 4956/1399/1016
f 4957/1213/1017 4958/1379/1017 4959/1398/1017
f 4957/1213/1017 4959/1398/1017 4960/1217/1017
f 4961/1380/1018 4962/1378/1018 4963/1399/1018
f 4961/1380/1018 4963/1399/1018 4964/1400/1018
f 4965/1381/1019 4966/1380/1019 4967/1400/1019
f 4965/1381/1019 4967/1400/1019 4968/1401/1019
f 4969/1382/1020 4970/1211/1020 4971/1215/1020
f 4969/1382/1020 4971/1215/1020 4972/1402/1020
f 4973/1383/1021 4974/1381/1021 4975/1401/1021
f 4973/1383/1021 4975/1401/1021 4976/1390/1021
f 4977/1384/1022 4978/1382/1022 4979/1402/1022
f 4977/1384/1022 4979/1402/1022 4980/1392/1022
f 4981/1222/1023 4982/1403/1023 4983/1404/1023
f 4981/1222/1023 4983/1404/1023 4984/1223/1023
f 4985/1405/1024 4986/1406/1024 4987/1407/1024
f 4985/1405/1024 4987/1407/1024 4988/1408/1024
f 4989/1409/1025 4990/1405/1025 4991/1408/1025
f 4989/1409/1025 4991/1408/1025 4992/1410/1025
f 4993/1411/1026 4994/1218/1026 4995/1220/1026
f 4993/1411/1026 4995/1220/1026 4996/1412/1026
f 4997/1413/1027 4998/1409/1027 4999/1410/1027
f 4997/1413/1027 4999/1410/1027 5000/1414/1027
f 5001/1415/1028 5002/1411/1028 5003/1412/1028
f 5001/1415/1028 5003/1412/1028 5004/1416/1028
f 5005/1417/1029 5006/1413/1029 5007/1414/1029
f 5005/1417/1029 5007/1414/1029 5008/1418/1029
f 5009/1419/1030 5010/1415/1030 5011/1416/1030
f 5009/1419/1030 5011/1416/1030 5012/1420/1030
f 5013/1421/1031 5014/1417/1031 5015/1418/1031
f 5013/1421/1031 5015/1418/1031 5016/1422/1031
f 5017/1423/1032 5018/1419/1032 5019/1420/1032
f 5017/1423/1032 5019/1420/1032 5020/1424/1032
f 5021/1425/1033 5022/1421/1033 5023/1422/1033
f 5021/1425/1033 5023/1422/1033 5024/1426/1033
f 5025/1427/1034 5026/1423/1034 5027/1424/1034
f 5025/1427/1034 5027/1424/1034 5028/1428/1034
f 5029/1403/1035 5030/1425/1035 5031/1426/1035
f 5029/1403/1035 5031/1426/1035 5032/1404/1035
f 5033/1406/1036 5034/1427/1036 5035/1428/1036
f 5033/1406/1036 5035/1428/1036 5036/1407/1036
f 5037/1422/1037 5038/1418/1037 5039/1429/1037
f 5037/1422/1037 5039/1429/1037 5040/1430/1037
f 5041/1424/1038 5042/1420/1038 5043/1431/1038
f 5041/1424/1038 5043/1431/1038 5044/1432/1038
f 5045/1426/1039 5046/1422/1039 5047/1430/1039
f 5045/1426/1039 5047/1430/1039 5048/1433/1039
f 5049/1428/1040 5050/1424/1040 5051/1432/1040
f 5049/1428/1040 5051/1432/1040 5052/1434/1040
f 5053/1404/1041 5054/1426/1041 5055/1433/1041
f 5053/1404/1041 5055/1433/1041 5056/1435/1041
f 5057/1407/1042 5058/1428/1042 5059/1434/1042
f 5057/1407/1042 5059/1434/1042 5060/1436/1042
f 5061/1223/1043 5062/1404/1043 5063/1435/1043
f 5061/1223/1043 5063/1435/1043 5064/1227/1043
f 5065/1408/1044 5066/1407/1044 5067/1436/1044
f 5065/1408/1044 5067/1436/1044 5068/1437/1044
f 5069/1410/1045 5070/1408/1045 5071/1437/1045
f 5069/1410/1045 5071/1437/1045 5072/1438/1045
f 5073/1412/1046 5074/1220/1046 5075/1225/1046
f 5073/1412/1046 5075/1225/1046 5076/1439/1046
f 5077/1414/1047 5078/1410/1047 5079/1438/1047
f 5077/1414/1047 5079/1438/1047 5080/1440/1047
f 5081/1416/1048 5082/1412/1048 5083/1439/1048
f 5081/1416/1048 5083/1439/1048 5084/1441/1048
f 5085/1418/1049 5086/1414/1049 5087/1440/1049
f 5085/1418/1049 5087/1440/1049 5088/1429/1049
f 5089/1420/1050 5090/1416/1050 5091/1441/1050
f 5089/1420/1050 5091/1441/1050 5092/1431/1050
f 5093/1438/1051 5094/1437/1051 5095/1442/1051
f 5093/1438/1051 5095/1442/1051 5096/1443/1051
f 5097/1439/1052 5098/1225/1052 5099/1229/1052
f 5097/1439/1052 5099/1229/1052 5100/1444/1052
f 5101/1440/1053 5102/1438/1053 5103/1443/1053
f 5101/1440/1053 5103/1443/1053 5104/1445/1053
f 5105/1441/1054 5106/1439/1054 5107/1444/1054
f 5105/1441/1054 5107/1444/1054 5108/1446/1054
f 5109/1429/1055 5110/1440/1055 5111/1445/1055
f 5109/1429/1055 5111/1445/1055 5112/1447/1055
f 5113/1431/1056 5114/1441/1056 5115/1446/1056
f 5113/1431/1056 5115/1446/1056 5116/1448/1056
f 5117/1430/1057 5118/1429/1057 5119/1447/1057
f 5117/1430/1057 5119/1447/1057 5120/1449/1057
f 5121/1432/1058 5122/1431/1058 5123/1448/1058
f 5121/1432/1058 5123/1448/1058 5124/1450/1058
f 5125/1433/1059 5126/1430/1059 5127/1449/1059
f 5125/1433/1059 5127/1449/1059 5128/1451/1059
f 5129/1434/1060 5130/1432/1060 5131/1450/1060
f 5129/1434/1060 5131/1450/1060 5132/1452/1060
f 5133/1435/1061 5134/1433/1061 5135/1451/1061
f 5133/1435/1061 5135/1451/1061 5136/1453/1061
f 5137/1436/1062 5138/1434/1062 5139/1452/1062
f 5137/1436/1062 5139/1452/1062 5140/1454/1062
f 5141/1227/1063 5142/1435/1063 5143/1453/1063
f 5141/1227/1063 5143/1453/1063 5144/1231/1063
f 5145/1437/1064 5146/1436/1064 5147/1454/1064
f 5145/1437/1064 5147/1454/1064 5148/1442/1064
f 5149/1450/1065 5150/1448/1065 5151/1244/1065
f 5149/1450/1065 5151/1244/1065 5152/1248/1065
f 5153/1451/1066 5154/1449/1066 5155/1246/1066
f 5153/1451/1066 5155/1246/1066 5156/1250/1066
f 5157/1452/1067 5158/1450/1067 5159/1248/1067
f 5157/1452/1067 5159/1248/1067 5160/1252/1067
f 5161/1453/1068 5162/1451/1068 5163/1250/1068
f 5161/1453/1068 5163/1250/1068 5164/1254/1068
f 5165/1454/1069 5166/1452/1069 5167/1252/1069
f 5165/1454/1069 5167/1252/1069 5168/1256/1069
f 5169/1231/1070 5170/1453/1070 5171/1254/1070
f 5169/1231/1070 5171/1254/1070 5172/1172/1070
f 5173/1442/1071 5174/1454/1071 5175/1256/1071
f 5173/1442/1071 5175/1256/1071 5176/1258/1071
f 5177/1443/1072 5178/1442/1072 5179/1258/1072
f 5177/1443/1072 5179/1258/1072 5180/1237/1072
f 5181/1444/1073 5182/1229/1073 5183/1168/1073
f 5181/1444/1073 5183/1168/1073 5184/1234/1073
f 5185/1445/1074 5186/1443/1074 5187/1237/1074
f 5185/1445/1074 5187/1237/1074 5188/1236/1074
f 5189/1446/1075 5190/1444/1075 5191/1234/1075
f 5189/1446/1075 5191/1234/1075 5192/1240/1075
f 5193/1447/1076 5194/1445/1076 5195/1236/1076
f 5193/1447/1076 5195/1236/1076 5196/1242/1076
f 5197/1448/1077 5198/1446/1077 5199/1240/1077
f 5197/1448/1077 5199/1240/1077 5200/1244/1077
f 5201/1449/1078 5202/1447/1078 5203/1242/1078
f 5201/1449/1078 5203/1242/1078 5204/1246/1078
o tile.002_Material.014_0
v -1.368408 0.465577 2.183773
v -1.368408 0.513673 2.183773
v -0.872458 0.513673 2.213102
v -0.872458 0.465577 2.213102
v -0.872458 0.465577 2.213102
v -0.872458 0.513673 2.213102
v -0.885610 0.513673 2.435499
v -0.885610 0.465577 2.435499
v -0.885610 0.465577 2.435499
v -0.885610 0.513673 2.435499
v -1.381560 0.513673 2.406170
v -1.381560 0.465577 2.406170
v -1.381560 0.465577 2.406170
v -1.381560 0.513673 2.406170
v -1.368408 0.513673 2.183773
v -1.368408 0.465577 2.183773
v -0.872458 0.465577 2.213102
v -0.885610 0.465577 2.435499
v -1.381560 0.465577 2.406170
v -1.368408 0.465577 2.183773
v -0.885610 0.513673 2.435499
v -0.872458 0.513673 2.213102
v -1.368408 0.513673 2.183773
v -1.381560 0.513673 2.406170
vn 0.0590 -0.0000 -0.9983
vn 0.9983 -0.0000 0.0590
vn -0.0590 -0.0000 0.9983
vn -0.9983 -0.0000 -0.0590
vn -0.0000 -1.0000 -0.0000
vn -0.0000 1.0000 -0.0000
vt 0.375000 1.000000
vt 0.625000 1.000000
vt 0.625000 0.750000
vt 0.375000 0.750000
vt 0.625000 0.500000
vt 0.375000 0.500000
vt 0.625000 0.250000
vt 0.375000 0.250000
vt 0.625000 0.000000
vt 0.375000 0.000000
vt 0.125000 0.500000
vt 0.125000 0.250000
vt 0.875000 0.500000
vt 0.875000 0.250000
s 0
usemtl Material.014
f 5205/1455/1079 5206/1456/1079 5207/1457/1079
f 5205/1455/1079 5207/1457/1079 5208/1458/1079
f 5209/1458/1080 5210/1457/1080 5211/1459/1080
f 5209/1458/1080 5211/1459/1080 5212/1460/1080
f 5213/1460/1081 5214/1459/1081 5215/1461/1081
f 5213/1460/1081 5215/1461/1081 5216/1462/1081
f 5217/1462/1082 5218/1461/1082 5219/1463/1082
f 5217/1462/1082 5219/1463/1082 5220/1464/1082
f 5221/1465/1083 5222/1460/1083 5223/1462/1083
f 5221/1465/1083 5223/1462/1083 5224/1466/1083
f 5225/1459/1084 5226/1467/1084 5227/1468/1084
f 5225/1459/1084 5227/1468/1084 5228/1461/1084
o tile_Material.012_0
v -1.385908 0.465577 2.479696
v -1.385908 0.513673 2.479696
v -0.889958 0.513673 2.509025
v -0.889958 0.465577 2.509025
v -0.889958 0.465577 2.509025
v -0.889958 0.513673 2.509025
v -0.903110 0.513673 2.731422
v -0.903110 0.465577 2.731422
v -0.903110 0.465577 2.731422
v -0.903110 0.513673 2.731422
v -1.399060 0.513673 2.702093
v -1.399060 0.465577 2.702093
v -1.399060 0.465577 2.702093
v -1.399060 0.513673 2.702093
v -1.385908 0.513673 2.479696
v -1.385908 0.465577 2.479696
v -0.889958 0.465577 2.509025
v -0.903110 0.465577 2.731422
v -1.399060 0.465577 2.702093
v -1.385908 0.465577 2.479696
v -0.903110 0.513673 2.731422
v -0.889958 0.513673 2.509025
v -1.385908 0.513673 2.479696
v -1.399060 0.513673 2.702093
vn 0.0590 -0.0000 -0.9983
vn 0.9983 -0.0000 0.0590
vn -0.0590 -0.0000 0.9983
vn -0.9983 -0.0000 -0.0590
vn -0.0000 -1.0000 -0.0000
vn -0.0000 1.0000 -0.0000
vt 0.375000 1.000000
vt 0.625000 1.000000
vt 0.625000 0.750000
vt 0.375000 0.750000
vt 0.625000 0.500000
vt 0.375000 0.500000
vt 0.625000 0.250000
vt 0.375000 0.250000
vt 0.625000 0.000000
vt 0.375000 0.000000
vt 0.125000 0.500000
vt 0.125000 0.250000
vt 0.875000 0.500000
vt 0.875000 0.250000
s 0
usemtl Material.012
f 5229/1469/1085 5230/1470/1085 5231/1471/1085
f 5229/1469/1085 5231/1471/1085 5232/1472/1085
f 5233/1472/1086 5234/1471/1086 5235/1473/1086
f 5233/1472/1086 5235/1473/1086 5236/1474/1086
f 5237/1474/1087 5238/1473/1087 5239/1475/1087
f 5237/1474/1087 5239/1475/1087 5240/1476/1087
f 5241/1476/1088 5242/1475/1088 5243/1477/1088
f 5241/1476/1088 5243/1477/1088 5244/1478/1088
f 5245/1479/1089 5246/1474/1089 5247/1476/1089
f 5245/1479/1089 5247/1476/1089 5248/1480/1089
f 5249/1473/1090 5250/1481/1090 5251/1482/1090
f 5249/1473/1090 5251/1482/1090 5252/1475/1090
o tile.001_Material.014_0
v -1.404259 0.465577 2.790013
v -1.404259 0.513673 2.790013
v -0.908310 0.513673 2.819342
v -0.908310 0.465577 2.819342
v -0.908310 0.465577 2.819342
v -0.908310 0.513673 2.819342
v -0.921462 0.513673 3.041739
v -0.921462 0.465577 3.041739
v -0.921462 0.465577 3.041739
v -0.921462 0.513673 3.041739
v -1.417411 0.513673 3.012409
v -1.417411 0.465577 3.012409
v -1.417411 0.465577 3.012409
v -1.417411 0.513673 3.012409
v -1.404259 0.513673 2.790013
v -1.404259 0.465577 2.790013
v -0.908310 0.465577 2.819342
v -0.921462 0.465577 3.041739
v -1.417411 0.465577 3.012409
v -1.404259 0.465577 2.790013
v -0.921462 0.513673 3.041739
v -0.908310 0.513673 2.819342
v -1.404259 0.513673 2.790013
v -1.417411 0.513673 3.012409
vn 0.0590 -0.0000 -0.9983
vn 0.9983 -0.0000 0.0590
vn -0.0590 -0.0000 0.9983
vn -0.9983 -0.0000 -0.0590
vn -0.0000 -1.0000 -0.0000
vn -0.0000 1.0000 -0.0000
vt 0.375000 1.000000
vt 0.625000 1.000000
vt 0.625000 0.750000
vt 0.375000 0.750000
vt 0.625000 0.500000
vt 0.375000 0.500000
vt 0.625000 0.250000
vt 0.375000 0.250000
vt 0.625000 0.000000
vt 0.375000 0.000000
vt 0.125000 0.500000
vt 0.125000 0.250000
vt 0.875000 0.500000
vt 0.875000 0.250000
s 0
usemtl Material.014
f 5253/1483/1091 5254/1484/1091 5255/1485/1091
f 5253/1483/1091 5255/1485/1091 5256/1486/1091
f 5257/1486/1092 5258/1485/1092 5259/1487/1092
f 5257/1486/1092 5259/1487/1092 5260/1488/1092
f 5261/1488/1093 5262/1487/1093 5263/1489/1093
f 5261/1488/1093 5263/1489/1093 5264/1490/1093
f 5265/1490/1094 5266/1489/1094 5267/1491/1094
f 5265/1490/1094 5267/1491/1094 5268/1492/1094
f 5269/1493/1095 5270/1488/1095 5271/1490/1095
f 5269/1493/1095 5271/1490/1095 5272/1494/1095
f 5273/1487/1096 5274/1495/1096 5275/1496/1096
f 5273/1487/1096 5275/1496/1096 5276/1489/1096
o bridge_Material.015_0
v -3.294141 0.327744 4.653309
v -3.294141 0.497576 4.653309
v -2.105465 0.497576 4.723603
v -2.105465 0.327744 4.723603
v -2.105465 0.327744 4.723603
v -2.105465 0.497576 4.723603
v -2.284766 0.497575 7.755552
v -2.284766 0.327743 7.755552
v -2.284766 0.327743 7.755552
v -2.284766 0.497575 7.755552
v -3.473442 0.497575 7.685257
v -3.473442 0.327743 7.685257
v -3.473442 0.327743 7.685257
v -3.473442 0.497575 7.685257
v -3.294141 0.497576 4.653309
v -3.294141 0.327744 4.653309
v -2.105465 0.327744 4.723603
v -2.284766 0.327743 7.755552
v -3.473442 0.327743 7.685257
v -3.294141 0.327744 4.653309
v -2.284766 0.497575 7.755552
v -2.105465 0.497576 4.723603
v -3.294141 0.497576 4.653309
v -3.473442 0.497575 7.685257
vn 0.0590 -0.0000 -0.9983
vn 0.9983 -0.0000 0.0590
vn -0.0590 -0.0000 0.9983
vn -0.9983 -0.0000 -0.0590
vn -0.0000 -1.0000 -0.0000
vn -0.0000 1.0000 -0.0000
vt 0.375000 1.000000
vt 0.625000 1.000000
vt 0.625000 0.750000
vt 0.375000 0.750000
vt 0.625000 0.500000
vt 0.375000 0.500000
vt 0.625000 0.250000
vt 0.375000 0.250000
vt 0.625000 0.000000
vt 0.375000 0.000000
vt 0.125000 0.500000
vt 0.125000 0.250000
vt 0.875000 0.500000
vt 0.875000 0.250000
s 0
usemtl Material.015
f 5277/1497/1097 5278/1498/1097 5279/1499/1097
f 5277/1497/1097 5279/1499/1097 5280/1500/1097
f 5281/1500/1098 5282/1499/1098 5283/1501/1098
f 5281/1500/1098 5283/1501/1098 5284/1502/1098
f 5285/1502/1099 5286/1501/1099 5287/1503/1099
f 5285/1502/1099 5287/1503/1099 5288/1504/1099
f 5289/1504/1100 5290/1503/1100 5291/1505/1100
f 5289/1504/1100 5291/1505/1100 5292/1506/1100
f 5293/1507/1101 5294/1502/1101 5295/1504/1101
f 5293/1507/1101 5295/1504/1101 5296/1508/1101
f 5297/1501/1102 5298/1509/1102 5299/1510/1102
f 5297/1501/1102 5299/1510/1102 5300/1503/1102
o string_white_0
v -3.214038 0.647774 4.921413
v -3.214038 0.685129 4.921413
v -3.165227 0.685129 4.924300
v -3.165227 0.647774 4.924300
v -3.323652 0.647773 7.309124
v -3.323652 0.685129 7.309124
v -3.308678 0.685129 7.699925
v -3.308678 0.647773 7.699925
v -3.308678 0.647773 7.699925
v -3.308678 0.685129 7.699925
v -3.357488 0.685129 7.697039
v -3.357488 0.647773 7.697039
v -3.290919 0.647774 5.612894
v -3.290919 0.685129 5.612894
v -3.214038 0.685129 4.921413
v -3.214038 0.647774 4.921413
v -3.323652 0.647773 7.309124
v -3.308678 0.647773 7.699925
v -3.357488 0.647773 7.697039
v -3.372462 0.647773 7.306237
v -3.242109 0.685129 5.615781
v -3.165227 0.685129 4.924300
v -3.214038 0.685129 4.921413
v -3.290919 0.685129 5.612894
v -3.313237 0.685129 6.985871
v -3.228284 0.685129 6.667026
v -3.277094 0.685129 6.664140
v -3.362047 0.685129 6.982985
v -3.235704 0.685129 6.115107
v -3.284514 0.685129 6.112220
v -3.165227 0.647774 4.924300
v -3.242109 0.647774 5.615781
v -3.290919 0.647774 5.612894
v -3.214038 0.647774 4.921413
v -3.235704 0.647774 6.115107
v -3.284514 0.647774 6.112220
v -3.228284 0.647773 6.667026
v -3.277094 0.647773 6.664140
v -3.362047 0.647773 6.982985
v -3.362047 0.685129 6.982985
v -3.277094 0.685129 6.664140
v -3.277094 0.647773 6.664140
v -3.284514 0.685129 6.112220
v -3.284514 0.647774 6.112220
v -3.165227 0.647774 4.924300
v -3.165227 0.685129 4.924300
v -3.242109 0.685129 5.615781
v -3.242109 0.647774 5.615781
v -3.235704 0.685129 6.115107
v -3.235704 0.647774 6.115107
v -3.228284 0.685129 6.667026
v -3.228284 0.647773 6.667026
v -3.357488 0.647773 7.697039
v -3.357488 0.685129 7.697039
v -3.372462 0.685129 7.306237
v -3.372462 0.647773 7.306237
v -3.308678 0.685129 7.699925
v -3.323652 0.685129 7.309124
v -3.372462 0.685129 7.306237
v -3.357488 0.685129 7.697039
v -3.313237 0.647773 6.985871
v -3.362047 0.647773 6.982985
v -3.313237 0.647773 6.985871
v -3.313237 0.685129 6.985871
vn 0.0590 -0.0000 -0.9983
vn 1.0000 -0.0000 -0.0030
vn 0.9993 -0.0000 -0.0383
vn -0.0590 -0.0000 0.9983
vn -0.9988 -0.0000 -0.0489
vn -0.9939 -0.0000 -0.1105
vn -0.0000 -1.0000 -0.0000
vn -0.0000 1.0000 -0.0000
vn -0.9893 -0.0000 -0.1458
vn -0.9924 -0.0000 -0.1232
vn -0.9999 -0.0000 0.0131
vn 0.9939 -0.0000 0.1105
vn 0.9988 -0.0000 0.0489
vn 0.9999 -0.0000 -0.0131
vn 0.9924 -0.0000 0.1232
vn -0.9993 -0.0000 0.0383
vn -1.0000 -0.0000 0.0030
vn 0.9893 -0.0000 0.1458
vt 0.375000 1.000000
vt 0.625000 1.000000
vt 0.625000 0.750000
vt 0.375000 0.750000
vt 0.375000 0.531250
vt 0.625000 0.531250
vt 0.625000 0.500000
vt 0.375000 0.500000
vt 0.625000 0.250000
vt 0.375000 0.250000
vt 0.375000 0.062500
vt 0.625000 0.062500
vt 0.625000 0.000000
vt 0.375000 0.000000
vt 0.343750 0.500000
vt 0.343750 0.250000
vt 0.812500 0.500000
vt 0.875000 0.500000
vt 0.875000 0.250000
vt 0.812500 0.250000
vt 0.671875 0.500000
vt 0.687500 0.500000
vt 0.687500 0.250000
vt 0.671875 0.250000
vt 0.750000 0.500000
vt 0.750000 0.250000
vt 0.125000 0.500000
vt 0.187500 0.500000
vt 0.187500 0.250000
vt 0.125000 0.250000
vt 0.250000 0.500000
vt 0.250000 0.250000
vt 0.312500 0.500000
vt 0.312500 0.250000
vt 0.375000 0.203125
vt 0.625000 0.203125
vt 0.625000 0.187500
vt 0.375000 0.187500
vt 0.625000 0.125000
vt 0.375000 0.125000
vt 0.625000 0.687500
vt 0.375000 0.687500
vt 0.625000 0.625000
vt 0.375000 0.625000
vt 0.625000 0.562500
vt 0.375000 0.562500
vt 0.625000 0.218750
vt 0.375000 0.218750
vt 0.656250 0.500000
vt 0.656250 0.250000
vt 0.328125 0.500000
vt 0.328125 0.250000
vt 0.375000 0.546875
vt 0.625000 0.546875
s 0
usemtl white
f 5301/1511/1103 5302/1512/1103 5303/1513/1103
f 5301/1511/1103 5303/1513/1103 5304/1514/1103
s 1
f 5305/1515/1104 5306/1516/1104 5307/1517/1105
f 5305/1515/1104 5307/1517/1105 5308/1518/1105
s 0
f 5309/1518/1106 5310/1517/1106 5311/1519/1106
f 5309/1518/1106 5311/1519/1106 5312/1520/1106
s 1
f 5313/1521/1107 5314/1522/1107 5315/1523/1108
f 5313/1521/1107 5315/1523/1108 5316/1524/1108
s 0
f 5317/1525/1109 5318/1518/1109 5319/1520/1109
f 5317/1525/1109 5319/1520/1109 5320/1526/1109
f 5321/1527/1110 5322/1528/1110 5323/1529/1110
f 5321/1527/1110 5323/1529/1110 5324/1530/1110
f 5325/1531/1110 5326/1532/1110 5327/1533/1110
f 5325/1531/1110 5327/1533/1110 5328/1534/1110
f 5326/1532/1110 5329/1535/1110 5330/1536/1110
f 5326/1532/1110 5330/1536/1110 5327/1533/1110
f 5329/1535/1110 5321/1527/1110 5324/1530/1110
f 5329/1535/1110 5324/1530/1110 5330/1536/1110
f 5331/1537/1109 5332/1538/1109 5333/1539/1109
f 5331/1537/1109 5333/1539/1109 5334/1540/1109
f 5332/1538/1109 5335/1541/1109 5336/1542/1109
f 5332/1538/1109 5336/1542/1109 5333/1539/1109
f 5335/1541/1109 5337/1543/1109 5338/1544/1109
f 5335/1541/1109 5338/1544/1109 5336/1542/1109
s 1
f 5339/1545/1111 5340/1546/1111 5341/1547/1112
f 5339/1545/1111 5341/1547/1112 5342/1548/1112
f 5342/1548/1112 5341/1547/1112 5343/1549/1113
f 5342/1548/1112 5343/1549/1113 5344/1550/1113
f 5344/1550/1113 5343/1549/1113 5314/1522/1107
f 5344/1550/1113 5314/1522/1107 5313/1521/1107
f 5345/1514/1114 5346/1513/1114 5347/1551/1115
f 5345/1514/1114 5347/1551/1115 5348/1552/1115
f 5348/1552/1115 5347/1551/1115 5349/1553/1116
f 5348/1552/1115 5349/1553/1116 5350/1554/1116
f 5350/1554/1116 5349/1553/1116 5351/1555/1117
f 5350/1554/1116 5351/1555/1117 5352/1556/1117
f 5353/1520/1118 5354/1519/1118 5355/1557/1119
f 5353/1520/1118 5355/1557/1119 5356/1558/1119
s 0
f 5357/1517/1110 5358/1559/1110 5359/1560/1110
f 5357/1517/1110 5359/1560/1110 5360/1519/1110
f 5361/1561/1109 5317/1525/1109 5320/1526/1109
f 5361/1561/1109 5320/1526/1109 5362/1562/1109
s 1
f 5363/1563/1120 5364/1564/1120 5306/1516/1104
f 5363/1563/1120 5306/1516/1104 5305/1515/1104
f 5352/1556/1117 5351/1555/1117 5364/1564/1120
f 5352/1556/1117 5364/1564/1120 5363/1563/1120
s 0
f 5337/1543/1109 5361/1561/1109 5362/1562/1109
f 5337/1543/1109 5362/1562/1109 5338/1544/1109
s 1
f 5356/1558/1119 5355/1557/1119 5340/1546/1111
f 5356/1558/1119 5340/1546/1111 5339/1545/1111
s 0
f 5358/1559/1110 5325/1531/1110 5328/1534/1110
f 5358/1559/1110 5328/1534/1110 5359/1560/1110
o block.010_white_0
v 2.021333 0.459447 -0.161998
v 2.021333 1.211632 -0.161998
v 2.204640 1.108991 -0.151158
v 2.204640 0.459447 -0.151158
v 2.204640 0.459447 -0.151158
v 2.204640 1.108991 -0.151158
v 2.196758 1.108991 -0.017880
v 2.196758 0.459447 -0.017880
v 2.013452 0.459447 -0.028721
v 2.013452 1.211632 -0.028721
v 1.830145 1.108991 -0.039561
v 1.830145 0.459447 -0.039561
v 1.830145 0.459447 -0.039561
v 1.830145 1.108991 -0.039561
v 1.838027 1.108991 -0.172838
v 1.838027 0.459447 -0.172838
v 2.021333 0.459447 -0.161998
v 2.013452 0.459447 -0.028721
v 1.830145 0.459447 -0.039561
v 1.838027 0.459447 -0.172838
v 2.013452 1.211632 -0.028721
v 2.021333 1.211632 -0.161998
v 1.838027 1.108991 -0.172838
v 1.830145 1.108991 -0.039561
v 2.196758 1.108991 -0.017880
v 2.204640 1.108991 -0.151158
v 2.021333 1.211632 -0.161998
v 2.013452 1.211632 -0.028721
v 2.204640 0.459447 -0.151158
v 2.196758 0.459447 -0.017880
v 2.196758 0.459447 -0.017880
v 2.196758 1.108991 -0.017880
v 1.838027 0.459447 -0.172838
v 1.838027 1.108991 -0.172838
vn 0.0590 -0.0000 -0.9983
vn 0.9983 -0.0000 0.0590
vn -0.0590 -0.0000 0.9983
vn -0.9983 -0.0000 -0.0590
vn -0.0000 -1.0000 -0.0000
vn -0.4871 0.8729 -0.0288
vn 0.4871 0.8729 0.0288
vt 0.375000 0.875000
vt 0.625000 0.875000
vt 0.625000 0.750000
vt 0.375000 0.750000
vt 0.625000 0.500000
vt 0.375000 0.500000
vt 0.375000 0.375000
vt 0.625000 0.375000
vt 0.625000 0.250000
vt 0.375000 0.250000
vt 0.625000 0.000000
vt 0.375000 0.000000
vt 0.125000 0.375000
vt 0.125000 0.250000
vt 0.875000 0.375000
vt 0.875000 0.250000
vt 0.875000 0.500000
vt 0.125000 0.500000
vt 0.375000 1.000000
vt 0.625000 1.000000
s 0
usemtl white
f 5365/1565/1121 5366/1566/1121 5367/1567/1121
f 5365/1565/1121 5367/1567/1121 5368/1568/1121
f 5369/1568/1122 5370/1567/1122 5371/1569/1122
f 5369/1568/1122 5371/1569/1122 5372/1570/1122
f 5373/1571/1123 5374/1572/1123 5375/1573/1123
f 5373/1571/1123 5375/1573/1123 5376/1574/1123
f 5377/1574/1124 5378/1573/1124 5379/1575/1124
f 5377/1574/1124 5379/1575/1124 5380/1576/1124
f 5381/1577/1125 5382/1571/1125 5383/1574/1125
f 5381/1577/1125 5383/1574/1125 5384/1578/1125
f 5385/1572/1126 5386/1579/1126 5387/1580/1126
f 5385/1572/1126 5387/1580/1126 5388/1573/1126
f 5389/1569/1127 5390/1581/1127 5391/1579/1127
f 5389/1569/1127 5391/1579/1127 5392/1572/1127
f 5393/1582/1125 5394/1570/1125 5382/1571/1125
f 5393/1582/1125 5382/1571/1125 5381/1577/1125
f 5395/1570/1123 5396/1569/1123 5374/1572/1123
f 5395/1570/1123 5374/1572/1123 5373/1571/1123
f 5397/1583/1121 5398/1584/1121 5366/1566/1121
f 5397/1583/1121 5366/1566/1121 5365/1565/1121
o block.009_white_0
v 1.228995 0.459447 -0.208855
v 1.228995 1.211632 -0.208855
v 1.412302 1.108991 -0.198014
v 1.412302 0.459447 -0.198014
v 1.412302 0.459447 -0.198014
v 1.412302 1.108991 -0.198014
v 1.404420 1.108991 -0.064737
v 1.404420 0.459447 -0.064737
v 1.221114 0.459447 -0.075577
v 1.221114 1.211632 -0.075577
v 1.037807 1.108991 -0.086418
v 1.037807 0.459447 -0.086418
v 1.037807 0.459447 -0.086418
v 1.037807 1.108991 -0.086418
v 1.045689 1.108991 -0.219695
v 1.045689 0.459447 -0.219695
v 1.228995 0.459447 -0.208855
v 1.221114 0.459447 -0.075577
v 1.037807 0.459447 -0.086418
v 1.045689 0.459447 -0.219695
v 1.221114 1.211632 -0.075577
v 1.228995 1.211632 -0.208855
v 1.045689 1.108991 -0.219695
v 1.037807 1.108991 -0.086418
v 1.404420 1.108991 -0.064737
v 1.412302 1.108991 -0.198014
v 1.228995 1.211632 -0.208855
v 1.221114 1.211632 -0.075577
v 1.412302 0.459447 -0.198014
v 1.404420 0.459447 -0.064737
v 1.404420 0.459447 -0.064737
v 1.404420 1.108991 -0.064737
v 1.045689 0.459447 -0.219695
v 1.045689 1.108991 -0.219695
vn 0.0590 -0.0000 -0.9983
vn 0.9983 -0.0000 0.0590
vn -0.0590 -0.0000 0.9983
vn -0.9983 -0.0000 -0.0590
vn -0.0000 -1.0000 -0.0000
vn -0.4871 0.8729 -0.0288
vn 0.4871 0.8729 0.0288
vt 0.375000 0.875000
vt 0.625000 0.875000
vt 0.625000 0.750000
vt 0.375000 0.750000
vt 0.625000 0.500000
vt 0.375000 0.500000
vt 0.375000 0.375000
vt 0.625000 0.375000
vt 0.625000 0.250000
vt 0.375000 0.250000
vt 0.625000 0.000000
vt 0.375000 0.000000
vt 0.125000 0.375000
vt 0.125000 0.250000
vt 0.875000 0.375000
vt 0.875000 0.250000
vt 0.875000 0.500000
vt 0.125000 0.500000
vt 0.375000 1.000000
vt 0.625000 1.000000
s 0
usemtl white
f 5399/1585/1128 5400/1586/1128 5401/1587/1128
f 5399/1585/1128 5401/1587/1128 5402/1588/1128
f 5403/1588/1129 5404/1587/1129 5405/1589/1129
f 5403/1588/1129 5405/1589/1129 5406/1590/1129
f 5407/1591/1130 5408/1592/1130 5409/1593/1130
f 5407/1591/1130 5409/1593/1130 5410/1594/1130
f 5411/1594/1131 5412/1593/1131 5413/1595/1131
f 5411/1594/1131 5413/1595/1131 5414/1596/1131
f 5415/1597/1132 5416/1591/1132 5417/1594/1132
f 5415/1597/1132 5417/1594/1132 5418/1598/1132
f 5419/1592/1133 5420/1599/1133 5421/1600/1133
f 5419/1592/1133 5421/1600/1133 5422/1593/1133
f 5423/1589/1134 5424/1601/1134 5425/1599/1134
f 5423/1589/1134 5425/1599/1134 5426/1592/1134
f 5427/1602/1132 5428/1590/1132 5416/1591/1132
f 5427/1602/1132 5416/1591/1132 5415/1597/1132
f 5429/1590/1130 5430/1589/1130 5408/1592/1130
f 5429/1590/1130 5408/1592/1130 5407/1591/1130
f 5431/1603/1128 5432/1604/1128 5400/1586/1128
f 5431/1603/1128 5400/1586/1128 5399/1585/1128
o block.008_white_0
v 0.492256 0.459447 -0.252424
v 0.492256 1.211632 -0.252423
v 0.675562 1.108991 -0.241583
v 0.675562 0.459447 -0.241583
v 0.675562 0.459447 -0.241583
v 0.675562 1.108991 -0.241583
v 0.667681 1.108991 -0.108306
v 0.667681 0.459447 -0.108306
v 0.484374 0.459447 -0.119146
v 0.484374 1.211632 -0.119146
v 0.301068 1.108991 -0.129986
v 0.301068 0.459447 -0.129987
v 0.301068 0.459447 -0.129987
v 0.301068 1.108991 -0.129986
v 0.308950 1.108991 -0.263264
v 0.308950 0.459447 -0.263264
v 0.492256 0.459447 -0.252424
v 0.484374 0.459447 -0.119146
v 0.301068 0.459447 -0.129987
v 0.308950 0.459447 -0.263264
v 0.484374 1.211632 -0.119146
v 0.492256 1.211632 -0.252423
v 0.308950 1.108991 -0.263264
v 0.301068 1.108991 -0.129986
v 0.667681 1.108991 -0.108306
v 0.675562 1.108991 -0.241583
v 0.492256 1.211632 -0.252423
v 0.484374 1.211632 -0.119146
v 0.675562 0.459447 -0.241583
v 0.667681 0.459447 -0.108306
v 0.667681 0.459447 -0.108306
v 0.667681 1.108991 -0.108306
v 0.308950 0.459447 -0.263264
v 0.308950 1.108991 -0.263264
vn 0.0590 -0.0000 -0.9983
vn 0.9983 -0.0000 0.0590
vn -0.0590 -0.0000 0.9983
vn -0.9983 -0.0000 -0.0590
vn -0.0000 -1.0000 -0.0000
vn -0.4871 0.8729 -0.0288
vn 0.4871 0.8729 0.0288
vt 0.375000 0.875000
vt 0.625000 0.875000
vt 0.625000 0.750000
vt 0.375000 0.750000
vt 0.625000 0.500000
vt 0.375000 0.500000
vt 0.375000 0.375000
vt 0.625000 0.375000
vt 0.625000 0.250000
vt 0.375000 0.250000
vt 0.625000 0.000000
vt 0.375000 0.000000
vt 0.125000 0.375000
vt 0.125000 0.250000
vt 0.875000 0.375000
vt 0.875000 0.250000
vt 0.875000 0.500000
vt 0.125000 0.500000
vt 0.375000 1.000000
vt 0.625000 1.000000
s 0
usemtl white
f 5433/1605/1135 5434/1606/1135 5435/1607/1135
f 5433/1605/1135 5435/1607/1135 5436/1608/1135
f 5437/1608/1136 5438/1607/1136 5439/1609/1136
f 5437/1608/1136 5439/1609/1136 5440/1610/1136
f 5441/1611/1137 5442/1612/1137 5443/1613/1137
f 5441/1611/1137 5443/1613/1137 5444/1614/1137
f 5445/1614/1138 5446/1613/1138 5447/1615/1138
f 5445/1614/1138 5447/1615/1138 5448/1616/1138
f 5449/1617/1139 5450/1611/1139 5451/1614/1139
f 5449/1617/1139 5451/1614/1139 5452/1618/1139
f 5453/1612/1140 5454/1619/1140 5455/1620/1140
f 5453/1612/1140 5455/1620/1140 5456/1613/1140
f 5457/1609/1141 5458/1621/1141 5459/1619/1141
f 5457/1609/1141 5459/1619/1141 5460/1612/1141
f 5461/1622/1139 5462/1610/1139 5450/1611/1139
f 5461/1622/1139 5450/1611/1139 5449/1617/1139
f 5463/1610/1137 5464/1609/1137 5442/1612/1137
f 5463/1610/1137 5442/1612/1137 5441/1611/1137
f 5465/1623/1135 5466/1624/1135 5434/1606/1135
f 5465/1623/1135 5434/1606/1135 5433/1605/1135
o block.007_white_0
v -0.386653 0.459447 -0.304400
v -0.386653 1.211632 -0.304400
v -0.203346 1.108991 -0.293559
v -0.203346 0.459447 -0.293560
v -0.203346 0.459447 -0.293560
v -0.203346 1.108991 -0.293559
v -0.211228 1.108991 -0.160282
v -0.211228 0.459447 -0.160282
v -0.394534 0.459447 -0.171123
v -0.394534 1.211632 -0.171122
v -0.577841 1.108991 -0.181963
v -0.577841 0.459447 -0.181963
v -0.577841 0.459447 -0.181963
v -0.577841 1.108991 -0.181963
v -0.569959 1.108991 -0.315240
v -0.569959 0.459447 -0.315240
v -0.386653 0.459447 -0.304400
v -0.394534 0.459447 -0.171123
v -0.577841 0.459447 -0.181963
v -0.569959 0.459447 -0.315240
v -0.394534 1.211632 -0.171122
v -0.386653 1.211632 -0.304400
v -0.569959 1.108991 -0.315240
v -0.577841 1.108991 -0.181963
v -0.211228 1.108991 -0.160282
v -0.203346 1.108991 -0.293559
v -0.386653 1.211632 -0.304400
v -0.394534 1.211632 -0.171122
v -0.203346 0.459447 -0.293560
v -0.211228 0.459447 -0.160282
v -0.211228 0.459447 -0.160282
v -0.211228 1.108991 -0.160282
v -0.569959 0.459447 -0.315240
v -0.569959 1.108991 -0.315240
vn 0.0590 -0.0000 -0.9983
vn 0.9983 -0.0000 0.0590
vn -0.0590 -0.0000 0.9983
vn -0.9983 -0.0000 -0.0590
vn -0.0000 -1.0000 -0.0000
vn -0.4871 0.8729 -0.0288
vn 0.4871 0.8729 0.0288
vt 0.375000 0.875000
vt 0.625000 0.875000
vt 0.625000 0.750000
vt 0.375000 0.750000
vt 0.625000 0.500000
vt 0.375000 0.500000
vt 0.375000 0.375000
vt 0.625000 0.375000
vt 0.625000 0.250000
vt 0.375000 0.250000
vt 0.625000 0.000000
vt 0.375000 0.000000
vt 0.125000 0.375000
vt 0.125000 0.250000
vt 0.875000 0.375000
vt 0.875000 0.250000
vt 0.875000 0.500000
vt 0.125000 0.500000
vt 0.375000 1.000000
vt 0.625000 1.000000
s 0
usemtl white
f 5467/1625/1142 5468/1626/1142 5469/1627/1142
f 5467/1625/1142 5469/1627/1142 5470/1628/1142
f 5471/1628/1143 5472/1627/1143 5473/1629/1143
f 5471/1628/1143 5473/1629/1143 5474/1630/1143
f 5475/1631/1144 5476/1632/1144 5477/1633/1144
f 5475/1631/1144 5477/1633/1144 5478/1634/1144
f 5479/1634/1145 5480/1633/1145 5481/1635/1145
f 5479/1634/1145 5481/1635/1145 5482/1636/1145
f 5483/1637/1146 5484/1631/1146 5485/1634/1146
f 5483/1637/1146 5485/1634/1146 5486/1638/1146
f 5487/1632/1147 5488/1639/1147 5489/1640/1147
f 5487/1632/1147 5489/1640/1147 5490/1633/1147
f 5491/1629/1148 5492/1641/1148 5493/1639/1148
f 5491/1629/1148 5493/1639/1148 5494/1632/1148
f 5495/1642/1146 5496/1630/1146 5484/1631/1146
f 5495/1642/1146 5484/1631/1146 5483/1637/1146
f 5497/1630/1144 5498/1629/1144 5476/1632/1144
f 5497/1630/1144 5476/1632/1144 5475/1631/1144
f 5499/1643/1142 5500/1644/1142 5468/1626/1142
f 5499/1643/1142 5468/1626/1142 5467/1625/1142
o lamp_Material.010_0
v 1.854129 1.284534 4.382041
v 1.854129 1.709590 4.382041
v 1.777362 1.709590 4.471439
v 1.777362 1.284534 4.471439
v 1.777362 1.284534 4.471439
v 1.777362 1.709590 4.471439
v 1.664223 1.709590 4.428867
v 1.664223 1.284534 4.428867
v 1.664223 1.284534 4.428867
v 1.664223 1.709590 4.428867
v 1.671066 1.709590 4.313159
v 1.671066 1.284534 4.313159
v 1.664223 1.709590 4.428867
v 1.777362 1.709590 4.471439
v 1.789317 1.727519 4.514812
v 1.624790 1.727519 4.452904
v 1.671066 1.284534 4.313159
v 1.671066 1.709590 4.313159
v 1.788434 1.709590 4.284219
v 1.788434 1.284534 4.284219
v 1.788434 1.284534 4.284219
v 1.788434 1.709590 4.284219
v 1.854129 1.709590 4.382041
v 1.854129 1.284534 4.382041
v 1.805417 1.727519 4.242558
v 1.634741 1.727519 4.284642
v 1.616861 1.760152 4.270606
v 1.813776 1.760152 4.222051
v 1.854129 1.709590 4.382041
v 1.788434 1.709590 4.284219
v 1.805417 1.727519 4.242558
v 1.900950 1.727519 4.384810
v 1.777362 1.709590 4.471439
v 1.854129 1.709590 4.382041
v 1.900950 1.727519 4.384810
v 1.789317 1.727519 4.514812
v 1.671066 1.709590 4.313159
v 1.664223 1.709590 4.428867
v 1.624790 1.727519 4.452904
v 1.634741 1.727519 4.284642
v 1.788434 1.709590 4.284219
v 1.671066 1.709590 4.313159
v 1.634741 1.727519 4.284642
v 1.805417 1.727519 4.242558
v 1.923996 1.760152 4.386173
v 1.813776 1.760152 4.222051
v 1.821622 1.780256 4.202803
v 1.945628 1.780256 4.387453
v 1.624790 1.727519 4.452904
v 1.789317 1.727519 4.514812
v 1.795200 1.760152 4.536160
v 1.605381 1.760152 4.464736
v 1.900950 1.727519 4.384810
v 1.805417 1.727519 4.242558
v 1.813776 1.760152 4.222051
v 1.923996 1.760152 4.386173
v 1.634741 1.727519 4.284642
v 1.624790 1.727519 4.452904
v 1.605381 1.760152 4.464736
v 1.616861 1.760152 4.270606
v 1.789317 1.727519 4.514812
v 1.900950 1.727519 4.384810
v 1.923996 1.760152 4.386173
v 1.795200 1.760152 4.536160
v 1.800723 1.780256 4.556199
v 1.945628 1.780256 4.387453
v 1.926774 1.798749 4.386337
v 1.795910 1.798749 4.538733
v 1.616861 1.760152 4.270606
v 1.605381 1.760152 4.464736
v 1.587162 1.780256 4.475841
v 1.600078 1.780256 4.257431
v 1.795200 1.760152 4.536160
v 1.923996 1.760152 4.386173
v 1.945628 1.780256 4.387453
v 1.800723 1.780256 4.556199
v 1.813776 1.760152 4.222051
v 1.616861 1.760152 4.270606
v 1.600078 1.780256 4.257431
v 1.821622 1.780256 4.202803
v 1.605381 1.760152 4.464736
v 1.795200 1.760152 4.536160
v 1.800723 1.780256 4.556199
v 1.587162 1.780256 4.475841
v 1.821622 1.780256 4.202803
v 1.600078 1.780256 4.257431
v 1.614706 1.798749 4.268914
v 1.814784 1.798749 4.219580
v 1.587162 1.780256 4.475841
v 1.800723 1.780256 4.556199
v 1.795910 1.798749 4.538733
v 1.603041 1.798749 4.466162
v 1.945628 1.780256 4.387453
v 1.821622 1.780256 4.202803
v 1.814784 1.798749 4.219580
v 1.926774 1.798749 4.386337
v 1.600078 1.780256 4.257431
v 1.587162 1.780256 4.475841
v 1.603041 1.798749 4.466162
v 1.614706 1.798749 4.268914
v 1.795910 1.798749 4.538733
v 1.926774 1.798749 4.386337
v 1.814784 1.798749 4.219580
v 1.614706 1.798749 4.268914
v 1.603041 1.798749 4.466162
vn 0.7587 -0.0000 0.6515
vn -0.3522 -0.0000 0.9359
vn -0.9983 -0.0000 -0.0590
vn -0.1557 -0.8970 0.4137
vn -0.2394 -0.0000 -0.9709
vn 0.8302 -0.0000 -0.5575
vn -0.2099 -0.4811 -0.8512
vn 0.3594 -0.9014 -0.2414
vn 0.3285 -0.9014 0.2821
vn -0.4264 -0.9042 -0.0252
vn -0.1058 -0.8970 -0.4291
vn 0.6301 -0.6511 -0.4232
vn -0.3087 -0.4811 0.8205
vn 0.7234 -0.4906 -0.4858
vn -0.8664 -0.4967 -0.0512
vn 0.6611 -0.4906 0.5677
vn 0.5887 0.6307 0.5056
vn -0.7524 -0.6572 -0.0445
vn 0.5758 -0.6511 0.4945
vn -0.1837 -0.6414 -0.7449
vn -0.2702 -0.6414 0.7180
vn -0.1876 0.6210 -0.7610
vn -0.2760 0.6210 0.7336
vn 0.6442 0.6307 -0.4326
vn -0.7696 0.6370 -0.0455
vn -0.0000 1.0000 -0.0000
vt 1.000000 0.500000
vt 1.000000 0.000000
vt 0.800000 0.000000
vt 0.800000 0.500000
vt 0.600000 0.000000
vt 0.600000 0.500000
vt 0.400000 0.000000
vt 0.400000 0.500000
vt 0.200000 0.000000
vt 0.200000 0.500000
vt 0.000000 0.000000
vt 0.000000 0.500000
vt 0.108932 0.944164
vt 0.250000 0.510000
vt 0.021746 0.675836
vt 0.391068 0.944164
vt 0.478254 0.675836
s 0
usemtl Material.010
f 5501/1645/1149 5502/1646/1149 5503/1647/1149
f 5501/1645/1149 5503/1647/1149 5504/1648/1149
f 5505/1648/1150 5506/1647/1150 5507/1649/1150
f 5505/1648/1150 5507/1649/1150 5508/1650/1150
f 5509/1650/1151 5510/1649/1151 5511/1651/1151
f 5509/1650/1151 5511/1651/1151 5512/1652/1151
f 5513/1649/1152 5514/1647/1152 5515/1647/1152
f 5513/1649/1152 5515/1647/1152 5516/1649/1152
f 5517/1652/1153 5518/1651/1153 5519/1653/1153
f 5517/1652/1153 5519/1653/1153 5520/1654/1153
f 5521/1654/1154 5522/1653/1154 5523/1655/1154
f 5521/1654/1154 5523/1655/1154 5524/1656/1154
f 5525/1653/1155 5526/1651/1155 5527/1651/1155
f 5525/1653/1155 5527/1651/1155 5528/1653/1155
f 5529/1655/1156 5530/1653/1156 5531/1653/1156
f 5529/1655/1156 5531/1653/1156 5532/1655/1156
f 5533/1647/1157 5534/1646/1157 5535/1646/1157
f 5533/1647/1157 5535/1646/1157 5536/1647/1157
f 5537/1651/1158 5538/1649/1158 5539/1649/1158
f 5537/1651/1158 5539/1649/1158 5540/1651/1158
f 5541/1653/1159 5542/1651/1159 5543/1651/1159
f 5541/1653/1159 5543/1651/1159 5544/1653/1159
f 5545/1655/1160 5546/1653/1160 5547/1653/1160
f 5545/1655/1160 5547/1653/1160 5548/1655/1160
f 5549/1649/1161 5550/1647/1161 5551/1647/1161
f 5549/1649/1161 5551/1647/1161 5552/1649/1161
f 5553/1655/1162 5554/1653/1162 5555/1653/1162
f 5553/1655/1162 5555/1653/1162 5556/1655/1162
f 5557/1651/1163 5558/1649/1163 5559/1649/1163
f 5557/1651/1163 5559/1649/1163 5560/1651/1163
f 5561/1647/1164 5562/1646/1164 5563/1646/1164
f 5561/1647/1164 5563/1646/1164 5564/1647/1164
f 5565/1647/1165 5566/1646/1165 5567/1646/1165
f 5565/1647/1165 5567/1646/1165 5568/1647/1165
f 5569/1651/1166 5570/1649/1166 5571/1649/1166
f 5569/1651/1166 5571/1649/1166 5572/1651/1166
f 5573/1647/1167 5574/1646/1167 5575/1646/1167
f 5573/1647/1167 5575/1646/1167 5576/1647/1167
f 5577/1653/1168 5578/1651/1168 5579/1651/1168
f 5577/1653/1168 5579/1651/1168 5580/1653/1168
f 5581/1649/1169 5582/1647/1169 5583/1647/1169
f 5581/1649/1169 5583/1647/1169 5584/1649/1169
f 5585/1653/1170 5586/1651/1170 5587/1651/1170
f 5585/1653/1170 5587/1651/1170 5588/1653/1170
f 5589/1649/1171 5590/1647/1171 5591/1647/1171
f 5589/1649/1171 5591/1647/1171 5592/1649/1171
f 5593/1655/1172 5594/1653/1172 5595/1653/1172
f 5593/1655/1172 5595/1653/1172 5596/1655/1172
f 5597/1651/1173 5598/1649/1173 5599/1649/1173
f 5597/1651/1173 5599/1649/1173 5600/1651/1173
f 5604/1657/1174 5602/1658/1174 5603/1659/1174
f 5602/1658/1174 5604/1657/1174 5605/1660/1174
f 5602/1658/1174 5605/1660/1174 5601/1661/1174
o lamp_Material.011_0
v 1.671066 1.284534 4.313159
v 1.788434 1.284534 4.284219
v 1.797202 1.282112 4.262711
v 1.652313 1.282112 4.298437
v 1.797202 1.282112 4.262711
v 1.878301 1.282112 4.383471
v 1.878301 0.581387 4.383471
v 1.797202 0.581387 4.262711
v 1.777362 1.284534 4.471439
v 1.664223 1.284534 4.428867
v 1.643866 1.282112 4.441277
v 1.783534 1.282112 4.493831
v 1.788434 1.284534 4.284219
v 1.854129 1.284534 4.382041
v 1.878301 1.282112 4.383471
v 1.797202 1.282112 4.262711
v 1.854129 1.284534 4.382041
v 1.777362 1.284534 4.471439
v 1.783534 1.282112 4.493831
v 1.878301 1.282112 4.383471
v 1.664223 1.284534 4.428867
v 1.671066 1.284534 4.313159
v 1.652313 1.282112 4.298437
v 1.643866 1.282112 4.441277
v 1.878301 0.581387 4.383471
v 1.783534 0.581387 4.493830
v 1.794744 0.581387 4.534505
v 1.922210 0.581387 4.386067
v 1.643866 1.282112 4.441277
v 1.652313 1.282112 4.298437
v 1.652313 0.581387 4.298437
v 1.643866 0.581387 4.441277
v 1.878301 1.282112 4.383471
v 1.783534 1.282112 4.493831
v 1.783534 0.581387 4.493830
v 1.878301 0.581387 4.383471
v 1.652313 1.282112 4.298437
v 1.797202 1.282112 4.262711
v 1.797202 0.581387 4.262711
v 1.652313 0.581387 4.298437
v 1.783534 1.282112 4.493831
v 1.643866 1.282112 4.441277
v 1.643866 0.581387 4.441277
v 1.783534 0.581387 4.493830
v 1.794744 0.581387 4.534505
v 1.606885 0.581387 4.463819
v 1.606885 0.488388 4.463819
v 1.794744 0.488388 4.534505
v 1.652313 0.581387 4.298437
v 1.797202 0.581387 4.262711
v 1.813128 0.581387 4.223640
v 1.618247 0.581387 4.271693
v 1.643866 0.581387 4.441277
v 1.606885 0.581387 4.463819
v 1.878301 0.581387 4.383471
v 1.922210 0.581387 4.386067
v 1.813128 0.581387 4.223640
v 1.922210 0.581387 4.386067
v 1.922210 0.488388 4.386067
v 1.813128 0.488388 4.223640
v 1.606885 0.581387 4.463819
v 1.618247 0.581387 4.271693
v 1.618247 0.488388 4.271693
v 1.606885 0.488388 4.463819
v 1.922210 0.581387 4.386067
v 1.794744 0.581387 4.534505
v 1.794744 0.488388 4.534505
v 1.922210 0.488388 4.386067
v 1.618247 0.581387 4.271693
v 1.813128 0.581387 4.223640
v 1.813128 0.488388 4.223640
v 1.618247 0.488388 4.271693
v 1.922210 0.488388 4.386067
v 1.794744 0.488388 4.534505
v 1.606885 0.488388 4.463819
v 1.618247 0.488388 4.271693
v 1.813128 0.488388 4.223640
vn -0.0306 0.9918 -0.1242
vn 0.8302 -0.0000 -0.5575
vn -0.0451 0.9918 0.1197
vn 0.1036 0.9922 -0.0696
vn 0.0946 0.9922 0.0813
vn -0.1225 0.9924 -0.0072
vn -0.0000 1.0000 -0.0000
vn -0.9983 -0.0000 -0.0590
vn 0.7587 -0.0000 0.6515
vn -0.2394 -0.0000 -0.9709
vn -0.3522 -0.0000 0.9359
vn -0.0000 -1.0000 -0.0000
vt 0.400000 0.500000
vt 0.200000 0.500000
vt 0.000000 0.500000
vt 0.800000 0.500000
vt 0.600000 0.500000
vt 1.000000 0.500000
vt 0.750000 0.510000
vt 0.608932 0.944164
vt 0.521746 0.675836
vt 0.891068 0.944164
vt 0.978254 0.675836
s 0
usemtl Material.011
f 5606/1662/1175 5607/1663/1175 5608/1663/1175
f 5606/1662/1175 5608/1663/1175 5609/1662/1175
f 5610/1663/1176 5611/1664/1176 5612/1664/1176
f 5610/1663/1176 5612/1664/1176 5613/1663/1176
f 5614/1665/1177 5615/1666/1177 5616/1666/1177
f 5614/1665/1177 5616/1666/1177 5617/1665/1177
f 5618/1663/1178 5619/1664/1178 5620/1664/1178
f 5618/1663/1178 5620/1664/1178 5621/1663/1178
f 5622/1667/1179 5623/1665/1179 5624/1665/1179
f 5622/1667/1179 5624/1665/1179 5625/1667/1179
f 5626/1666/1180 5627/1662/1180 5628/1662/1180
f 5626/1666/1180 5628/1662/1180 5629/1666/1180
f 5630/1667/1181 5631/1665/1181 5632/1665/1181
f 5630/1667/1181 5632/1665/1181 5633/1667/1181
f 5634/1666/1182 5635/1662/1182 5636/1662/1182
f 5634/1666/1182 5636/1662/1182 5637/1666/1182
f 5638/1667/1183 5639/1665/1183 5640/1665/1183
f 5638/1667/1183 5640/1665/1183 5641/1667/1183
f 5642/1662/1184 5643/1663/1184 5644/1663/1184
f 5642/1662/1184 5644/1663/1184 5645/1662/1184
f 5646/1665/1185 5647/1666/1185 5648/1666/1185
f 5646/1665/1185 5648/1666/1185 5649/1665/1185
f 5650/1665/1185 5651/1666/1185 5652/1666/1185
f 5650/1665/1185 5652/1666/1185 5653/1665/1185
f 5654/1662/1181 5655/1663/1181 5656/1663/1181
f 5654/1662/1181 5656/1663/1181 5657/1662/1181
f 5631/1665/1181 5658/1666/1181 5659/1666/1181
f 5631/1665/1181 5659/1666/1181 5632/1665/1181
f 5655/1663/1181 5660/1664/1181 5661/1664/1181
f 5655/1663/1181 5661/1664/1181 5656/1663/1181
f 5658/1666/1181 5654/1662/1181 5657/1662/1181
f 5658/1666/1181 5657/1662/1181 5659/1666/1181
f 5662/1663/1176 5663/1664/1176 5664/1664/1176
f 5662/1663/1176 5664/1664/1176 5665/1663/1176
f 5666/1666/1182 5667/1662/1182 5668/1662/1182
f 5666/1666/1182 5668/1662/1182 5669/1666/1182
f 5670/1667/1183 5671/1665/1183 5672/1665/1183
f 5670/1667/1183 5672/1665/1183 5673/1667/1183
f 5674/1662/1184 5675/1663/1184 5676/1663/1184
f 5674/1662/1184 5676/1663/1184 5677/1662/1184
f 5678/1668/1186 5681/1669/1186 5682/1670/1186
f 5681/1669/1186 5678/1668/1186 5680/1671/1186
f 5680/1671/1186 5678/1668/1186 5679/1672/1186
o light.001_transparentwhite_0
v 1.778833 2.012359 4.371197
v 1.748940 2.015539 4.369429
v 1.775869 2.012359 4.382709
v 1.775869 2.012359 4.382709
v 1.748940 2.015539 4.369429
v 1.768805 2.012359 4.392199
v 1.768805 2.012359 4.392199
v 1.748940 2.015539 4.369429
v 1.758717 2.012359 4.398222
v 1.758717 2.012359 4.398222
v 1.748940 2.015539 4.369429
v 1.747140 2.012359 4.399862
v 1.747140 2.012359 4.399862
v 1.748940 2.015539 4.369429
v 1.735838 2.012359 4.396869
v 1.735838 2.012359 4.396869
v 1.748940 2.015539 4.369429
v 1.726530 2.012359 4.389699
v 1.726530 2.012359 4.389699
v 1.748940 2.015539 4.369429
v 1.720634 2.012359 4.379442
v 1.720634 2.012359 4.379442
v 1.748940 2.015539 4.369429
v 1.719047 2.012359 4.367661
v 1.719047 2.012359 4.367661
v 1.748940 2.015539 4.369429
v 1.722011 2.012359 4.356150
v 1.722011 2.012359 4.356150
v 1.748940 2.015539 4.369429
v 1.729075 2.012359 4.346660
v 1.729075 2.012359 4.346660
v 1.748940 2.015539 4.369429
v 1.739163 2.012359 4.340636
v 1.739163 2.012359 4.340636
v 1.748940 2.015539 4.369429
v 1.750740 2.012359 4.338996
v 1.750740 2.012359 4.338996
v 1.748940 2.015539 4.369429
v 1.762043 2.012359 4.341990
v 1.762043 2.012359 4.341990
v 1.748940 2.015539 4.369429
v 1.771350 2.012359 4.349160
v 1.771350 2.012359 4.349160
v 1.748940 2.015539 4.369429
v 1.777246 2.012359 4.359416
v 1.777246 2.012359 4.359416
v 1.748940 2.015539 4.369429
v 1.778833 2.012359 4.371197
v 1.807578 2.002939 4.372897
v 1.778833 2.012359 4.371197
v 1.775869 2.012359 4.382709
v 1.801763 2.002939 4.395478
v 1.881895 1.786656 4.377292
v 1.899223 1.817709 4.378316
v 1.884321 1.817709 4.436189
v 1.868711 1.786656 4.428492
v 1.834068 1.987642 4.374464
v 1.807578 2.002939 4.372897
v 1.801763 2.002939 4.395478
v 1.825627 1.987642 4.407246
v 1.857288 1.967055 4.375836
v 1.834068 1.987642 4.374464
v 1.825627 1.987642 4.407246
v 1.846544 1.967055 4.417561
v 1.876344 1.941970 4.376964
v 1.857288 1.967055 4.375836
v 1.846544 1.967055 4.417561
v 1.863710 1.941970 4.426025
v 1.890503 1.913352 4.377801
v 1.876344 1.941970 4.376964
v 1.863710 1.941970 4.426025
v 1.876466 1.913352 4.432315
v 1.899223 1.882298 4.378316
v 1.890503 1.913352 4.377801
v 1.876466 1.913352 4.432315
v 1.884321 1.882298 4.436189
v 1.902167 1.850004 4.378490
v 1.899223 1.882298 4.378316
v 1.884321 1.882298 4.436189
v 1.886973 1.850004 4.437497
v 1.899223 1.817709 4.378316
v 1.902167 1.850004 4.378490
v 1.886973 1.850004 4.437497
v 1.884321 1.817709 4.436189
v 1.886973 1.850004 4.437497
v 1.884321 1.882298 4.436189
v 1.848808 1.882298 4.483898
v 1.850765 1.850004 4.486141
v 1.884321 1.817709 4.436189
v 1.886973 1.850004 4.437497
v 1.850765 1.850004 4.486141
v 1.848808 1.817709 4.483898
v 1.801763 2.002939 4.395478
v 1.775869 2.012359 4.382709
v 1.768805 2.012359 4.392199
v 1.787907 2.002939 4.414093
v 1.868711 1.786656 4.428492
v 1.884321 1.817709 4.436189
v 1.848808 1.817709 4.483898
v 1.837294 1.786656 4.470700
v 1.825627 1.987642 4.407246
v 1.801763 2.002939 4.395478
v 1.787907 2.002939 4.414093
v 1.805511 1.987642 4.434270
v 1.846544 1.967055 4.417561
v 1.825627 1.987642 4.407246
v 1.805511 1.987642 4.434270
v 1.820941 1.967055 4.451957
v 1.863710 1.941970 4.426025
v 1.846544 1.967055 4.417561
v 1.820941 1.967055 4.451957
v 1.833604 1.941970 4.466471
v 1.876466 1.913352 4.432315
v 1.863710 1.941970 4.426025
v 1.833604 1.941970 4.466471
v 1.843014 1.913352 4.477256
v 1.884321 1.882298 4.436189
v 1.876466 1.913352 4.432315
v 1.843014 1.913352 4.477256
v 1.848808 1.882298 4.483898
v 1.833604 1.941970 4.466471
v 1.820941 1.967055 4.451957
v 1.784377 1.967055 4.473789
v 1.790609 1.941970 4.492143
v 1.843014 1.913352 4.477256
v 1.833604 1.941970 4.466471
v 1.790609 1.941970 4.492143
v 1.795240 1.913352 4.505782
v 1.848808 1.882298 4.483898
v 1.843014 1.913352 4.477256
v 1.795240 1.913352 4.505782
v 1.798092 1.882298 4.514180
v 1.850765 1.850004 4.486141
v 1.848808 1.882298 4.483898
v 1.798092 1.882298 4.514180
v 1.799055 1.850004 4.517016
v 1.848808 1.817709 4.483898
v 1.850765 1.850004 4.486141
v 1.799055 1.850004 4.517016
v 1.798092 1.817709 4.514180
v 1.787907 2.002939 4.414093
v 1.768805 2.012359 4.392199
v 1.758717 2.012359 4.398222
v 1.768118 2.002939 4.425908
v 1.837294 1.786656 4.470700
v 1.848808 1.817709 4.483898
v 1.798092 1.817709 4.514180
v 1.792425 1.786656 4.497490
v 1.805511 1.987642 4.434270
v 1.787907 2.002939 4.414093
v 1.768118 2.002939 4.425908
v 1.776782 1.987642 4.451424
v 1.820941 1.967055 4.451957
v 1.805511 1.987642 4.434270
v 1.776782 1.987642 4.451424
v 1.784377 1.967055 4.473789
v 1.798092 1.817709 4.514180
v 1.799055 1.850004 4.517016
v 1.739715 1.850004 4.525423
v 1.739892 1.817709 4.522425
v 1.768118 2.002939 4.425908
v 1.758717 2.012359 4.398222
v 1.747140 2.012359 4.399862
v 1.745410 2.002939 4.429125
v 1.792425 1.786656 4.497490
v 1.798092 1.817709 4.514180
v 1.739892 1.817709 4.522425
v 1.740936 1.786656 4.504785
v 1.776782 1.987642 4.451424
v 1.768118 2.002939 4.425908
v 1.745410 2.002939 4.429125
v 1.743815 1.987642 4.456095
v 1.784377 1.967055 4.473789
v 1.776782 1.987642 4.451424
v 1.743815 1.987642 4.456095
v 1.742417 1.967055 4.479733
v 1.790609 1.941970 4.492143
v 1.784377 1.967055 4.473789
v 1.742417 1.967055 4.479733
v 1.741270 1.941970 4.499133
v 1.795240 1.913352 4.505782
v 1.790609 1.941970 4.492143
v 1.741270 1.941970 4.499133
v 1.740417 1.913352 4.513548
v 1.798092 1.882298 4.514180
v 1.795240 1.913352 4.505782
v 1.740417 1.913352 4.513548
v 1.739892 1.882298 4.522425
v 1.799055 1.850004 4.517016
v 1.798092 1.882298 4.514180
v 1.739892 1.882298 4.522425
v 1.739715 1.850004 4.525423
v 1.740417 1.913352 4.513548
v 1.741270 1.941970 4.499133
v 1.693099 1.941970 4.486377
v 1.686892 1.913352 4.499374
v 1.739892 1.882298 4.522425
v 1.740417 1.913352 4.513548
v 1.686892 1.913352 4.499374
v 1.683070 1.882298 4.507378
v 1.739715 1.850004 4.525423
v 1.739892 1.882298 4.522425
v 1.683070 1.882298 4.507378
v 1.681780 1.850004 4.510081
v 1.739892 1.817709 4.522425
v 1.739715 1.850004 4.525423
v 1.681780 1.850004 4.510081
v 1.683070 1.817709 4.507378
v 1.745410 2.002939 4.429125
v 1.747140 2.012359 4.399862
v 1.735838 2.012359 4.396869
v 1.723239 2.002939 4.423254
v 1.740936 1.786656 4.504785
v 1.739892 1.817709 4.522425
v 1.683070 1.817709 4.507378
v 1.690665 1.786656 4.491473
v 1.743815 1.987642 4.456095
v 1.745410 2.002939 4.429125
v 1.723239 2.002939 4.423254
v 1.711628 1.987642 4.447571
v 1.742417 1.967055 4.479733
v 1.743815 1.987642 4.456095
v 1.711628 1.987642 4.447571
v 1.701451 1.967055 4.468885
v 1.741270 1.941970 4.499133
v 1.742417 1.967055 4.479733
v 1.701451 1.967055 4.468885
v 1.693099 1.941970 4.486377
v 1.723239 2.002939 4.423254
v 1.735838 2.012359 4.396869
v 1.726530 2.012359 4.389699
v 1.704981 2.002939 4.409189
v 1.690665 1.786656 4.491473
v 1.683070 1.817709 4.507378
v 1.636277 1.817709 4.471330
v 1.649267 1.786656 4.459580
v 1.711628 1.987642 4.447571
v 1.723239 2.002939 4.423254
v 1.704981 2.002939 4.409189
v 1.685121 1.987642 4.427151
v 1.701451 1.967055 4.468885
v 1.711628 1.987642 4.447571
v 1.685121 1.987642 4.427151
v 1.667714 1.967055 4.442895
v 1.693099 1.941970 4.486377
v 1.701451 1.967055 4.468885
v 1.667714 1.967055 4.442895
v 1.653429 1.941970 4.455816
v 1.686892 1.913352 4.499374
v 1.693099 1.941970 4.486377
v 1.653429 1.941970 4.455816
v 1.642813 1.913352 4.465417
v 1.683070 1.882298 4.507378
v 1.686892 1.913352 4.499374
v 1.642813 1.913352 4.465417
v 1.636277 1.882298 4.471330
v 1.681780 1.850004 4.510081
v 1.683070 1.882298 4.507378
v 1.636277 1.882298 4.471330
v 1.634069 1.850004 4.473326
v 1.683070 1.817709 4.507378
v 1.681780 1.850004 4.510081
v 1.634069 1.850004 4.473326
v 1.636277 1.817709 4.471330
v 1.642813 1.913352 4.465417
v 1.653429 1.941970 4.455816
v 1.628299 1.941970 4.412104
v 1.614891 1.913352 4.416847
v 1.636277 1.882298 4.471330
v 1.642813 1.913352 4.465417
v 1.614891 1.913352 4.416847
v 1.606635 1.882298 4.419767
v 1.634069 1.850004 4.473326
v 1.636277 1.882298 4.471330
v 1.606635 1.882298 4.419767
v 1.603847 1.850004 4.420753
v 1.636277 1.817709 4.471330
v 1.634069 1.850004 4.473326
v 1.603847 1.850004 4.420753
v 1.606635 1.817709 4.419767
v 1.704981 2.002939 4.409189
v 1.726530 2.012359 4.389699
v 1.720634 2.012359 4.379442
v 1.693415 2.002939 4.389070
v 1.649267 1.786656 4.459580
v 1.636277 1.817709 4.471330
v 1.606635 1.817709 4.419767
v 1.623043 1.786656 4.413963
v 1.685121 1.987642 4.427151
v 1.704981 2.002939 4.409189
v 1.693415 2.002939 4.389070
v 1.668331 1.987642 4.397943
v 1.667714 1.967055 4.442895
v 1.685121 1.987642 4.427151
v 1.668331 1.987642 4.397943
v 1.646344 1.967055 4.405721
v 1.653429 1.941970 4.455816
v 1.667714 1.967055 4.442895
v 1.646344 1.967055 4.405721
v 1.628299 1.941970 4.412104
v 1.623043 1.786656 4.413963
v 1.606635 1.817709 4.419767
v 1.598658 1.817709 4.360542
v 1.615985 1.786656 4.361567
v 1.668331 1.987642 4.397943
v 1.693415 2.002939 4.389070
v 1.690303 2.002939 4.365962
v 1.663812 1.987642 4.364395
v 1.646344 1.967055 4.405721
v 1.668331 1.987642 4.397943
v 1.663812 1.987642 4.364395
v 1.640592 1.967055 4.363022
v 1.628299 1.941970 4.412104
v 1.646344 1.967055 4.405721
v 1.640592 1.967055 4.363022
v 1.621537 1.941970 4.361895
v 1.614891 1.913352 4.416847
v 1.628299 1.941970 4.412104
v 1.621537 1.941970 4.361895
v 1.607377 1.913352 4.361057
v 1.606635 1.882298 4.419767
v 1.614891 1.913352 4.416847
v 1.607377 1.913352 4.361057
v 1.598658 1.882298 4.360542
v 1.603847 1.850004 4.420753
v 1.606635 1.882298 4.419767
v 1.598658 1.882298 4.360542
v 1.595713 1.850004 4.360368
v 1.606635 1.817709 4.419767
v 1.603847 1.850004 4.420753
v 1.595713 1.850004 4.360368
v 1.598658 1.817709 4.360542
v 1.693415 2.002939 4.389070
v 1.720634 2.012359 4.379442
v 1.719047 2.012359 4.367661
v 1.690303 2.002939 4.365962
v 1.598658 1.882298 4.360542
v 1.607377 1.913352 4.361057
v 1.621414 1.913352 4.306542
v 1.613560 1.882298 4.302669
v 1.595713 1.850004 4.360368
v 1.598658 1.882298 4.360542
v 1.613560 1.882298 4.302669
v 1.610907 1.850004 4.301361
v 1.598658 1.817709 4.360542
v 1.595713 1.850004 4.360368
v 1.610907 1.850004 4.301361
v 1.613560 1.817709 4.302669
v 1.690303 2.002939 4.365962
v 1.719047 2.012359 4.367661
v 1.722011 2.012359 4.356150
v 1.696117 2.002939 4.343380
v 1.615985 1.786656 4.361567
v 1.598658 1.817709 4.360542
v 1.613560 1.817709 4.302669
v 1.629169 1.786656 4.310367
v 1.663812 1.987642 4.364395
v 1.690303 2.002939 4.365962
v 1.696117 2.002939 4.343380
v 1.672253 1.987642 4.331613
v 1.640592 1.967055 4.363022
v 1.663812 1.987642 4.364395
v 1.672253 1.987642 4.331613
v 1.651336 1.967055 4.321298
v 1.621537 1.941970 4.361895
v 1.640592 1.967055 4.363022
v 1.651336 1.967055 4.321298
v 1.634170 1.941970 4.312833
v 1.607377 1.913352 4.361057
v 1.621537 1.941970 4.361895
v 1.634170 1.941970 4.312833
v 1.621414 1.913352 4.306542
v 1.672253 1.987642 4.331613
v 1.696117 2.002939 4.343380
v 1.709974 2.002939 4.324766
v 1.692369 1.987642 4.304588
v 1.651336 1.967055 4.321298
v 1.672253 1.987642 4.331613
v 1.692369 1.987642 4.304588
v 1.676939 1.967055 4.286901
v 1.634170 1.941970 4.312833
v 1.651336 1.967055 4.321298
v 1.676939 1.967055 4.286901
v 1.664276 1.941970 4.272387
v 1.621414 1.913352 4.306542
v 1.634170 1.941970 4.312833
v 1.664276 1.941970 4.272387
v 1.654866 1.913352 4.261602
v 1.613560 1.882298 4.302669
v 1.621414 1.913352 4.306542
v 1.654866 1.913352 4.261602
v 1.649072 1.882298 4.254960
v 1.610907 1.850004 4.301361
v 1.613560 1.882298 4.302669
v 1.649072 1.882298 4.254960
v 1.647116 1.850004 4.252717
v 1.613560 1.817709 4.302669
v 1.610907 1.850004 4.301361
v 1.647116 1.850004 4.252717
v 1.649072 1.817709 4.254960
v 1.696117 2.002939 4.343380
v 1.722011 2.012359 4.356150
v 1.729075 2.012359 4.346660
v 1.709974 2.002939 4.324766
v 1.629169 1.786656 4.310367
v 1.613560 1.817709 4.302669
v 1.649072 1.817709 4.254960
v 1.660587 1.786656 4.268158
v 1.649072 1.882298 4.254960
v 1.654866 1.913352 4.261602
v 1.702640 1.913352 4.233077
v 1.699789 1.882298 4.224678
v 1.647116 1.850004 4.252717
v 1.649072 1.882298 4.254960
v 1.699789 1.882298 4.224678
v 1.698826 1.850004 4.221842
v 1.649072 1.817709 4.254960
v 1.647116 1.850004 4.252717
v 1.698826 1.850004 4.221842
v 1.699789 1.817709 4.224678
v 1.709974 2.002939 4.324766
v 1.729075 2.012359 4.346660
v 1.739163 2.012359 4.340636
v 1.729762 2.002939 4.312950
v 1.660587 1.786656 4.268158
v 1.649072 1.817709 4.254960
v 1.699789 1.817709 4.224678
v 1.705456 1.786656 4.241368
v 1.692369 1.987642 4.304588
v 1.709974 2.002939 4.324766
v 1.729762 2.002939 4.312950
v 1.721098 1.987642 4.287434
v 1.676939 1.967055 4.286901
v 1.692369 1.987642 4.304588
v 1.721098 1.987642 4.287434
v 1.713504 1.967055 4.265069
v 1.664276 1.941970 4.272387
v 1.676939 1.967055 4.286901
v 1.713504 1.967055 4.265069
v 1.707272 1.941970 4.246715
v 1.654866 1.913352 4.261602
v 1.664276 1.941970 4.272387
v 1.707272 1.941970 4.246715
v 1.702640 1.913352 4.233077
v 1.713504 1.967055 4.265069
v 1.721098 1.987642 4.287434
v 1.754065 1.987642 4.282764
v 1.755463 1.967055 4.259125
v 1.707272 1.941970 4.246715
v 1.713504 1.967055 4.265069
v 1.755463 1.967055 4.259125
v 1.756611 1.941970 4.239725
v 1.702640 1.913352 4.233077
v 1.707272 1.941970 4.246715
v 1.756611 1.941970 4.239725
v 1.757463 1.913352 4.225310
v 1.699789 1.882298 4.224678
v 1.702640 1.913352 4.233077
v 1.757463 1.913352 4.225310
v 1.757988 1.882298 4.216433
v 1.698826 1.850004 4.221842
v 1.699789 1.882298 4.224678
v 1.757988 1.882298 4.216433
v 1.758165 1.850004 4.213436
v 1.699789 1.817709 4.224678
v 1.698826 1.850004 4.221842
v 1.758165 1.850004 4.213436
v 1.757988 1.817709 4.216433
v 1.729762 2.002939 4.312950
v 1.739163 2.012359 4.340636
v 1.750740 2.012359 4.338996
v 1.752470 2.002939 4.309733
v 1.705456 1.786656 4.241368
v 1.699789 1.817709 4.224678
v 1.757988 1.817709 4.216433
v 1.756945 1.786656 4.234074
v 1.721098 1.987642 4.287434
v 1.729762 2.002939 4.312950
v 1.752470 2.002939 4.309733
v 1.754065 1.987642 4.282764
v 1.758165 1.850004 4.213436
v 1.757988 1.882298 4.216433
v 1.814810 1.882298 4.231480
v 1.816100 1.850004 4.228777
v 1.757988 1.817709 4.216433
v 1.758165 1.850004 4.213436
v 1.816100 1.850004 4.228777
v 1.814810 1.817709 4.231480
v 1.752470 2.002939 4.309733
v 1.750740 2.012359 4.338996
v 1.762043 2.012359 4.341990
v 1.774641 2.002939 4.315604
v 1.756945 1.786656 4.234074
v 1.757988 1.817709 4.216433
v 1.814810 1.817709 4.231480
v 1.807215 1.786656 4.247386
v 1.754065 1.987642 4.282764
v 1.752470 2.002939 4.309733
v 1.774641 2.002939 4.315604
v 1.786252 1.987642 4.291287
v 1.755463 1.967055 4.259125
v 1.754065 1.987642 4.282764
v 1.786252 1.987642 4.291287
v 1.796430 1.967055 4.269973
v 1.756611 1.941970 4.239725
v 1.755463 1.967055 4.259125
v 1.796430 1.967055 4.269973
v 1.804782 1.941970 4.252481
v 1.757463 1.913352 4.225310
v 1.756611 1.941970 4.239725
v 1.804782 1.941970 4.252481
v 1.810988 1.913352 4.239484
v 1.757988 1.882298 4.216433
v 1.757463 1.913352 4.225310
v 1.810988 1.913352 4.239484
v 1.814810 1.882298 4.231480
v 1.804782 1.941970 4.252481
v 1.796430 1.967055 4.269973
v 1.830166 1.967055 4.295963
v 1.844452 1.941970 4.283042
v 1.810988 1.913352 4.239484
v 1.804782 1.941970 4.252481
v 1.844452 1.941970 4.283042
v 1.855067 1.913352 4.273441
v 1.814810 1.882298 4.231480
v 1.810988 1.913352 4.239484
v 1.855067 1.913352 4.273441
v 1.861604 1.882298 4.267529
v 1.816100 1.850004 4.228777
v 1.814810 1.882298 4.231480
v 1.861604 1.882298 4.267529
v 1.863811 1.850004 4.265532
v 1.814810 1.817709 4.231480
v 1.816100 1.850004 4.228777
v 1.863811 1.850004 4.265532
v 1.861604 1.817709 4.267529
v 1.774641 2.002939 4.315604
v 1.762043 2.012359 4.341990
v 1.771350 2.012359 4.349160
v 1.792899 2.002939 4.329669
v 1.807215 1.786656 4.247386
v 1.814810 1.817709 4.231480
v 1.861604 1.817709 4.267529
v 1.848614 1.786656 4.279278
v 1.786252 1.987642 4.291287
v 1.774641 2.002939 4.315604
v 1.792899 2.002939 4.329669
v 1.812759 1.987642 4.311707
v 1.796430 1.967055 4.269973
v 1.786252 1.987642 4.291287
v 1.812759 1.987642 4.311707
v 1.830166 1.967055 4.295963
v 1.861604 1.817709 4.267529
v 1.863811 1.850004 4.265532
v 1.894034 1.850004 4.318105
v 1.891246 1.817709 4.319091
v 1.792899 2.002939 4.329669
v 1.771350 2.012359 4.349160
v 1.777246 2.012359 4.359416
v 1.804465 2.002939 4.349788
v 1.848614 1.786656 4.279278
v 1.861604 1.817709 4.267529
v 1.891246 1.817709 4.319091
v 1.874838 1.786656 4.324895
v 1.812759 1.987642 4.311707
v 1.792899 2.002939 4.329669
v 1.804465 2.002939 4.349788
v 1.829550 1.987642 4.340915
v 1.830166 1.967055 4.295963
v 1.812759 1.987642 4.311707
v 1.829550 1.987642 4.340915
v 1.851537 1.967055 4.333138
v 1.844452 1.941970 4.283042
v 1.830166 1.967055 4.295963
v 1.851537 1.967055 4.333138
v 1.869581 1.941970 4.326755
v 1.855067 1.913352 4.273441
v 1.844452 1.941970 4.283042
v 1.869581 1.941970 4.326755
v 1.882989 1.913352 4.322011
v 1.861604 1.882298 4.267529
v 1.855067 1.913352 4.273441
v 1.882989 1.913352 4.322011
v 1.891246 1.882298 4.319091
v 1.863811 1.850004 4.265532
v 1.861604 1.882298 4.267529
v 1.891246 1.882298 4.319091
v 1.894034 1.850004 4.318105
v 1.869581 1.941970 4.326755
v 1.851537 1.967055 4.333138
v 1.857288 1.967055 4.375836
v 1.876344 1.941970 4.376964
v 1.882989 1.913352 4.322011
v 1.869581 1.941970 4.326755
v 1.876344 1.941970 4.376964
v 1.890503 1.913352 4.377801
v 1.891246 1.882298 4.319091
v 1.882989 1.913352 4.322011
v 1.890503 1.913352 4.377801
v 1.899223 1.882298 4.378316
v 1.894034 1.850004 4.318105
v 1.891246 1.882298 4.319091
v 1.899223 1.882298 4.378316
v 1.902167 1.850004 4.378490
v 1.891246 1.817709 4.319091
v 1.894034 1.850004 4.318105
v 1.902167 1.850004 4.378490
v 1.899223 1.817709 4.378316
v 1.804465 2.002939 4.349788
v 1.777246 2.012359 4.359416
v 1.778833 2.012359 4.371197
v 1.807578 2.002939 4.372897
v 1.874838 1.786656 4.324895
v 1.891246 1.817709 4.319091
v 1.899223 1.817709 4.378316
v 1.881895 1.786656 4.377292
v 1.829550 1.987642 4.340915
v 1.804465 2.002939 4.349788
v 1.807578 2.002939 4.372897
v 1.834068 1.987642 4.374464
v 1.851537 1.967055 4.333138
v 1.829550 1.987642 4.340915
v 1.834068 1.987642 4.374464
v 1.857288 1.967055 4.375836
vn 0.1042 0.9942 0.0268
vn 0.0859 0.9942 0.0639
vn 0.0545 0.9943 0.0913
vn 0.0148 0.9944 0.1048
vn -0.0271 0.9944 0.1023
vn -0.0649 0.9943 0.0843
vn -0.0928 0.9942 0.0534
vn -0.1066 0.9942 0.0144
vn -0.1042 0.9942 -0.0268
vn -0.0859 0.9942 -0.0639
vn -0.0545 0.9943 -0.0913
vn -0.0148 0.9944 -0.1048
vn 0.0271 0.9944 -0.1023
vn 0.0649 0.9943 -0.0843
vn 0.0928 0.9942 -0.0534
vn 0.1066 0.9942 -0.0144
vn 0.3062 0.9487 0.0789
vn 0.8490 -0.4810 0.2186
vn 0.4904 0.8623 0.1263
vn 0.6485 0.7426 0.1670
vn 0.7759 0.5984 0.1998
vn 0.8708 0.4374 0.2242
vn 0.9335 0.2661 0.2404
vn 0.9645 0.0893 0.2484
vn 0.9645 -0.0893 0.2484
vn 0.7989 0.0897 0.5947
vn 0.7989 -0.0897 0.5947
vn 0.2526 0.9491 0.1880
vn 0.7025 -0.4827 0.5229
vn 0.4048 0.8633 0.3013
vn 0.5358 0.7442 0.3988
vn 0.6416 0.6002 0.4776
vn 0.7207 0.4391 0.5365
vn 0.7207 0.4391 0.5364
vn 0.7730 0.2673 0.5754
vn 0.4090 0.6029 0.6850
vn 0.4600 0.4416 0.7704
vn 0.4938 0.2690 0.8269
vn 0.5106 0.0903 0.8551
vn 0.5106 -0.0903 0.8551
vn 0.1604 0.9498 0.2687
vn 0.4482 -0.4853 0.7507
vn 0.2574 0.8648 0.4311
vn 0.3411 0.7465 0.5713
vn 0.1397 -0.0908 0.9860
vn 0.0437 0.9502 0.3085
vn 0.1225 -0.4871 0.8647
vn 0.0702 0.8659 0.4953
vn 0.0931 0.7481 0.6570
vn 0.1117 0.6047 0.7886
vn 0.1257 0.4433 0.8875
vn 0.1351 0.2702 0.9533
vn 0.1397 0.0908 0.9860
vn -0.2295 0.4433 0.8665
vn -0.2465 0.2702 0.9307
vn -0.2549 0.0908 0.9627
vn -0.2549 -0.0908 0.9627
vn -0.2549 -0.0907 0.9627
vn -0.0798 0.9502 0.3012
vn -0.2236 -0.4871 0.8442
vn -0.1281 0.8659 0.4836
vn -0.1699 0.7481 0.6415
vn -0.2039 0.6047 0.7699
vn -0.1910 0.9498 0.2479
vn -0.5336 -0.4853 0.6927
vn -0.3064 0.8648 0.3977
vn -0.4061 0.7465 0.5271
vn -0.4869 0.6029 0.6320
vn -0.5476 0.4416 0.7108
vn -0.5878 0.2690 0.7630
vn -0.6078 0.0903 0.7890
vn -0.6078 0.0903 0.7889
vn -0.6078 -0.0903 0.7890
vn -0.6078 -0.0903 0.7889
vn -0.7789 0.4391 0.4478
vn -0.8354 0.2673 0.4803
vn -0.8635 0.0897 0.4964
vn -0.8635 -0.0897 0.4964
vn -0.2730 0.9491 0.1569
vn -0.7592 -0.4827 0.4365
vn -0.4375 0.8633 0.2515
vn -0.5791 0.7442 0.3329
vn -0.6934 0.6002 0.3986
vn -0.8689 -0.4810 0.1170
vn -0.5019 0.8623 0.0676
vn -0.6637 0.7426 0.0894
vn -0.7940 0.5984 0.1069
vn -0.8912 0.4374 0.1200
vn -0.9553 0.2661 0.1287
vn -0.9871 0.0893 0.1330
vn -0.9871 -0.0893 0.1330
vn -0.3134 0.9487 0.0422
vn -0.9335 0.2661 -0.2404
vn -0.9645 0.0893 -0.2484
vn -0.9645 -0.0893 -0.2484
vn -0.3062 0.9487 -0.0789
vn -0.8490 -0.4810 -0.2186
vn -0.4904 0.8623 -0.1263
vn -0.6485 0.7426 -0.1670
vn -0.7759 0.5984 -0.1998
vn -0.8708 0.4374 -0.2242
vn -0.4048 0.8633 -0.3013
vn -0.5358 0.7442 -0.3988
vn -0.6416 0.6002 -0.4776
vn -0.7207 0.4391 -0.5364
vn -0.7207 0.4391 -0.5365
vn -0.7730 0.2673 -0.5754
vn -0.7989 0.0897 -0.5947
vn -0.7989 -0.0897 -0.5947
vn -0.2526 0.9491 -0.1880
vn -0.7025 -0.4827 -0.5229
vn -0.4938 0.2690 -0.8269
vn -0.5106 0.0903 -0.8551
vn -0.5106 -0.0903 -0.8551
vn -0.1604 0.9498 -0.2687
vn -0.4482 -0.4853 -0.7507
vn -0.2574 0.8648 -0.4311
vn -0.3411 0.7465 -0.5713
vn -0.4090 0.6029 -0.6850
vn -0.4600 0.4416 -0.7704
vn -0.0931 0.7481 -0.6570
vn -0.1117 0.6047 -0.7886
vn -0.1257 0.4433 -0.8875
vn -0.1351 0.2702 -0.9533
vn -0.1397 0.0908 -0.9860
vn -0.1397 -0.0908 -0.9860
vn -0.0437 0.9502 -0.3085
vn -0.1225 -0.4871 -0.8647
vn -0.0702 0.8659 -0.4953
vn 0.2549 0.0908 -0.9627
vn 0.2549 -0.0908 -0.9627
vn 0.0798 0.9502 -0.3012
vn 0.2236 -0.4871 -0.8442
vn 0.1281 0.8659 -0.4836
vn 0.1699 0.7481 -0.6415
vn 0.2039 0.6047 -0.7699
vn 0.2295 0.4433 -0.8665
vn 0.2465 0.2702 -0.9307
vn 0.4869 0.6029 -0.6320
vn 0.5476 0.4416 -0.7108
vn 0.5878 0.2690 -0.7630
vn 0.6078 0.0903 -0.7889
vn 0.6078 -0.0903 -0.7889
vn 0.6078 -0.0903 -0.7890
vn 0.1910 0.9498 -0.2479
vn 0.5336 -0.4853 -0.6927
vn 0.3064 0.8648 -0.3977
vn 0.4061 0.7465 -0.5271
vn 0.8635 -0.0897 -0.4964
vn 0.2730 0.9491 -0.1569
vn 0.7592 -0.4827 -0.4365
vn 0.4375 0.8633 -0.2515
vn 0.5791 0.7442 -0.3329
vn 0.6934 0.6002 -0.3986
vn 0.7789 0.4391 -0.4478
vn 0.8354 0.2673 -0.4803
vn 0.8635 0.0897 -0.4964
vn 0.7940 0.5984 -0.1069
vn 0.7940 0.5984 -0.1070
vn 0.8912 0.4374 -0.1200
vn 0.9553 0.2661 -0.1287
vn 0.9871 0.0893 -0.1330
vn 0.9871 -0.0893 -0.1330
vn 0.3134 0.9487 -0.0422
vn 0.8689 -0.4810 -0.1170
vn 0.5019 0.8623 -0.0676
vn 0.6637 0.7426 -0.0894
vt 0.750000 0.062500
vt 0.718750 0.000000
vt 0.687500 0.062500
vt 0.656250 0.000000
vt 0.625000 0.062500
vt 0.593750 0.000000
vt 0.562500 0.062500
vt 0.531250 0.000000
vt 0.500000 0.062500
vt 0.468750 0.000000
vt 0.437500 0.062500
vt 0.406250 0.000000
vt 0.375000 0.062500
vt 0.343750 0.000000
vt 0.312500 0.062500
vt 0.281250 0.000000
vt 0.250000 0.062500
vt 0.218750 0.000000
vt 0.187500 0.062500
vt 0.156250 0.000000
vt 0.125000 0.062500
vt 0.093750 0.000000
vt 0.062500 0.062500
vt 0.031250 0.000000
vt 0.000000 0.062500
vt 1.000000 0.062500
vt 0.968750 0.000000
vt 0.937500 0.062500
vt 0.906250 0.000000
vt 0.875000 0.062500
vt 0.843750 0.000000
vt 0.812500 0.062500
vt 0.781250 0.000000
vt 0.750000 0.125000
vt 0.687500 0.125000
vt 0.750000 0.625000
vt 0.750000 0.562500
vt 0.687500 0.562500
vt 0.687500 0.625000
vt 0.750000 0.187500
vt 0.687500 0.187500
vt 0.750000 0.250000
vt 0.687500 0.250000
vt 0.750000 0.312500
vt 0.687500 0.312500
vt 0.750000 0.375000
vt 0.687500 0.375000
vt 0.750000 0.437500
vt 0.687500 0.437500
vt 0.750000 0.500000
vt 0.687500 0.500000
vt 0.625000 0.437500
vt 0.625000 0.500000
vt 0.625000 0.562500
vt 0.625000 0.125000
vt 0.625000 0.625000
vt 0.625000 0.187500
vt 0.625000 0.250000
vt 0.625000 0.312500
vt 0.625000 0.375000
vt 0.562500 0.250000
vt 0.562500 0.312500
vt 0.562500 0.375000
vt 0.562500 0.437500
vt 0.562500 0.500000
vt 0.562500 0.562500
vt 0.562500 0.125000
vt 0.562500 0.625000
vt 0.562500 0.187500
vt 0.500000 0.500000
vt 0.500000 0.562500
vt 0.500000 0.125000
vt 0.500000 0.625000
vt 0.500000 0.187500
vt 0.500000 0.250000
vt 0.500000 0.312500
vt 0.500000 0.375000
vt 0.500000 0.437500
vt 0.437500 0.312500
vt 0.437500 0.375000
vt 0.437500 0.437500
vt 0.437500 0.500000
vt 0.437500 0.562500
vt 0.437500 0.125000
vt 0.437500 0.625000
vt 0.437500 0.187500
vt 0.437500 0.250000
vt 0.375000 0.125000
vt 0.375000 0.562500
vt 0.375000 0.625000
vt 0.375000 0.187500
vt 0.375000 0.250000
vt 0.375000 0.312500
vt 0.375000 0.375000
vt 0.375000 0.437500
vt 0.375000 0.500000
vt 0.312500 0.312500
vt 0.312500 0.375000
vt 0.312500 0.437500
vt 0.312500 0.500000
vt 0.312500 0.562500
vt 0.312500 0.125000
vt 0.312500 0.625000
vt 0.312500 0.187500
vt 0.312500 0.250000
vt 0.250000 0.562500
vt 0.250000 0.625000
vt 0.250000 0.125000
vt 0.250000 0.187500
vt 0.250000 0.250000
vt 0.250000 0.312500
vt 0.250000 0.375000
vt 0.250000 0.437500
vt 0.250000 0.500000
vt 0.187500 0.375000
vt 0.187500 0.437500
vt 0.187500 0.500000
vt 0.187500 0.562500
vt 0.187500 0.125000
vt 0.187500 0.625000
vt 0.187500 0.187500
vt 0.187500 0.250000
vt 0.187500 0.312500
vt 0.125000 0.125000
vt 0.125000 0.187500
vt 0.125000 0.250000
vt 0.125000 0.312500
vt 0.125000 0.375000
vt 0.125000 0.437500
vt 0.125000 0.500000
vt 0.125000 0.562500
vt 0.125000 0.625000
vt 0.062500 0.375000
vt 0.062500 0.437500
vt 0.062500 0.500000
vt 0.062500 0.562500
vt 0.062500 0.125000
vt 0.062500 0.625000
vt 0.062500 0.187500
vt 0.062500 0.250000
vt 0.062500 0.312500
vt 0.000000 0.187500
vt 0.000000 0.250000
vt 0.000000 0.312500
vt 0.000000 0.375000
vt 0.000000 0.437500
vt 0.000000 0.500000
vt 0.000000 0.562500
vt 0.000000 0.125000
vt 0.000000 0.625000
vt 1.000000 0.500000
vt 1.000000 0.437500
vt 0.937500 0.437500
vt 0.937500 0.500000
vt 1.000000 0.562500
vt 0.937500 0.562500
vt 1.000000 0.125000
vt 0.937500 0.125000
vt 1.000000 0.625000
vt 0.937500 0.625000
vt 1.000000 0.187500
vt 0.937500 0.187500
vt 1.000000 0.250000
vt 0.937500 0.250000
vt 1.000000 0.312500
vt 0.937500 0.312500
vt 1.000000 0.375000
vt 0.937500 0.375000
vt 0.875000 0.250000
vt 0.875000 0.312500
vt 0.875000 0.375000
vt 0.875000 0.437500
vt 0.875000 0.500000
vt 0.875000 0.562500
vt 0.875000 0.125000
vt 0.875000 0.625000
vt 0.875000 0.187500
vt 0.812500 0.500000
vt 0.812500 0.562500
vt 0.812500 0.125000
vt 0.812500 0.625000
vt 0.812500 0.187500
vt 0.812500 0.250000
vt 0.812500 0.312500
vt 0.812500 0.375000
vt 0.812500 0.437500
s 0
usemtl transparentwhite
f 5683/1673/1187 5684/1674/1187 5685/1675/1187
f 5686/1675/1188 5687/1676/1188 5688/1677/1188
f 5689/1677/1189 5690/1678/1189 5691/1679/1189
f 5692/1679/1190 5693/1680/1190 5694/1681/1190
f 5695/1681/1191 5696/1682/1191 5697/1683/1191
f 5698/1683/1192 5699/1684/1192 5700/1685/1192
f 5701/1685/1193 5702/1686/1193 5703/1687/1193
f 5704/1687/1194 5705/1688/1194 5706/1689/1194
f 5707/1689/1195 5708/1690/1195 5709/1691/1195
f 5710/1691/1196 5711/1692/1196 5712/1693/1196
f 5713/1693/1197 5714/1694/1197 5715/1695/1197
f 5716/1695/1198 5717/1696/1198 5718/1697/1198
f 5719/1698/1199 5720/1699/1199 5721/1700/1199
f 5722/1700/1200 5723/1701/1200 5724/1702/1200
f 5725/1702/1201 5726/1703/1201 5727/1704/1201
f 5728/1704/1202 5729/1705/1202 5730/1673/1202
f 5731/1706/1203 5732/1673/1203 5733/1675/1203
f 5731/1706/1203 5733/1675/1203 5734/1707/1203
f 5735/1708/1204 5736/1709/1204 5737/1710/1204
f 5735/1708/1204 5737/1710/1204 5738/1711/1204
f 5739/1712/1205 5740/1706/1205 5741/1707/1205
f 5739/1712/1205 5741/1707/1205 5742/1713/1205
f 5743/1714/1206 5744/1712/1206 5745/1713/1206
f 5743/1714/1206 5745/1713/1206 5746/1715/1206
f 5747/1716/1207 5748/1714/1207 5749/1715/1207
f 5747/1716/1207 5749/1715/1207 5750/1717/1207
f 5751/1718/1208 5752/1716/1208 5753/1717/1208
f 5751/1718/1208 5753/1717/1208 5754/1719/1208
f 5755/1720/1209 5756/1718/1209 5757/1719/1209
f 5755/1720/1209 5757/1719/1209 5758/1721/1209
f 5759/1722/1210 5760/1720/1210 5761/1721/1210
f 5759/1722/1210 5761/1721/1210 5762/1723/1210
f 5763/1709/1211 5764/1722/1211 5765/1723/1211
f 5763/1709/1211 5765/1723/1211 5766/1710/1211
f 5767/1723/1212 5768/1721/1212 5769/1724/1212
f 5767/1723/1212 5769/1724/1212 5770/1725/1212
f 5771/1710/1213 5772/1723/1213 5773/1725/1213
f 5771/1710/1213 5773/1725/1213 5774/1726/1213
f 5775/1707/1214 5776/1675/1214 5777/1677/1214
f 5775/1707/1214 5777/1677/1214 5778/1727/1214
f 5779/1711/1215 5780/1710/1215 5781/1726/1215
f 5779/1711/1215 5781/1726/1215 5782/1728/1215
f 5783/1713/1216 5784/1707/1216 5785/1727/1216
f 5783/1713/1216 5785/1727/1216 5786/1729/1216
f 5787/1715/1217 5788/1713/1217 5789/1729/1217
f 5787/1715/1217 5789/1729/1217 5790/1730/1217
f 5791/1717/1218 5792/1715/1218 5793/1730/1218
f 5791/1717/1218 5793/1730/1218 5794/1731/1218
f 5795/1719/1219 5796/1717/1219 5797/1731/1219
f 5795/1719/1220 5797/1731/1220 5798/1732/1220
f 5799/1721/1221 5800/1719/1221 5801/1732/1221
f 5799/1721/1221 5801/1732/1221 5802/1724/1221
f 5803/1731/1222 5804/1730/1222 5805/1733/1222
f 5803/1731/1222 5805/1733/1222 5806/1734/1222
f 5807/1732/1223 5808/1731/1223 5809/1734/1223
s 1
f 5807/1732/1223 5809/1734/1223 5810/1735/1223
s 0
f 5811/1724/1224 5812/1732/1224 5813/1735/1224
f 5811/1724/1224 5813/1735/1224 5814/1736/1224
f 5815/1725/1225 5816/1724/1225 5817/1736/1225
f 5815/1725/1225 5817/1736/1225 5818/1737/1225
f 5819/1726/1226 5820/1725/1226 5821/1737/1226
f 5819/1726/1226 5821/1737/1226 5822/1738/1226
f 5823/1727/1227 5824/1677/1227 5825/1679/1227
f 5823/1727/1227 5825/1679/1227 5826/1739/1227
f 5827/1728/1228 5828/1726/1228 5829/1738/1228
f 5827/1728/1228 5829/1738/1228 5830/1740/1228
f 5831/1729/1229 5832/1727/1229 5833/1739/1229
f 5831/1729/1229 5833/1739/1229 5834/1741/1229
f 5835/1730/1230 5836/1729/1230 5837/1741/1230
f 5835/1730/1230 5837/1741/1230 5838/1733/1230
f 5839/1738/1231 5840/1737/1231 5841/1742/1231
f 5839/1738/1231 5841/1742/1231 5842/1743/1231
f 5843/1739/1232 5844/1679/1232 5845/1681/1232
f 5843/1739/1232 5845/1681/1232 5846/1744/1232
f 5847/1740/1233 5848/1738/1233 5849/1743/1233
f 5847/1740/1233 5849/1743/1233 5850/1745/1233
f 5851/1741/1234 5852/1739/1234 5853/1744/1234
f 5851/1741/1234 5853/1744/1234 5854/1746/1234
f 5855/1733/1235 5856/1741/1235 5857/1746/1235
f 5855/1733/1235 5857/1746/1235 5858/1747/1235
f 5859/1734/1236 5860/1733/1236 5861/1747/1236
f 5859/1734/1236 5861/1747/1236 5862/1748/1236
f 5863/1735/1237 5864/1734/1237 5865/1748/1237
f 5863/1735/1237 5865/1748/1237 5866/1749/1237
f 5867/1736/1238 5868/1735/1238 5869/1749/1238
f 5867/1736/1238 5869/1749/1238 5870/1750/1238
f 5871/1737/1239 5872/1736/1239 5873/1750/1239
f 5871/1737/1239 5873/1750/1239 5874/1742/1239
f 5875/1749/1240 5876/1748/1240 5877/1751/1240
f 5875/1749/1240 5877/1751/1240 5878/1752/1240
f 5879/1750/1241 5880/1749/1241 5881/1752/1241
f 5879/1750/1241 5881/1752/1241 5882/1753/1241
f 5883/1742/1242 5884/1750/1242 5885/1753/1242
f 5883/1742/1242 5885/1753/1242 5886/1754/1242
f 5887/1743/1243 5888/1742/1243 5889/1754/1243
f 5887/1743/1244 5889/1754/1244 5890/1755/1244
s 1
f 5891/1744/1245 5892/1681/1245 5893/1683/1245
f 5891/1744/1245 5893/1683/1245 5894/1756/1245
s 0
f 5895/1745/1246 5896/1743/1246 5897/1755/1246
f 5895/1745/1246 5897/1755/1246 5898/1757/1246
f 5899/1746/1247 5900/1744/1247 5901/1756/1247
f 5899/1746/1247 5901/1756/1247 5902/1758/1247
f 5903/1747/1248 5904/1746/1248 5905/1758/1248
f 5903/1747/1248 5905/1758/1248 5906/1759/1248
f 5907/1748/1249 5908/1747/1249 5909/1759/1249
f 5907/1748/1249 5909/1759/1249 5910/1751/1249
f 5911/1756/1250 5912/1683/1250 5913/1685/1250
f 5911/1756/1250 5913/1685/1250 5914/1760/1250
f 5915/1757/1251 5916/1755/1251 5917/1761/1251
f 5915/1757/1251 5917/1761/1251 5918/1762/1251
f 5919/1758/1252 5920/1756/1252 5921/1760/1252
f 5919/1758/1252 5921/1760/1252 5922/1763/1252
f 5923/1759/1253 5924/1758/1253 5925/1763/1253
f 5923/1759/1253 5925/1763/1253 5926/1764/1253
f 5927/1751/1254 5928/1759/1254 5929/1764/1254
f 5927/1751/1254 5929/1764/1254 5930/1765/1254
f 5931/1752/1255 5932/1751/1255 5933/1765/1255
f 5931/1752/1255 5933/1765/1255 5934/1766/1255
f 5935/1753/1256 5936/1752/1256 5937/1766/1256
f 5935/1753/1256 5937/1766/1256 5938/1767/1256
f 5939/1754/1257 5940/1753/1257 5941/1767/1257
f 5939/1754/1258 5941/1767/1258 5942/1768/1258
f 5943/1755/1259 5944/1754/1259 5945/1768/1259
f 5943/1755/1260 5945/1768/1260 5946/1761/1260
f 5947/1766/1261 5948/1765/1261 5949/1769/1261
f 5947/1766/1261 5949/1769/1261 5950/1770/1261
f 5951/1767/1262 5952/1766/1262 5953/1770/1262
f 5951/1767/1262 5953/1770/1262 5954/1771/1262
f 5955/1768/1263 5956/1767/1263 5957/1771/1263
f 5955/1768/1263 5957/1771/1263 5958/1772/1263
f 5959/1761/1264 5960/1768/1264 5961/1772/1264
f 5959/1761/1264 5961/1772/1264 5962/1773/1264
f 5963/1760/1265 5964/1685/1265 5965/1687/1265
f 5963/1760/1265 5965/1687/1265 5966/1774/1265
f 5967/1762/1266 5968/1761/1266 5969/1773/1266
f 5967/1762/1266 5969/1773/1266 5970/1775/1266
f 5971/1763/1267 5972/1760/1267 5973/1774/1267
f 5971/1763/1267 5973/1774/1267 5974/1776/1267
f 5975/1764/1268 5976/1763/1268 5977/1776/1268
f 5975/1764/1268 5977/1776/1268 5978/1777/1268
s 1
f 5979/1765/1269 5980/1764/1269 5981/1777/1269
s 0
f 5979/1765/1269 5981/1777/1269 5982/1769/1269
f 5983/1775/1270 5984/1773/1270 5985/1778/1270
f 5983/1775/1270 5985/1778/1270 5986/1779/1270
f 5987/1776/1271 5988/1774/1271 5989/1780/1271
f 5987/1776/1271 5989/1780/1271 5990/1781/1271
f 5991/1777/1272 5992/1776/1272 5993/1781/1272
f 5991/1777/1272 5993/1781/1272 5994/1782/1272
f 5995/1769/1273 5996/1777/1273 5997/1782/1273
f 5995/1769/1273 5997/1782/1273 5998/1783/1273
f 5999/1770/1274 6000/1769/1274 6001/1783/1274
f 5999/1770/1274 6001/1783/1274 6002/1784/1274
f 6003/1771/1275 6004/1770/1275 6005/1784/1275
f 6003/1771/1275 6005/1784/1275 6006/1785/1275
f 6007/1772/1276 6008/1771/1276 6009/1785/1276
f 6007/1772/1276 6009/1785/1276 6010/1786/1276
f 6011/1773/1277 6012/1772/1277 6013/1786/1277
f 6011/1773/1277 6013/1786/1277 6014/1778/1277
f 6015/1774/1278 6016/1687/1278 6017/1689/1278
f 6015/1774/1278 6017/1689/1278 6018/1780/1278
f 6019/1785/1279 6020/1784/1279 6021/1787/1279
f 6019/1785/1279 6021/1787/1279 6022/1788/1279
f 6023/1786/1280 6024/1785/1280 6025/1788/1280
f 6023/1786/1280 6025/1788/1280 6026/1789/1280
f 6027/1778/1281 6028/1786/1281 6029/1789/1281
f 6027/1778/1281 6029/1789/1281 6030/1790/1281
f 6031/1780/1282 6032/1689/1282 6033/1691/1282
f 6031/1780/1282 6033/1691/1282 6034/1791/1282
f 6035/1779/1283 6036/1778/1283 6037/1790/1283
f 6035/1779/1283 6037/1790/1283 6038/1792/1283
f 6039/1781/1284 6040/1780/1284 6041/1791/1284
f 6039/1781/1284 6041/1791/1284 6042/1793/1284
f 6043/1782/1285 6044/1781/1285 6045/1793/1285
f 6043/1782/1285 6045/1793/1285 6046/1794/1285
f 6047/1783/1286 6048/1782/1286 6049/1794/1286
f 6047/1783/1286 6049/1794/1286 6050/1795/1286
f 6051/1784/1287 6052/1783/1287 6053/1795/1287
f 6051/1784/1287 6053/1795/1287 6054/1787/1287
f 6055/1793/1288 6056/1791/1288 6057/1796/1288
f 6055/1793/1288 6057/1796/1288 6058/1797/1288
f 6059/1794/1289 6060/1793/1289 6061/1797/1289
f 6059/1794/1289 6061/1797/1289 6062/1798/1289
f 6063/1795/1290 6064/1794/1290 6065/1798/1290
f 6063/1795/1290 6065/1798/1290 6066/1799/1290
f 6067/1787/1291 6068/1795/1291 6069/1799/1291
f 6067/1787/1292 6069/1799/1292 6070/1800/1292
f 6071/1788/1293 6072/1787/1293 6073/1800/1293
f 6071/1788/1293 6073/1800/1293 6074/1801/1293
f 6075/1789/1294 6076/1788/1294 6077/1801/1294
f 6075/1789/1294 6077/1801/1294 6078/1802/1294
f 6079/1790/1295 6080/1789/1295 6081/1802/1295
f 6079/1790/1295 6081/1802/1295 6082/1803/1295
f 6083/1791/1296 6084/1691/1296 6085/1693/1296
f 6083/1791/1296 6085/1693/1296 6086/1796/1296
f 6087/1792/1297 6088/1790/1297 6089/1803/1297
f 6087/1792/1297 6089/1803/1297 6090/1804/1297
f 6091/1801/1298 6092/1800/1298 6093/1805/1298
f 6091/1801/1298 6093/1805/1298 6094/1806/1298
f 6095/1802/1299 6096/1801/1299 6097/1806/1299
f 6095/1802/1299 6097/1806/1299 6098/1807/1299
f 6099/1803/1300 6100/1802/1300 6101/1807/1300
f 6099/1803/1300 6101/1807/1300 6102/1808/1300
f 6103/1796/1301 6104/1693/1301 6105/1695/1301
f 6103/1796/1301 6105/1695/1301 6106/1809/1301
s 1
f 6107/1804/1302 6108/1803/1302 6109/1808/1302
s 0
f 6107/1804/1302 6109/1808/1302 6110/1810/1302
f 6111/1797/1303 6112/1796/1303 6113/1809/1303
f 6111/1797/1303 6113/1809/1303 6114/1811/1303
f 6115/1798/1304 6116/1797/1304 6117/1811/1304
f 6115/1798/1304 6117/1811/1304 6118/1812/1304
f 6119/1799/1305 6120/1798/1305 6121/1812/1305
f 6119/1799/1305 6121/1812/1305 6122/1813/1305
f 6123/1800/1306 6124/1799/1306 6125/1813/1306
f 6123/1800/1306 6125/1813/1306 6126/1805/1306
f 6127/1812/1307 6128/1811/1307 6129/1814/1307
f 6127/1812/1307 6129/1814/1307 6130/1815/1307
f 6131/1813/1308 6132/1812/1308 6133/1815/1308
f 6131/1813/1308 6133/1815/1308 6134/1816/1308
f 6135/1805/1309 6136/1813/1309 6137/1816/1309
f 6135/1805/1309 6137/1816/1309 6138/1817/1309
f 6139/1806/1310 6140/1805/1310 6141/1817/1310
f 6139/1806/1310 6141/1817/1310 6142/1818/1310
f 6143/1807/1311 6144/1806/1311 6145/1818/1311
f 6143/1807/1311 6145/1818/1311 6146/1819/1311
f 6147/1808/1312 6148/1807/1312 6149/1819/1312
f 6147/1808/1312 6149/1819/1312 6150/1820/1312
f 6151/1809/1313 6152/1695/1313 6153/1697/1313
f 6151/1809/1313 6153/1697/1313 6154/1821/1313
f 6155/1810/1314 6156/1808/1314 6157/1820/1314
f 6155/1810/1314 6157/1820/1314 6158/1822/1314
f 6159/1811/1315 6160/1809/1315 6161/1821/1315
f 6159/1811/1315 6161/1821/1315 6162/1814/1315
f 6163/1823/1316 6164/1824/1316 6165/1825/1316
f 6163/1823/1316 6165/1825/1316 6166/1826/1316
f 6167/1827/1317 6168/1823/1317 6169/1826/1317
f 6167/1827/1317 6169/1826/1317 6170/1828/1317
f 6171/1829/1318 6172/1698/1318 6173/1700/1318
f 6171/1829/1318 6173/1700/1318 6174/1830/1318
f 6175/1831/1319 6176/1827/1319 6177/1828/1319
f 6175/1831/1319 6177/1828/1319 6178/1832/1319
f 6179/1833/1320 6180/1829/1320 6181/1830/1320
f 6179/1833/1320 6181/1830/1320 6182/1834/1320
f 6183/1835/1321 6184/1833/1321 6185/1834/1321
f 6183/1835/1321 6185/1834/1321 6186/1836/1321
f 6187/1837/1322 6188/1835/1322 6189/1836/1322
f 6187/1837/1322 6189/1836/1322 6190/1838/1322
f 6191/1839/1323 6192/1837/1323 6193/1838/1323
f 6191/1839/1323 6193/1838/1323 6194/1840/1323
f 6195/1824/1324 6196/1839/1324 6197/1840/1324
f 6195/1824/1324 6197/1840/1324 6198/1825/1324
f 6199/1838/1325 6200/1836/1325 6201/1841/1325
f 6199/1838/1325 6201/1841/1325 6202/1842/1325
f 6203/1840/1326 6204/1838/1326 6205/1842/1326
f 6203/1840/1326 6205/1842/1326 6206/1843/1326
f 6207/1825/1327 6208/1840/1327 6209/1843/1327
f 6207/1825/1327 6209/1843/1327 6210/1844/1327
f 6211/1826/1328 6212/1825/1328 6213/1844/1328
f 6211/1826/1328 6213/1844/1328 6214/1845/1328
f 6215/1828/1329 6216/1826/1329 6217/1845/1329
f 6215/1828/1330 6217/1845/1330 6218/1846/1330
f 6219/1830/1331 6220/1700/1331 6221/1702/1331
f 6219/1830/1331 6221/1702/1331 6222/1847/1331
f 6223/1832/1332 6224/1828/1332 6225/1846/1332
f 6223/1832/1332 6225/1846/1332 6226/1848/1332
f 6227/1834/1333 6228/1830/1333 6229/1847/1333
f 6227/1834/1333 6229/1847/1333 6230/1849/1333
f 6231/1836/1334 6232/1834/1334 6233/1849/1334
f 6231/1836/1334 6233/1849/1334 6234/1841/1334
f 6235/1846/1335 6236/1845/1335 6237/1850/1335
f 6235/1846/1335 6237/1850/1335 6238/1851/1335
f 6239/1847/1336 6240/1702/1336 6241/1704/1336
f 6239/1847/1336 6241/1704/1336 6242/1852/1336
f 6243/1848/1337 6244/1846/1337 6245/1851/1337
f 6243/1848/1337 6245/1851/1337 6246/1853/1337
f 6247/1849/1338 6248/1847/1338 6249/1852/1338
f 6247/1849/1338 6249/1852/1338 6250/1854/1338
f 6251/1841/1339 6252/1849/1339 6253/1854/1339
f 6251/1841/1339 6253/1854/1339 6254/1855/1339
f 6255/1842/1340 6256/1841/1340 6257/1855/1340
f 6255/1842/1340 6257/1855/1340 6258/1856/1340
f 6259/1843/1341 6260/1842/1341 6261/1856/1341
f 6259/1843/1341 6261/1856/1341 6262/1857/1341
f 6263/1844/1342 6264/1843/1342 6265/1857/1342
f 6263/1844/1342 6265/1857/1342 6266/1858/1342
f 6267/1845/1343 6268/1844/1343 6269/1858/1343
f 6267/1845/1343 6269/1858/1343 6270/1850/1343
f 6271/1856/1344 6272/1855/1344 6273/1714/1344
f 6271/1856/1345 6273/1714/1345 6274/1716/1345
f 6275/1857/1346 6276/1856/1346 6277/1716/1346
f 6275/1857/1346 6277/1716/1346 6278/1718/1346
f 6279/1858/1347 6280/1857/1347 6281/1718/1347
f 6279/1858/1347 6281/1718/1347 6282/1720/1347
f 6283/1850/1348 6284/1858/1348 6285/1720/1348
f 6283/1850/1348 6285/1720/1348 6286/1722/1348
f 6287/1851/1349 6288/1850/1349 6289/1722/1349
f 6287/1851/1349 6289/1722/1349 6290/1709/1349
f 6291/1852/1350 6292/1704/1350 6293/1673/1350
f 6291/1852/1350 6293/1673/1350 6294/1706/1350
f 6295/1853/1351 6296/1851/1351 6297/1709/1351
f 6295/1853/1351 6297/1709/1351 6298/1708/1351
f 6299/1854/1352 6300/1852/1352 6301/1706/1352
f 6299/1854/1352 6301/1706/1352 6302/1712/1352
f 6303/1855/1353 6304/1854/1353 6305/1712/1353
f 6303/1855/1353 6305/1712/1353 6306/1714/1353
o blockage.003_Material.016_0
v -3.079680 0.175867 4.970084
v -3.012048 0.840487 4.974083
v -3.082113 0.840487 5.088570
v -3.112180 0.175867 5.023190
v -3.112180 0.175867 5.023190
v -3.082113 0.840487 5.088570
v -3.208259 0.840487 5.081110
v -3.170695 0.175867 5.019729
v -3.170695 0.175867 5.019729
v -3.208259 0.840487 5.081110
v -3.264341 0.840487 4.959163
v -3.196709 0.175867 4.963163
v -3.196709 0.175867 4.963163
v -3.264341 0.840487 4.959163
v -3.194277 0.840487 4.844677
v -3.164209 0.175867 4.910057
v -3.164209 0.175867 4.910057
v -3.194277 0.840487 4.844677
v -3.068130 0.840487 4.852137
v -3.105695 0.175867 4.913517
v -3.105695 0.175867 4.913517
v -3.068130 0.840487 4.852137
v -3.012048 0.840487 4.974083
v -3.079680 0.175867 4.970084
v -3.082113 0.840487 5.088570
v -3.012048 0.840487 4.974083
v -3.068130 0.840487 4.852137
v -3.194277 0.840487 4.844677
v -3.264341 0.840487 4.959163
v -3.208259 0.840487 5.081110
v -3.079680 0.175867 4.970084
v -3.112180 0.175867 5.023190
v -3.170695 0.175867 5.019729
v -3.196709 0.175867 4.963163
v -3.164209 0.175867 4.910057
v -3.105695 0.175867 4.913517
vn 0.8495 -0.0896 0.5199
vn -0.0588 -0.0951 0.9937
vn -0.9049 -0.0896 0.4161
vn -0.8495 -0.0896 -0.5199
vn 0.0588 -0.0951 -0.9937
vn 0.9049 -0.0896 -0.4161
vn -0.0000 1.0000 -0.0000
vn -0.0000 -1.0000 -0.0000
vt 1.000000 0.500000
vt 1.000000 0.000000
vt 0.833333 0.000000
vt 0.833333 0.500000
vt 0.666667 0.000000
vt 0.666667 0.500000
vt 0.500000 0.000000
vt 0.500000 0.500000
vt 0.333333 0.000000
vt 0.333333 0.500000
vt 0.166667 0.000000
vt 0.166667 0.500000
vt -0.000000 0.000000
vt -0.000000 0.500000
vt 0.250000 0.990000
vt 0.042154 0.630000
vt 0.042154 0.870000
vt 0.250000 0.510000
vt 0.457846 0.870000
vt 0.457846 0.630000
vt 0.542154 0.630000
vt 0.750000 0.990000
vt 0.542154 0.870000
vt 0.750000 0.510000
vt 0.957846 0.870000
vt 0.957846 0.630000
s 0
usemtl Material.016
f 6307/1859/1354 6308/1860/1354 6309/1861/1354
f 6307/1859/1354 6309/1861/1354 6310/1862/1354
f 6311/1862/1355 6312/1861/1355 6313/1863/1355
f 6311/1862/1355 6313/1863/1355 6314/1864/1355
f 6315/1864/1356 6316/1863/1356 6317/1865/1356
f 6315/1864/1356 6317/1865/1356 6318/1866/1356
f 6319/1866/1357 6320/1865/1357 6321/1867/1357
f 6319/1866/1357 6321/1867/1357 6322/1868/1357
f 6323/1868/1358 6324/1867/1358 6325/1869/1358
f 6323/1868/1358 6325/1869/1358 6326/1870/1358
f 6327/1870/1359 6328/1869/1359 6329/1871/1359
f 6327/1870/1359 6329/1871/1359 6330/1872/1359
f 6335/1873/1360 6333/1874/1360 6334/1875/1360
f 6333/1874/1360 6335/1873/1360 6332/1876/1360
f 6332/1876/1360 6335/1873/1360 6336/1877/1360
f 6332/1876/1360 6336/1877/1360 6331/1878/1360
f 6342/1879/1361 6340/1880/1361 6341/1881/1361
f 6340/1880/1361 6342/1879/1361 6337/1882/1361
f 6340/1880/1361 6337/1882/1361 6339/1883/1361
f 6339/1883/1361 6337/1882/1361 6338/1884/1361
o blockage.003_white_0
v -3.144683 0.643186 5.152773
v -2.917507 0.643186 5.025699
v -2.923232 0.661246 5.023740
v -3.144320 0.661246 5.147409
v -3.144320 0.661246 5.147409
v -2.923232 0.661246 5.023740
v -2.938870 0.674466 5.018387
v -3.143328 0.674466 5.132753
v -3.143328 0.674466 5.132753
v -2.938870 0.674466 5.018387
v -2.960233 0.679306 5.011074
v -3.141974 0.679306 5.112734
v -3.141974 0.679306 5.112734
v -2.960233 0.679306 5.011074
v -2.981597 0.674466 5.003762
v -3.140620 0.674466 5.092714
v -3.140620 0.674466 5.092714
v -2.981597 0.674466 5.003762
v -3.048824 0.661246 4.998409
v -3.139628 0.661246 5.078058
v -3.139628 0.661246 5.078058
v -3.048824 0.661246 4.998409
v -3.054689 0.643186 4.996482
v -3.139265 0.643186 5.072694
v -3.139265 0.643186 5.072694
v -3.054689 0.643186 4.996482
v -2.997236 0.625126 4.998409
v -3.139628 0.625126 5.078058
v -3.139628 0.625126 5.078058
v -2.997236 0.625126 4.998409
v -2.981597 0.611905 5.003762
v -3.140620 0.611905 5.092714
v -3.140620 0.611905 5.092714
v -2.981597 0.611905 5.003762
v -2.960233 0.607065 5.011074
v -3.141974 0.607065 5.112734
v -3.141974 0.607065 5.112734
v -2.960233 0.607065 5.011074
v -2.938870 0.611905 5.018387
v -3.143328 0.611905 5.132753
v -3.143328 0.611905 5.132753
v -2.938870 0.611905 5.018387
v -2.923232 0.625126 5.023740
v -3.144320 0.625126 5.147409
v -3.144320 0.625126 5.147409
v -2.923232 0.625126 5.023740
v -2.917507 0.643186 5.025699
v -3.144683 0.643186 5.152773
v -2.917507 0.643186 5.025699
v -2.985563 0.643186 4.797569
v -2.989464 0.661246 4.801722
v -2.923232 0.661246 5.023740
v -2.923232 0.661246 5.023740
v -2.989464 0.661246 4.801722
v -3.000121 0.674467 4.813069
v -2.938870 0.674466 5.018387
v -2.938870 0.674466 5.018387
v -3.000121 0.674467 4.813069
v -3.014678 0.679306 4.828570
v -2.960233 0.679306 5.011074
v -2.960233 0.679306 5.011074
v -3.014678 0.679306 4.828570
v -3.029236 0.674467 4.844070
v -2.981597 0.674466 5.003762
v -2.981597 0.674466 5.003762
v -3.029236 0.674467 4.844070
v -3.039893 0.661246 4.855418
v -3.048824 0.661246 4.998409
v -3.048824 0.661246 4.998409
v -3.039893 0.661246 4.855418
v -3.076987 0.646955 4.886956
v -3.054689 0.643186 4.996482
v -3.054689 0.643186 4.996482
v -3.076987 0.646955 4.886956
v -3.039893 0.625126 4.855418
v -2.997236 0.625126 4.998409
v -2.997236 0.625126 4.998409
v -3.039893 0.625126 4.855418
v -3.029236 0.611905 4.844070
v -2.981597 0.611905 5.003762
v -2.981597 0.611905 5.003762
v -3.029236 0.611905 4.844070
v -3.014678 0.607065 4.828570
v -2.960233 0.607065 5.011074
v -2.960233 0.607065 5.011074
v -3.014678 0.607065 4.828570
v -3.000121 0.611905 4.813069
v -2.938870 0.611905 5.018387
v -2.938870 0.611905 5.018387
v -3.000121 0.611905 4.813069
v -2.989464 0.625126 4.801722
v -2.923232 0.625126 5.023740
v -2.923232 0.625126 5.023740
v -2.989464 0.625126 4.801722
v -2.985563 0.643186 4.797569
v -2.917507 0.643186 5.025699
v -2.985563 0.643186 4.797569
v -3.254800 0.643186 4.783651
v -3.251486 0.661246 4.788177
v -2.989464 0.661246 4.801722
v -2.989464 0.661246 4.801722
v -3.251486 0.661246 4.788177
v -3.242434 0.674467 4.800543
v -3.000121 0.674467 4.813069
v -3.000121 0.674467 4.813069
v -3.242434 0.674467 4.800543
v -3.230067 0.679306 4.817436
v -3.014678 0.679306 4.828570
v -3.014678 0.679306 4.828570
v -3.230067 0.679306 4.817436
v -3.217701 0.674467 4.834328
v -3.029236 0.674467 4.844070
v -3.029236 0.674467 4.844070
v -3.217701 0.674467 4.834328
v -3.195048 0.661246 4.868887
v -3.039893 0.661246 4.855418
v -3.039893 0.661246 4.855418
v -3.195048 0.661246 4.868887
v -3.191734 0.643186 4.873414
v -3.076987 0.646955 4.886956
v -3.076987 0.646955 4.886956
v -3.191734 0.643186 4.873414
v -3.208649 0.625126 4.846694
v -3.039893 0.625126 4.855418
v -3.039893 0.625126 4.855418
v -3.208649 0.625126 4.846694
v -3.217701 0.611905 4.834328
v -3.029236 0.611905 4.844070
v -3.029236 0.611905 4.844070
v -3.217701 0.611905 4.834328
v -3.230067 0.607065 4.817436
v -3.014678 0.607065 4.828570
v -3.014678 0.607065 4.828570
v -3.230067 0.607065 4.817436
v -3.242434 0.611905 4.800543
v -3.000121 0.611905 4.813069
v -3.000121 0.611905 4.813069
v -3.242434 0.611905 4.800543
v -3.251486 0.625126 4.788177
v -2.989464 0.625126 4.801722
v -2.989464 0.625126 4.801722
v -3.251486 0.625126 4.788177
v -3.254800 0.643186 4.783651
v -2.985563 0.643186 4.797569
v -3.254800 0.643186 4.783651
v -3.353141 0.643186 5.003180
v -3.347193 0.661246 5.001823
v -3.251486 0.661246 4.788177
v -3.251486 0.661246 4.788177
v -3.347193 0.661246 5.001823
v -3.330941 0.674466 4.998119
v -3.242434 0.674467 4.800543
v -3.242434 0.674467 4.800543
v -3.330941 0.674466 4.998119
v -3.308741 0.679306 4.993059
v -3.230067 0.679306 4.817436
v -3.230067 0.679306 4.817436
v -3.308741 0.679306 4.993059
v -3.286540 0.674466 4.987998
v -3.217701 0.674467 4.834328
v -3.217701 0.674467 4.834328
v -3.286540 0.674466 4.987998
v -3.233730 0.661246 4.984293
v -3.195048 0.661246 4.868887
v -3.195048 0.661246 4.868887
v -3.233730 0.661246 4.984293
v -3.227782 0.643186 4.982937
v -3.191734 0.643186 4.873414
v -3.191734 0.643186 4.873414
v -3.227782 0.643186 4.982937
v -3.270289 0.625126 4.984293
v -3.208649 0.625126 4.846694
v -3.208649 0.625126 4.846694
v -3.270289 0.625126 4.984293
v -3.286540 0.611905 4.987998
v -3.217701 0.611905 4.834328
v -3.217701 0.611905 4.834328
v -3.286540 0.611905 4.987998
v -3.308741 0.607065 4.993059
v -3.230067 0.607065 4.817436
v -3.230067 0.607065 4.817436
v -3.308741 0.607065 4.993059
v -3.330941 0.611905 4.998119
v -3.242434 0.611905 4.800543
v -3.242434 0.611905 4.800543
v -3.330941 0.611905 4.998119
v -3.347193 0.625126 5.001823
v -3.251486 0.625126 4.788177
v -3.251486 0.625126 4.788177
v -3.347193 0.625126 5.001823
v -3.353141 0.643186 5.003180
v -3.254800 0.643186 4.783651
v -3.353141 0.643186 5.003180
v -3.144683 0.643186 5.152773
v -3.144320 0.661246 5.147409
v -3.347193 0.661246 5.001823
v -3.347193 0.661246 5.001823
v -3.144320 0.661246 5.147409
v -3.143328 0.674466 5.132753
v -3.330941 0.674466 4.998119
v -3.330941 0.674466 4.998119
v -3.143328 0.674466 5.132753
v -3.141974 0.679306 5.112734
v -3.308741 0.679306 4.993059
v -3.308741 0.679306 4.993059
v -3.141974 0.679306 5.112734
v -3.140620 0.674466 5.092714
v -3.286540 0.674466 4.987998
v -3.286540 0.674466 4.987998
v -3.140620 0.674466 5.092714
v -3.139628 0.661246 5.078058
v -3.233730 0.661246 4.984293
v -3.233730 0.661246 4.984293
v -3.139628 0.661246 5.078058
v -3.139265 0.643186 5.072694
v -3.227782 0.643186 4.982937
v -3.227782 0.643186 4.982937
v -3.139265 0.643186 5.072694
v -3.139628 0.625126 5.078058
v -3.270289 0.625126 4.984293
v -3.270289 0.625126 4.984293
v -3.139628 0.625126 5.078058
v -3.140620 0.611905 5.092714
v -3.286540 0.611905 4.987998
v -3.286540 0.611905 4.987998
v -3.140620 0.611905 5.092714
v -3.141974 0.607065 5.112734
v -3.308741 0.607065 4.993059
v -3.308741 0.607065 4.993059
v -3.141974 0.607065 5.112734
v -3.143328 0.611905 5.132753
v -3.330941 0.611905 4.998119
v -3.330941 0.611905 4.998119
v -3.143328 0.611905 5.132753
v -3.144320 0.625126 5.147409
v -3.347193 0.625126 5.001823
v -3.347193 0.625126 5.001823
v -3.144320 0.625126 5.147409
v -3.144683 0.643186 5.152773
v -3.353141 0.643186 5.003180
v -3.145156 0.691472 5.159771
v -2.910040 0.691472 5.028255
v -2.915965 0.710164 5.026227
v -3.144781 0.710164 5.154219
v -3.144781 0.710164 5.154219
v -2.915965 0.710164 5.026227
v -2.932150 0.723847 5.020687
v -3.143754 0.723846 5.139051
v -3.143754 0.723846 5.139051
v -2.932150 0.723847 5.020687
v -2.954260 0.728855 5.013119
v -3.142353 0.728855 5.118331
v -3.142353 0.728855 5.118331
v -2.954260 0.728855 5.013119
v -2.976370 0.723847 5.005551
v -3.140951 0.723847 5.097612
v -3.140951 0.723847 5.097612
v -2.976370 0.723847 5.005551
v -3.044285 0.710164 5.000044
v -3.139925 0.710164 5.082444
v -3.139925 0.710164 5.082444
v -3.044285 0.710164 5.000044
v -3.050068 0.691472 4.997983
v -3.139549 0.691472 5.076892
v -3.139549 0.691472 5.076892
v -3.050068 0.691472 4.997983
v -2.992555 0.672781 5.000010
v -3.139925 0.672781 5.082444
v -3.139925 0.672781 5.082444
v -2.992555 0.672781 5.000010
v -2.976370 0.659098 5.005551
v -3.140951 0.659098 5.097612
v -3.140951 0.659098 5.097612
v -2.976370 0.659098 5.005551
v -2.954260 0.654090 5.013119
v -3.142353 0.654090 5.118331
v -3.142353 0.654090 5.118331
v -2.954260 0.654090 5.013119
v -2.932150 0.659098 5.020687
v -3.143754 0.659098 5.139051
v -3.143754 0.659098 5.139051
v -2.932150 0.659098 5.020687
v -2.915965 0.672781 5.026227
v -3.144781 0.672781 5.154219
v -3.144781 0.672781 5.154219
v -2.915965 0.672781 5.026227
v -2.910040 0.691472 5.028255
v -3.145156 0.691472 5.159771
v -2.910040 0.691472 5.028255
v -2.980475 0.691472 4.792151
v -2.984512 0.710163 4.796450
v -2.915965 0.710164 5.026227
v -2.915965 0.710164 5.026227
v -2.984512 0.710163 4.796450
v -2.995542 0.723846 4.808193
v -2.932150 0.723847 5.020687
v -2.932150 0.723847 5.020687
v -2.995542 0.723846 4.808193
v -3.010608 0.728855 4.824236
v -2.954260 0.728855 5.013119
v -2.954260 0.728855 5.013119
v -3.010608 0.728855 4.824236
v -3.025674 0.723846 4.840278
v -2.976370 0.723847 5.005551
v -2.976370 0.723847 5.005551
v -3.025674 0.723846 4.840278
v -3.069897 0.713933 4.879406
v -3.044285 0.710164 5.000044
v -3.044285 0.710164 5.000044
v -3.069897 0.713933 4.879406
v -3.073935 0.695241 4.883705
v -3.050068 0.691472 4.997983
v -3.050068 0.691472 4.997983
v -3.073935 0.695241 4.883705
v -3.036704 0.672781 4.852022
v -2.992555 0.672781 5.000010
v -2.992555 0.672781 5.000010
v -3.036704 0.672781 4.852022
v -3.025674 0.659098 4.840278
v -2.976370 0.659098 5.005551
v -2.976370 0.659098 5.005551
v -3.025674 0.659098 4.840278
v -3.010608 0.654090 4.824236
v -2.954260 0.654090 5.013119
v -2.954260 0.654090 5.013119
v -3.010608 0.654090 4.824236
v -2.995542 0.659098 4.808193
v -2.932150 0.659098 5.020687
v -2.932150 0.659098 5.020687
v -2.995542 0.659098 4.808193
v -2.984512 0.672781 4.796450
v -2.915965 0.672781 5.026227
v -2.915965 0.672781 5.026227
v -2.984512 0.672781 4.796450
v -2.980475 0.691472 4.792151
v -2.910040 0.691472 5.028255
v -2.980475 0.691472 4.792151
v -3.259122 0.691472 4.777747
v -3.255692 0.710163 4.782431
v -2.984512 0.710163 4.796450
v -2.984512 0.710163 4.796450
v -3.255692 0.710163 4.782431
v -3.246324 0.723846 4.795229
v -2.995542 0.723846 4.808193
v -2.995542 0.723846 4.808193
v -3.246324 0.723846 4.795229
v -3.233525 0.728855 4.812712
v -3.010608 0.728855 4.824236
v -3.010608 0.728855 4.824236
v -3.233525 0.728855 4.812712
v -3.220727 0.723846 4.830195
v -3.025674 0.723846 4.840278
v -3.197757 0.710163 4.865187
v -3.069897 0.713933 4.879406
v -3.069897 0.713933 4.879406
v -3.197757 0.710163 4.865187
v -3.194327 0.691472 4.869871
v -3.073935 0.695241 4.883705
v -3.073935 0.695241 4.883705
v -3.194327 0.691472 4.869871
v -3.211358 0.672781 4.842993
v -3.036704 0.672781 4.852022
v -3.036704 0.672781 4.852022
v -3.211358 0.672781 4.842993
v -3.220727 0.659098 4.830195
v -3.025674 0.659098 4.840278
v -3.025674 0.659098 4.840278
v -3.220727 0.659098 4.830195
v -3.233525 0.654090 4.812712
v -3.010608 0.654090 4.824236
v -3.010608 0.654090 4.824236
v -3.233525 0.654090 4.812712
v -3.246324 0.659098 4.795229
v -2.995542 0.659098 4.808193
v -2.995542 0.659098 4.808193
v -3.246324 0.659098 4.795229
v -3.255692 0.672781 4.782431
v -2.984512 0.672781 4.796450
v -2.984512 0.672781 4.796450
v -3.255692 0.672781 4.782431
v -3.259122 0.691472 4.777747
v -2.980475 0.691472 4.792151
v -3.259122 0.691472 4.777747
v -3.360900 0.691472 5.004948
v -3.354744 0.710164 5.003545
v -3.255692 0.710163 4.782431
v -3.255692 0.710163 4.782431
v -3.354744 0.710164 5.003545
v -3.337924 0.723847 4.999711
v -3.246324 0.723846 4.795229
v -3.246324 0.723846 4.795229
v -3.337924 0.723847 4.999711
v -3.314948 0.728855 4.994473
v -3.233525 0.728855 4.812712
v -3.233525 0.728855 4.812712
v -3.314948 0.728855 4.994473
v -3.291972 0.723847 4.989236
v -3.220727 0.723846 4.830195
v -3.220727 0.723846 4.830195
v -3.291972 0.723847 4.989236
v -3.238594 0.710164 4.985402
v -3.197757 0.710163 4.865187
v -3.197757 0.710163 4.865187
v -3.238594 0.710164 4.985402
v -3.232437 0.691472 4.983999
v -3.194327 0.691472 4.869871
v -3.194327 0.691472 4.869871
v -3.232437 0.691472 4.983999
v -3.275152 0.672781 4.985402
v -3.211358 0.672781 4.842993
v -3.211358 0.672781 4.842993
v -3.275152 0.672781 4.985402
v -3.291972 0.659098 4.989236
v -3.220727 0.659098 4.830195
v -3.220727 0.659098 4.830195
v -3.291972 0.659098 4.989236
v -3.314948 0.654090 4.994473
v -3.233525 0.654090 4.812712
v -3.233525 0.654090 4.812712
v -3.314948 0.654090 4.994473
v -3.337924 0.659098 4.999711
v -3.246324 0.659098 4.795229
v -3.246324 0.659098 4.795229
v -3.337924 0.659098 4.999711
v -3.354744 0.672781 5.003545
v -3.255692 0.672781 4.782431
v -3.255692 0.672781 4.782431
v -3.354744 0.672781 5.003545
v -3.360900 0.691472 5.004948
v -3.259122 0.691472 4.777747
v -3.360900 0.691472 5.004948
v -3.145156 0.691472 5.159771
v -3.144781 0.710164 5.154219
v -3.354744 0.710164 5.003545
v -3.354744 0.710164 5.003545
v -3.144781 0.710164 5.154219
v -3.143754 0.723846 5.139051
v -3.337924 0.723847 4.999711
v -3.337924 0.723847 4.999711
v -3.143754 0.723846 5.139051
v -3.142353 0.728855 5.118331
v -3.314948 0.728855 4.994473
v -3.314948 0.728855 4.994473
v -3.142353 0.728855 5.118331
v -3.140951 0.723847 5.097612
v -3.291972 0.723847 4.989236
v -3.291972 0.723847 4.989236
v -3.140951 0.723847 5.097612
v -3.139925 0.710164 5.082444
v -3.238594 0.710164 4.985402
v -3.238594 0.710164 4.985402
v -3.139925 0.710164 5.082444
v -3.139549 0.691472 5.076892
v -3.232437 0.691472 4.983999
v -3.232437 0.691472 4.983999
v -3.139549 0.691472 5.076892
v -3.139925 0.672781 5.082444
v -3.275152 0.672781 4.985402
v -3.275152 0.672781 4.985402
v -3.139925 0.672781 5.082444
v -3.140951 0.659098 5.097612
v -3.291972 0.659098 4.989236
v -3.291972 0.659098 4.989236
v -3.140951 0.659098 5.097612
v -3.142353 0.654090 5.118331
v -3.314948 0.654090 4.994473
v -3.314948 0.654090 4.994473
v -3.142353 0.654090 5.118331
v -3.143754 0.659098 5.139051
v -3.337924 0.659098 4.999711
v -3.337924 0.659098 4.999711
v -3.143754 0.659098 5.139051
v -3.144781 0.672781 5.154219
v -3.354744 0.672781 5.003545
v -3.354744 0.672781 5.003545
v -3.144781 0.672781 5.154219
v -3.145156 0.691472 5.159771
v -3.360900 0.691472 5.004948
vn 0.4737 0.2420 0.8468
vn 0.3573 0.6813 0.6388
vn 0.1350 0.9610 0.2414
vn -0.1350 0.9610 -0.2414
vn -0.2474 0.8969 -0.3665
vn -0.2473 0.8970 -0.3665
vn -0.2473 0.8969 -0.3665
vn -0.2474 0.8969 -0.3666
vn -0.6441 0.2444 -0.7248
vn -0.6443 0.2445 -0.7246
vn -0.3882 -0.7277 -0.5654
vn -0.3883 -0.7278 -0.5653
vn -0.3573 -0.6813 -0.6388
vn -0.1350 -0.9610 -0.2414
vn 0.1350 -0.9610 0.2414
vn 0.3573 -0.6813 0.6388
vn 0.4737 -0.2420 0.8468
vn 0.9245 0.2631 -0.2758
vn 0.6716 0.7133 -0.2004
vn 0.2440 0.9670 -0.0728
vn -0.2440 0.9670 0.0728
vn -0.3184 0.9471 0.0407
vn -0.5820 0.8121 0.0429
vn -0.5819 0.8121 0.0429
vn -0.5819 0.8121 0.0430
vn -0.3660 -0.9271 0.0803
vn -0.3660 -0.9272 0.0803
vn -0.6716 -0.7133 0.2004
vn -0.2440 -0.9670 0.0728
vn 0.2440 -0.9670 -0.0728
vn 0.6716 -0.7133 -0.2004
vn 0.9245 -0.2631 -0.2758
vn 0.0502 0.2341 -0.9709
vn 0.0384 0.6684 -0.7428
vn 0.0147 0.9583 -0.2853
vn -0.0147 0.9583 0.2853
vn 0.0054 0.8671 0.4981
vn 0.0054 0.8671 0.4980
vn -0.0107 0.7493 0.6621
vn -0.0107 0.7493 0.6622
vn -0.0106 0.7493 0.6622
vn -0.0106 0.7493 0.6621
vn -0.0327 -0.8299 0.5569
vn -0.0384 -0.6684 0.7428
vn -0.0147 -0.9583 0.2853
vn 0.0147 -0.9583 -0.2853
vn 0.0384 -0.6684 -0.7428
vn 0.0502 -0.2341 -0.9709
vn -0.8811 0.2606 -0.3947
vn -0.6430 0.7097 -0.2880
vn -0.2346 0.9664 -0.1051
vn 0.2346 0.9664 0.1051
vn 0.2865 0.9512 0.1145
vn 0.9159 0.2616 0.3043
vn 0.9160 0.2616 0.3042
vn 0.9160 0.2616 0.3043
vn 0.4540 -0.8728 0.1795
vn 0.4539 -0.8728 0.1794
vn 0.4539 -0.8728 0.1795
vn 0.6430 -0.7097 0.2880
vn 0.2346 -0.9664 0.1051
vn -0.2346 -0.9664 -0.1051
vn -0.6430 -0.7097 -0.2880
vn -0.8811 -0.2606 -0.3947
vn -0.5652 0.2453 0.7876
vn -0.4239 0.6866 0.5907
vn -0.1591 0.9620 0.2218
vn 0.1591 0.9620 -0.2218
vn 0.3053 0.8777 -0.3692
vn 0.3054 0.8777 -0.3693
vn 0.6869 0.2472 -0.6835
vn 0.6868 0.2472 -0.6835
vn 0.4761 -0.6709 -0.5686
vn 0.4761 -0.6708 -0.5686
vn 0.4760 -0.6709 -0.5686
vn 0.4239 -0.6866 -0.5907
vn 0.1591 -0.9620 -0.2218
vn -0.1591 -0.9620 0.2218
vn -0.4239 -0.6866 0.5907
vn -0.5652 -0.2453 0.7876
vn -0.2502 0.8934 -0.3732
vn -0.2502 0.8934 -0.3731
vn -0.6376 0.2412 -0.7317
vn -0.6375 0.2412 -0.7317
vn -0.3926 -0.7168 -0.5763
vn -0.3925 -0.7168 -0.5762
vn -0.3926 -0.7168 -0.5762
vn -0.1877 0.9803 0.0621
vn -0.1876 0.9803 0.0621
vn -0.9431 0.2601 0.2070
vn -0.3747 -0.9233 0.0839
vn -0.3748 -0.9233 0.0839
vn 0.0384 0.6685 -0.7428
vn -0.0247 0.9566 0.2902
vn -0.0240 0.9568 0.2897
vn -0.0333 0.9551 0.2945
vn -0.1162 0.2338 0.9653
vn -0.1162 0.2339 0.9653
vn -0.0334 -0.8231 0.5669
vn -0.0384 -0.6685 0.7428
vn 0.0384 -0.6685 -0.7428
vn 0.2923 0.9491 0.1173
vn 0.9147 0.2616 0.3081
vn 0.9147 0.2616 0.3080
vn 0.4637 -0.8666 0.1842
vn 0.3086 0.8741 -0.3752
vn 0.3087 0.8741 -0.3752
vn 0.3087 0.8740 -0.3752
vn 0.3086 0.8741 -0.3751
vn 0.6822 0.2472 -0.6881
vn 0.4802 -0.6609 -0.5767
vn 0.4802 -0.6608 -0.5768
vn 0.4802 -0.6609 -0.5768
vt 0.600000 0.500000
vt 0.800000 0.500000
vt 0.800000 0.416667
vt 0.600000 0.416667
vt 0.800000 0.333333
vt 0.600000 0.333333
vt 0.800000 0.250000
vt 0.600000 0.250000
vt 0.800000 0.166667
vt 0.600000 0.166667
vt 0.800000 0.083333
vt 0.600000 0.083333
vt 0.800000 0.000000
vt 0.600000 0.000000
vt 0.600000 1.000000
vt 0.800000 1.000000
vt 0.800000 0.916667
vt 0.600000 0.916667
vt 0.800000 0.833333
vt 0.600000 0.833333
vt 0.800000 0.750000
vt 0.600000 0.750000
vt 0.800000 0.666667
vt 0.600000 0.666667
vt 0.800000 0.583333
vt 0.600000 0.583333
vt 1.000000 0.500000
vt 1.000000 0.416667
vt 1.000000 0.333333
vt 1.000000 0.250000
vt 1.000000 0.166667
vt 1.000000 0.083333
vt 1.000000 0.000000
vt 1.000000 1.000000
vt 1.000000 0.916667
vt 1.000000 0.833333
vt 1.000000 0.750000
vt 1.000000 0.666667
vt 1.000000 0.583333
vt 0.000000 0.500000
vt 0.200000 0.500000
vt 0.200000 0.416667
vt 0.000000 0.416667
vt 0.200000 0.333333
vt 0.000000 0.333333
vt 0.200000 0.250000
vt 0.000000 0.250000
vt 0.200000 0.166667
vt 0.000000 0.166667
vt 0.200000 0.083333
vt 0.000000 0.083333
vt 0.200000 0.000000
vt 0.000000 0.000000
vt 0.000000 1.000000
vt 0.200000 1.000000
vt 0.200000 0.916667
vt 0.000000 0.916667
vt 0.200000 0.833333
vt 0.000000 0.833333
vt 0.200000 0.750000
vt 0.000000 0.750000
vt 0.200000 0.666667
vt 0.000000 0.666667
vt 0.200000 0.583333
vt 0.000000 0.583333
vt 0.400000 0.500000
vt 0.400000 0.416667
vt 0.400000 0.333333
vt 0.400000 0.250000
vt 0.400000 0.166667
vt 0.400000 0.083333
vt 0.400000 0.000000
vt 0.400000 1.000000
vt 0.400000 0.916667
vt 0.400000 0.833333
vt 0.400000 0.750000
vt 0.400000 0.666667
vt 0.400000 0.583333
s 0
usemtl white
f 6343/1885/1362 6344/1886/1362 6345/1887/1362
f 6343/1885/1362 6345/1887/1362 6346/1888/1362
f 6347/1888/1363 6348/1887/1363 6349/1889/1363
f 6347/1888/1363 6349/1889/1363 6350/1890/1363
f 6351/1890/1364 6352/1889/1364 6353/1891/1364
f 6351/1890/1364 6353/1891/1364 6354/1892/1364
f 6355/1892/1365 6356/1891/1365 6357/1893/1365
f 6355/1892/1365 6357/1893/1365 6358/1894/1365
s 1
f 6359/1894/1366 6360/1893/1367 6361/1895/1368
f 6359/1894/1366 6361/1895/1368 6362/1896/1369
f 6363/1896/1370 6364/1895/1371 6365/1897/1370
f 6363/1896/1370 6365/1897/1370 6366/1898/1370
f 6367/1899/1372 6368/1900/1373 6369/1901/1373
f 6367/1899/1372 6369/1901/1373 6370/1902/1373
s 0
f 6371/1902/1374 6372/1901/1374 6373/1903/1374
f 6371/1902/1374 6373/1903/1374 6374/1904/1374
f 6375/1904/1375 6376/1903/1375 6377/1905/1375
f 6375/1904/1375 6377/1905/1375 6378/1906/1375
f 6379/1906/1376 6380/1905/1376 6381/1907/1376
f 6379/1906/1376 6381/1907/1376 6382/1908/1376
f 6383/1908/1377 6384/1907/1377 6385/1909/1377
f 6383/1908/1377 6385/1909/1377 6386/1910/1377
f 6387/1910/1378 6388/1909/1378 6389/1886/1378
f 6387/1910/1378 6389/1886/1378 6390/1885/1378
f 6391/1886/1379 6392/1911/1379 6393/1912/1379
f 6391/1886/1379 6393/1912/1379 6394/1887/1379
s 1
f 6395/1887/1380 6396/1912/1380 6397/1913/1380
s 0
f 6395/1887/1380 6397/1913/1380 6398/1889/1380
f 6399/1889/1381 6400/1913/1381 6401/1914/1381
f 6399/1889/1381 6401/1914/1381 6402/1891/1381
f 6403/1891/1382 6404/1914/1382 6405/1915/1382
f 6403/1891/1382 6405/1915/1382 6406/1893/1382
s 1
f 6407/1893/1383 6408/1915/1383 6409/1916/1383
f 6407/1893/1383 6409/1916/1383 6410/1895/1383
f 6411/1895/1384 6412/1916/1385 6413/1917/1385
f 6411/1895/1384 6413/1917/1385 6414/1897/1386
f 6415/1900/1387 6416/1918/1387 6417/1919/1387
f 6415/1900/1387 6417/1919/1387 6418/1901/1388
f 6419/1901/1389 6420/1919/1389 6421/1920/1389
s 0
f 6419/1901/1389 6421/1920/1389 6422/1903/1389
f 6423/1903/1390 6424/1920/1390 6425/1921/1390
f 6423/1903/1390 6425/1921/1390 6426/1905/1390
f 6427/1905/1391 6428/1921/1391 6429/1922/1391
f 6427/1905/1391 6429/1922/1391 6430/1907/1391
f 6431/1907/1392 6432/1922/1392 6433/1923/1392
f 6431/1907/1392 6433/1923/1392 6434/1909/1392
f 6435/1909/1393 6436/1923/1393 6437/1911/1393
f 6435/1909/1393 6437/1911/1393 6438/1886/1393
f 6439/1924/1394 6440/1925/1394 6441/1926/1394
f 6439/1924/1394 6441/1926/1394 6442/1927/1394
s 1
f 6443/1927/1395 6444/1926/1395 6445/1928/1395
s 0
f 6443/1927/1395 6445/1928/1395 6446/1929/1395
f 6447/1929/1396 6448/1928/1396 6449/1930/1396
f 6447/1929/1396 6449/1930/1396 6450/1931/1396
f 6451/1931/1397 6452/1930/1397 6453/1932/1397
f 6451/1931/1397 6453/1932/1397 6454/1933/1397
s 1
f 6455/1933/1398 6456/1932/1399 6457/1934/1399
f 6455/1933/1398 6457/1934/1399 6458/1935/1398
f 6459/1935/1400 6460/1934/1401 6461/1936/1402
f 6459/1935/1400 6461/1936/1402 6462/1937/1403
f 6463/1938/1404 6464/1939/1404 6465/1940/1404
f 6463/1938/1404 6465/1940/1404 6466/1941/1404
s 0
f 6467/1941/1405 6468/1940/1405 6469/1942/1405
f 6467/1941/1405 6469/1942/1405 6470/1943/1405
f 6471/1943/1406 6472/1942/1406 6473/1944/1406
f 6471/1943/1406 6473/1944/1406 6474/1945/1406
f 6475/1945/1407 6476/1944/1407 6477/1946/1407
f 6475/1945/1407 6477/1946/1407 6478/1947/1407
f 6479/1947/1408 6480/1946/1408 6481/1948/1408
f 6479/1947/1408 6481/1948/1408 6482/1949/1408
s 1
f 6483/1949/1409 6484/1948/1409 6485/1925/1409
s 0
f 6483/1949/1409 6485/1925/1409 6486/1924/1409
f 6487/1925/1410 6488/1950/1410 6489/1951/1410
f 6487/1925/1410 6489/1951/1410 6490/1926/1410
f 6491/1926/1411 6492/1951/1411 6493/1952/1411
f 6491/1926/1411 6493/1952/1411 6494/1928/1411
f 6495/1928/1412 6496/1952/1412 6497/1953/1412
f 6495/1928/1412 6497/1953/1412 6498/1930/1412
f 6499/1930/1413 6500/1953/1413 6501/1954/1413
f 6499/1930/1413 6501/1954/1413 6502/1932/1413
s 1
f 6503/1932/1414 6504/1954/1414 6505/1955/1414
f 6503/1932/1414 6505/1955/1414 6506/1934/1414
f 6507/1934/1415 6508/1955/1416 6509/1956/1415
f 6507/1934/1415 6509/1956/1415 6510/1936/1417
f 6511/1939/1418 6512/1957/1419 6513/1958/1419
f 6511/1939/1418 6513/1958/1419 6514/1940/1420
s 0
f 6515/1940/1421 6516/1958/1421 6517/1959/1421
f 6515/1940/1421 6517/1959/1421 6518/1942/1421
f 6519/1942/1422 6520/1959/1422 6521/1960/1422
f 6519/1942/1422 6521/1960/1422 6522/1944/1422
f 6523/1944/1423 6524/1960/1423 6525/1961/1423
f 6523/1944/1423 6525/1961/1423 6526/1946/1423
f 6527/1946/1424 6528/1961/1424 6529/1962/1424
f 6527/1946/1424 6529/1962/1424 6530/1948/1424
f 6531/1948/1425 6532/1962/1425 6533/1950/1425
f 6531/1948/1425 6533/1950/1425 6534/1925/1425
f 6535/1950/1426 6536/1885/1426 6537/1888/1426
f 6535/1950/1426 6537/1888/1426 6538/1951/1426
f 6539/1951/1427 6540/1888/1427 6541/1890/1427
f 6539/1951/1427 6541/1890/1427 6542/1952/1427
f 6543/1952/1428 6544/1890/1428 6545/1892/1428
f 6543/1952/1428 6545/1892/1428 6546/1953/1428
f 6547/1953/1429 6548/1892/1429 6549/1894/1429
f 6547/1953/1429 6549/1894/1429 6550/1954/1429
s 1
f 6551/1954/1430 6552/1894/1431 6553/1896/1431
f 6551/1954/1430 6553/1896/1431 6554/1955/1430
f 6555/1955/1432 6556/1896/1432 6557/1898/1433
f 6555/1955/1432 6557/1898/1433 6558/1956/1432
f 6559/1957/1434 6560/1899/1435 6561/1902/1435
f 6559/1957/1434 6561/1902/1435 6562/1958/1436
s 0
f 6563/1958/1437 6564/1902/1437 6565/1904/1437
f 6563/1958/1437 6565/1904/1437 6566/1959/1437
f 6567/1959/1438 6568/1904/1438 6569/1906/1438
f 6567/1959/1438 6569/1906/1438 6570/1960/1438
f 6571/1960/1439 6572/1906/1439 6573/1908/1439
f 6571/1960/1439 6573/1908/1439 6574/1961/1439
f 6575/1961/1440 6576/1908/1440 6577/1910/1440
f 6575/1961/1440 6577/1910/1440 6578/1962/1440
f 6579/1962/1441 6580/1910/1441 6581/1885/1441
f 6579/1962/1441 6581/1885/1441 6582/1950/1441
f 6583/1885/1362 6584/1886/1362 6585/1887/1362
f 6583/1885/1362 6585/1887/1362 6586/1888/1362
f 6587/1888/1363 6588/1887/1363 6589/1889/1363
f 6587/1888/1363 6589/1889/1363 6590/1890/1363
f 6591/1890/1364 6592/1889/1364 6593/1891/1364
f 6591/1890/1364 6593/1891/1364 6594/1892/1364
f 6595/1892/1365 6596/1891/1365 6597/1893/1365
f 6595/1892/1365 6597/1893/1365 6598/1894/1365
s 1
f 6599/1894/1442 6600/1893/1443 6601/1895/1442
f 6599/1894/1442 6601/1895/1442 6602/1896/1442
f 6603/1896/1444 6604/1895/1445 6605/1897/1444
f 6603/1896/1444 6605/1897/1444 6606/1898/1444
f 6607/1899/1446 6608/1900/1447 6609/1901/1448
f 6607/1899/1446 6609/1901/1448 6610/1902/1448
s 0
f 6611/1902/1374 6612/1901/1374 6613/1903/1374
f 6611/1902/1374 6613/1903/1374 6614/1904/1374
f 6615/1904/1375 6616/1903/1375 6617/1905/1375
f 6615/1904/1375 6617/1905/1375 6618/1906/1375
f 6619/1906/1376 6620/1905/1376 6621/1907/1376
f 6619/1906/1376 6621/1907/1376 6622/1908/1376
f 6623/1908/1377 6624/1907/1377 6625/1909/1377
f 6623/1908/1377 6625/1909/1377 6626/1910/1377
f 6627/1910/1378 6628/1909/1378 6629/1886/1378
f 6627/1910/1378 6629/1886/1378 6630/1885/1378
f 6631/1886/1379 6632/1911/1379 6633/1912/1379
f 6631/1886/1379 6633/1912/1379 6634/1887/1379
f 6635/1887/1380 6636/1912/1380 6637/1913/1380
f 6635/1887/1380 6637/1913/1380 6638/1889/1380
f 6639/1889/1381 6640/1913/1381 6641/1914/1381
f 6639/1889/1381 6641/1914/1381 6642/1891/1381
f 6643/1891/1382 6644/1914/1382 6645/1915/1382
f 6643/1891/1382 6645/1915/1382 6646/1893/1382
s 1
f 6647/1893/1449 6648/1915/1449 6649/1916/1450
f 6647/1893/1449 6649/1916/1450 6650/1895/1449
f 6651/1895/1451 6652/1916/1451 6653/1917/1451
f 6651/1895/1451 6653/1917/1451 6654/1897/1451
f 6655/1900/1452 6656/1918/1453 6657/1919/1453
f 6655/1900/1452 6657/1919/1453 6658/1901/1452
s 0
f 6659/1901/1389 6660/1919/1389 6661/1920/1389
f 6659/1901/1389 6661/1920/1389 6662/1903/1389
f 6663/1903/1390 6664/1920/1390 6665/1921/1390
f 6663/1903/1390 6665/1921/1390 6666/1905/1390
f 6667/1905/1391 6668/1921/1391 6669/1922/1391
f 6667/1905/1391 6669/1922/1391 6670/1907/1391
f 6671/1907/1392 6672/1922/1392 6673/1923/1392
f 6671/1907/1392 6673/1923/1392 6674/1909/1392
f 6675/1909/1393 6676/1923/1393 6677/1911/1393
f 6675/1909/1393 6677/1911/1393 6678/1886/1393
f 6679/1924/1394 6680/1925/1394 6681/1926/1394
f 6679/1924/1394 6681/1926/1394 6682/1927/1394
f 6683/1927/1454 6684/1926/1454 6685/1928/1454
f 6683/1927/1395 6685/1928/1395 6686/1929/1395
f 6687/1929/1396 6688/1928/1396 6689/1930/1396
f 6687/1929/1396 6689/1930/1396 6690/1931/1396
s 1
f 6691/1931/1397 6692/1930/1397 6693/1932/1455
f 6691/1931/1397 6693/1932/1455 6694/1933/1456
f 6694/1933/1456 6693/1932/1455 6695/1934/1457
f 6694/1933/1456 6695/1934/1457 6696/1935/1457
f 6697/1935/1458 6698/1934/1458 6699/1936/1459
f 6697/1935/1458 6699/1936/1459 6700/1937/1458
f 6701/1938/1460 6702/1939/1460 6703/1940/1460
f 6701/1938/1460 6703/1940/1460 6704/1941/1460
s 0
f 6705/1941/1461 6706/1940/1461 6707/1942/1461
f 6705/1941/1461 6707/1942/1461 6708/1943/1461
f 6709/1943/1406 6710/1942/1406 6711/1944/1406
f 6709/1943/1406 6711/1944/1406 6712/1945/1406
f 6713/1945/1407 6714/1944/1407 6715/1946/1407
f 6713/1945/1407 6715/1946/1407 6716/1947/1407
f 6717/1947/1462 6718/1946/1462 6719/1948/1462
f 6717/1947/1408 6719/1948/1408 6720/1949/1408
f 6721/1949/1409 6722/1948/1409 6723/1925/1409
f 6721/1949/1409 6723/1925/1409 6724/1924/1409
f 6725/1925/1410 6726/1950/1410 6727/1951/1410
f 6725/1925/1410 6727/1951/1410 6728/1926/1410
f 6729/1926/1411 6730/1951/1411 6731/1952/1411
f 6729/1926/1411 6731/1952/1411 6732/1928/1411
f 6733/1928/1412 6734/1952/1412 6735/1953/1412
f 6733/1928/1412 6735/1953/1412 6736/1930/1412
f 6737/1930/1413 6738/1953/1413 6739/1954/1413
f 6737/1930/1413 6739/1954/1413 6740/1932/1413
s 1
f 6741/1932/1463 6742/1954/1463 6743/1955/1463
f 6741/1932/1463 6743/1955/1463 6744/1934/1463
f 6745/1934/1464 6746/1955/1465 6747/1956/1464
f 6745/1934/1464 6747/1956/1464 6748/1936/1464
f 6749/1939/1466 6750/1957/1466 6751/1958/1466
f 6749/1939/1466 6751/1958/1466 6752/1940/1466
s 0
f 6753/1940/1421 6754/1958/1421 6755/1959/1421
f 6753/1940/1421 6755/1959/1421 6756/1942/1421
s 1
f 6757/1942/1422 6758/1959/1422 6759/1960/1422
s 0
f 6757/1942/1422 6759/1960/1422 6760/1944/1422
f 6761/1944/1423 6762/1960/1423 6763/1961/1423
f 6761/1944/1423 6763/1961/1423 6764/1946/1423
f 6765/1946/1424 6766/1961/1424 6767/1962/1424
f 6765/1946/1424 6767/1962/1424 6768/1948/1424
f 6769/1948/1425 6770/1962/1425 6771/1950/1425
f 6769/1948/1425 6771/1950/1425 6772/1925/1425
f 6773/1950/1426 6774/1885/1426 6775/1888/1426
f 6773/1950/1426 6775/1888/1426 6776/1951/1426
f 6777/1951/1427 6778/1888/1427 6779/1890/1427
f 6777/1951/1427 6779/1890/1427 6780/1952/1427
f 6781/1952/1428 6782/1890/1428 6783/1892/1428
f 6781/1952/1428 6783/1892/1428 6784/1953/1428
f 6785/1953/1429 6786/1892/1429 6787/1894/1429
f 6785/1953/1429 6787/1894/1429 6788/1954/1429
s 1
f 6789/1954/1467 6790/1894/1468 6791/1896/1469
f 6789/1954/1467 6791/1896/1469 6792/1955/1470
f 6793/1955/1471 6794/1896/1471 6795/1898/1471
f 6793/1955/1471 6795/1898/1471 6796/1956/1471
f 6797/1957/1472 6798/1899/1472 6799/1902/1473
f 6797/1957/1472 6799/1902/1473 6800/1958/1474
s 0
f 6801/1958/1437 6802/1902/1437 6803/1904/1437
s 1
f 6801/1958/1437 6803/1904/1437 6804/1959/1437
s 0
f 6805/1959/1438 6806/1904/1438 6807/1906/1438
f 6805/1959/1438 6807/1906/1438 6808/1960/1438
f 6809/1960/1439 6810/1906/1439 6811/1908/1439
f 6809/1960/1439 6811/1908/1439 6812/1961/1439
f 6813/1961/1440 6814/1908/1440 6815/1910/1440
f 6813/1961/1440 6815/1910/1440 6816/1962/1440
f 6817/1962/1441 6818/1910/1441 6819/1885/1441
f 6817/1962/1441 6819/1885/1441 6820/1950/1441
o blockage.001_Material.016_0
v -3.079680 0.175867 5.552070
v -3.012048 0.840487 5.556069
v -3.082113 0.840487 5.670556
v -3.112180 0.175867 5.605175
v -3.112180 0.175867 5.605175
v -3.082113 0.840487 5.670556
v -3.208259 0.840487 5.663096
v -3.170695 0.175867 5.601715
v -3.170695 0.175867 5.601715
v -3.208259 0.840487 5.663096
v -3.264341 0.840487 5.541149
v -3.196709 0.175867 5.545149
v -3.196709 0.175867 5.545149
v -3.264341 0.840487 5.541149
v -3.194277 0.840487 5.426663
v -3.164209 0.175867 5.492043
v -3.164209 0.175867 5.492043
v -3.194277 0.840487 5.426663
v -3.068130 0.840487 5.434123
v -3.105695 0.175867 5.495503
v -3.105695 0.175867 5.495503
v -3.068130 0.840487 5.434123
v -3.012048 0.840487 5.556069
v -3.079680 0.175867 5.552070
v -3.082113 0.840487 5.670556
v -3.012048 0.840487 5.556069
v -3.068130 0.840487 5.434123
v -3.194277 0.840487 5.426663
v -3.264341 0.840487 5.541149
v -3.208259 0.840487 5.663096
v -3.079680 0.175867 5.552070
v -3.112180 0.175867 5.605175
v -3.170695 0.175867 5.601715
v -3.196709 0.175867 5.545149
v -3.164209 0.175867 5.492043
v -3.105695 0.175867 5.495503
vn 0.8495 -0.0896 0.5199
vn -0.0588 -0.0951 0.9937
vn -0.9049 -0.0896 0.4161
vn -0.8495 -0.0896 -0.5199
vn 0.0588 -0.0951 -0.9937
vn 0.9049 -0.0896 -0.4161
vn -0.0000 1.0000 -0.0000
vn -0.0000 -1.0000 -0.0000
vt 1.000000 0.500000
vt 1.000000 0.000000
vt 0.833333 0.000000
vt 0.833333 0.500000
vt 0.666667 0.000000
vt 0.666667 0.500000
vt 0.500000 0.000000
vt 0.500000 0.500000
vt 0.333333 0.000000
vt 0.333333 0.500000
vt 0.166667 0.000000
vt 0.166667 0.500000
vt -0.000000 0.000000
vt -0.000000 0.500000
vt 0.250000 0.990000
vt 0.042154 0.630000
vt 0.042154 0.870000
vt 0.250000 0.510000
vt 0.457846 0.870000
vt 0.457846 0.630000
vt 0.542154 0.630000
vt 0.750000 0.990000
vt 0.542154 0.870000
vt 0.750000 0.510000
vt 0.957846 0.870000
vt 0.957846 0.630000
s 0
usemtl Material.016
f 6821/1963/1475 6822/1964/1475 6823/1965/1475
f 6821/1963/1475 6823/1965/1475 6824/1966/1475
f 6825/1966/1476 6826/1965/1476 6827/1967/1476
f 6825/1966/1476 6827/1967/1476 6828/1968/1476
f 6829/1968/1477 6830/1967/1477 6831/1969/1477
f 6829/1968/1477 6831/1969/1477 6832/1970/1477
f 6833/1970/1478 6834/1969/1478 6835/1971/1478
f 6833/1970/1478 6835/1971/1478 6836/1972/1478
f 6837/1972/1479 6838/1971/1479 6839/1973/1479
f 6837/1972/1479 6839/1973/1479 6840/1974/1479
f 6841/1974/1480 6842/1973/1480 6843/1975/1480
f 6841/1974/1480 6843/1975/1480 6844/1976/1480
f 6849/1977/1481 6847/1978/1481 6848/1979/1481
f 6847/1978/1481 6849/1977/1481 6846/1980/1481
f 6846/1980/1481 6849/1977/1481 6850/1981/1481
f 6846/1980/1481 6850/1981/1481 6845/1982/1481
f 6856/1983/1482 6854/1984/1482 6855/1985/1482
f 6854/1984/1482 6856/1983/1482 6851/1986/1482
f 6854/1984/1482 6851/1986/1482 6853/1987/1482
f 6853/1987/1482 6851/1986/1482 6852/1988/1482
o blockage.001_white_0
v -3.144683 0.643186 5.734759
v -2.917507 0.643186 5.607685
v -2.923232 0.661246 5.605726
v -3.144320 0.661246 5.729395
v -3.144320 0.661246 5.729395
v -2.923232 0.661246 5.605726
v -2.938870 0.674466 5.600373
v -3.143328 0.674466 5.714739
v -3.143328 0.674466 5.714739
v -2.938870 0.674466 5.600373
v -2.960233 0.679306 5.593060
v -3.141974 0.679306 5.694720
v -3.141974 0.679306 5.694720
v -2.960233 0.679306 5.593060
v -2.981597 0.674466 5.585748
v -3.140620 0.674466 5.674700
v -3.140620 0.674466 5.674700
v -2.981597 0.674466 5.585748
v -3.048824 0.661246 5.580395
v -3.139628 0.661246 5.660044
v -3.139628 0.661246 5.660044
v -3.048824 0.661246 5.580395
v -3.054689 0.643186 5.578468
v -3.139265 0.643186 5.654680
v -3.139265 0.643186 5.654680
v -3.054689 0.643186 5.578468
v -2.997236 0.625126 5.580395
v -3.139628 0.625126 5.660044
v -3.139628 0.625126 5.660044
v -2.997236 0.625126 5.580395
v -2.981597 0.611905 5.585748
v -3.140620 0.611905 5.674700
v -3.140620 0.611905 5.674700
v -2.981597 0.611905 5.585748
v -2.960233 0.607065 5.593060
v -3.141974 0.607065 5.694720
v -3.141974 0.607065 5.694720
v -2.960233 0.607065 5.593060
v -2.938870 0.611905 5.600373
v -3.143328 0.611905 5.714739
v -3.143328 0.611905 5.714739
v -2.938870 0.611905 5.600373
v -2.923232 0.625126 5.605726
v -3.144320 0.625126 5.729395
v -3.144320 0.625126 5.729395
v -2.923232 0.625126 5.605726
v -2.917507 0.643186 5.607685
v -3.144683 0.643186 5.734759
v -2.917507 0.643186 5.607685
v -2.985563 0.643186 5.379555
v -2.989464 0.661246 5.383708
v -2.923232 0.661246 5.605726
v -2.923232 0.661246 5.605726
v -2.989464 0.661246 5.383708
v -3.000121 0.674467 5.395055
v -2.938870 0.674466 5.600373
v -2.938870 0.674466 5.600373
v -3.000121 0.674467 5.395055
v -3.014678 0.679306 5.410556
v -2.960233 0.679306 5.593060
v -2.960233 0.679306 5.593060
v -3.014678 0.679306 5.410556
v -3.029236 0.674467 5.426056
v -2.981597 0.674466 5.585748
v -2.981597 0.674466 5.585748
v -3.029236 0.674467 5.426056
v -3.039893 0.661246 5.437404
v -3.048824 0.661246 5.580395
v -3.048824 0.661246 5.580395
v -3.039893 0.661246 5.437404
v -3.076987 0.646955 5.468942
v -3.054689 0.643186 5.578468
v -3.054689 0.643186 5.578468
v -3.076987 0.646955 5.468942
v -3.039893 0.625126 5.437404
v -2.997236 0.625126 5.580395
v -2.997236 0.625126 5.580395
v -3.039893 0.625126 5.437404
v -3.029236 0.611905 5.426056
v -2.981597 0.611905 5.585748
v -2.981597 0.611905 5.585748
v -3.029236 0.611905 5.426056
v -3.014678 0.607065 5.410556
v -2.960233 0.607065 5.593060
v -2.960233 0.607065 5.593060
v -3.014678 0.607065 5.410556
v -3.000121 0.611905 5.395055
v -2.938870 0.611905 5.600373
v -2.938870 0.611905 5.600373
v -3.000121 0.611905 5.395055
v -2.989464 0.625126 5.383708
v -2.923232 0.625126 5.605726
v -2.923232 0.625126 5.605726
v -2.989464 0.625126 5.383708
v -2.985563 0.643186 5.379555
v -2.917507 0.643186 5.607685
v -2.985563 0.643186 5.379555
v -3.254800 0.643186 5.365637
v -3.251486 0.661246 5.370163
v -2.989464 0.661246 5.383708
v -2.989464 0.661246 5.383708
v -3.251486 0.661246 5.370163
v -3.242434 0.674467 5.382529
v -3.000121 0.674467 5.395055
v -3.000121 0.674467 5.395055
v -3.242434 0.674467 5.382529
v -3.230067 0.679306 5.399422
v -3.014678 0.679306 5.410556
v -3.014678 0.679306 5.410556
v -3.230067 0.679306 5.399422
v -3.217701 0.674467 5.416314
v -3.029236 0.674467 5.426056
v -3.029236 0.674467 5.426056
v -3.217701 0.674467 5.416314
v -3.195048 0.661246 5.450873
v -3.039893 0.661246 5.437404
v -3.039893 0.661246 5.437404
v -3.195048 0.661246 5.450873
v -3.191734 0.643186 5.455400
v -3.076987 0.646955 5.468942
v -3.076987 0.646955 5.468942
v -3.191734 0.643186 5.455400
v -3.208649 0.625126 5.428680
v -3.039893 0.625126 5.437404
v -3.039893 0.625126 5.437404
v -3.208649 0.625126 5.428680
v -3.217701 0.611905 5.416314
v -3.029236 0.611905 5.426056
v -3.029236 0.611905 5.426056
v -3.217701 0.611905 5.416314
v -3.230067 0.607065 5.399422
v -3.014678 0.607065 5.410556
v -3.014678 0.607065 5.410556
v -3.230067 0.607065 5.399422
v -3.242434 0.611905 5.382529
v -3.000121 0.611905 5.395055
v -3.000121 0.611905 5.395055
v -3.242434 0.611905 5.382529
v -3.251486 0.625126 5.370163
v -2.989464 0.625126 5.383708
v -2.989464 0.625126 5.383708
v -3.251486 0.625126 5.370163
v -3.254800 0.643186 5.365637
v -2.985563 0.643186 5.379555
v -3.254800 0.643186 5.365637
v -3.353141 0.643186 5.585166
v -3.347193 0.661246 5.583809
v -3.251486 0.661246 5.370163
v -3.251486 0.661246 5.370163
v -3.347193 0.661246 5.583809
v -3.330941 0.674466 5.580105
v -3.242434 0.674467 5.382529
v -3.242434 0.674467 5.382529
v -3.330941 0.674466 5.580105
v -3.308741 0.679306 5.575045
v -3.230067 0.679306 5.399422
v -3.230067 0.679306 5.399422
v -3.308741 0.679306 5.575045
v -3.286540 0.674466 5.569984
v -3.217701 0.674467 5.416314
v -3.217701 0.674467 5.416314
v -3.286540 0.674466 5.569984
v -3.233730 0.661246 5.566279
v -3.195048 0.661246 5.450873
v -3.195048 0.661246 5.450873
v -3.233730 0.661246 5.566279
v -3.227782 0.643186 5.564923
v -3.191734 0.643186 5.455400
v -3.191734 0.643186 5.455400
v -3.227782 0.643186 5.564923
v -3.270289 0.625126 5.566279
v -3.208649 0.625126 5.428680
v -3.208649 0.625126 5.428680
v -3.270289 0.625126 5.566279
v -3.286540 0.611905 5.569984
v -3.217701 0.611905 5.416314
v -3.217701 0.611905 5.416314
v -3.286540 0.611905 5.569984
v -3.308741 0.607065 5.575045
v -3.230067 0.607065 5.399422
v -3.230067 0.607065 5.399422
v -3.308741 0.607065 5.575045
v -3.330941 0.611905 5.580105
v -3.242434 0.611905 5.382529
v -3.242434 0.611905 5.382529
v -3.330941 0.611905 5.580105
v -3.347193 0.625126 5.583809
v -3.251486 0.625126 5.370163
v -3.251486 0.625126 5.370163
v -3.347193 0.625126 5.583809
v -3.353141 0.643186 5.585166
v -3.254800 0.643186 5.365637
v -3.353141 0.643186 5.585166
v -3.144683 0.643186 5.734759
v -3.144320 0.661246 5.729395
v -3.347193 0.661246 5.583809
v -3.347193 0.661246 5.583809
v -3.144320 0.661246 5.729395
v -3.143328 0.674466 5.714739
v -3.330941 0.674466 5.580105
v -3.330941 0.674466 5.580105
v -3.143328 0.674466 5.714739
v -3.141974 0.679306 5.694720
v -3.308741 0.679306 5.575045
v -3.308741 0.679306 5.575045
v -3.141974 0.679306 5.694720
v -3.140620 0.674466 5.674700
v -3.286540 0.674466 5.569984
v -3.286540 0.674466 5.569984
v -3.140620 0.674466 5.674700
v -3.139628 0.661246 5.660044
v -3.233730 0.661246 5.566279
v -3.233730 0.661246 5.566279
v -3.139628 0.661246 5.660044
v -3.139265 0.643186 5.654680
v -3.227782 0.643186 5.564923
v -3.227782 0.643186 5.564923
v -3.139265 0.643186 5.654680
v -3.139628 0.625126 5.660044
v -3.270289 0.625126 5.566279
v -3.270289 0.625126 5.566279
v -3.139628 0.625126 5.660044
v -3.140620 0.611905 5.674700
v -3.286540 0.611905 5.569984
v -3.286540 0.611905 5.569984
v -3.140620 0.611905 5.674700
v -3.141974 0.607065 5.694720
v -3.308741 0.607065 5.575045
v -3.308741 0.607065 5.575045
v -3.141974 0.607065 5.694720
v -3.143328 0.611905 5.714739
v -3.330941 0.611905 5.580105
v -3.330941 0.611905 5.580105
v -3.143328 0.611905 5.714739
v -3.144320 0.625126 5.729395
v -3.347193 0.625126 5.583809
v -3.347193 0.625126 5.583809
v -3.144320 0.625126 5.729395
v -3.144683 0.643186 5.734759
v -3.353141 0.643186 5.585166
v -3.145156 0.691472 5.741757
v -2.910040 0.691472 5.610241
v -2.915965 0.710164 5.608213
v -3.144781 0.710164 5.736205
v -3.144781 0.710164 5.736205
v -2.915965 0.710164 5.608213
v -2.932150 0.723847 5.602673
v -3.143754 0.723846 5.721037
v -3.143754 0.723846 5.721037
v -2.932150 0.723847 5.602673
v -2.954260 0.728855 5.595105
v -3.142353 0.728855 5.700317
v -3.142353 0.728855 5.700317
v -2.954260 0.728855 5.595105
v -2.976370 0.723847 5.587537
v -3.140951 0.723847 5.679598
v -3.140951 0.723847 5.679598
v -2.976370 0.723847 5.587537
v -3.044285 0.710164 5.582030
v -3.139925 0.710164 5.664430
v -3.139925 0.710164 5.664430
v -3.044285 0.710164 5.582030
v -3.050068 0.691472 5.579968
v -3.139549 0.691472 5.658878
v -3.139549 0.691472 5.658878
v -3.050068 0.691472 5.579968
v -2.992555 0.672781 5.581996
v -3.139925 0.672781 5.664430
v -3.139925 0.672781 5.664430
v -2.992555 0.672781 5.581996
v -2.976370 0.659098 5.587537
v -3.140951 0.659098 5.679598
v -3.140951 0.659098 5.679598
v -2.976370 0.659098 5.587537
v -2.954260 0.654090 5.595105
v -3.142353 0.654090 5.700317
v -3.142353 0.654090 5.700317
v -2.954260 0.654090 5.595105
v -2.932150 0.659098 5.602673
v -3.143754 0.659098 5.721037
v -3.143754 0.659098 5.721037
v -2.932150 0.659098 5.602673
v -2.915965 0.672781 5.608213
v -3.144781 0.672781 5.736205
v -3.144781 0.672781 5.736205
v -2.915965 0.672781 5.608213
v -2.910040 0.691472 5.610241
v -3.145156 0.691472 5.741757
v -2.910040 0.691472 5.610241
v -2.980475 0.691472 5.374137
v -2.984512 0.710163 5.378436
v -2.915965 0.710164 5.608213
v -2.915965 0.710164 5.608213
v -2.984512 0.710163 5.378436
v -2.995542 0.723846 5.390179
v -2.932150 0.723847 5.602673
v -2.932150 0.723847 5.602673
v -2.995542 0.723846 5.390179
v -3.010608 0.728855 5.406221
v -2.954260 0.728855 5.595105
v -2.954260 0.728855 5.595105
v -3.010608 0.728855 5.406221
v -3.025674 0.723846 5.422264
v -2.976370 0.723847 5.587537
v -2.976370 0.723847 5.587537
v -3.025674 0.723846 5.422264
v -3.069897 0.713933 5.461392
v -3.044285 0.710164 5.582030
v -3.044285 0.710164 5.582030
v -3.069897 0.713933 5.461392
v -3.073935 0.695241 5.465691
v -3.050068 0.691472 5.579968
v -3.050068 0.691472 5.579968
v -3.073935 0.695241 5.465691
v -3.036704 0.672781 5.434008
v -2.992555 0.672781 5.581996
v -2.992555 0.672781 5.581996
v -3.036704 0.672781 5.434008
v -3.025674 0.659098 5.422264
v -2.976370 0.659098 5.587537
v -2.976370 0.659098 5.587537
v -3.025674 0.659098 5.422264
v -3.010608 0.654090 5.406221
v -2.954260 0.654090 5.595105
v -2.954260 0.654090 5.595105
v -3.010608 0.654090 5.406221
v -2.995542 0.659098 5.390179
v -2.932150 0.659098 5.602673
v -2.932150 0.659098 5.602673
v -2.995542 0.659098 5.390179
v -2.984512 0.672781 5.378436
v -2.915965 0.672781 5.608213
v -2.915965 0.672781 5.608213
v -2.984512 0.672781 5.378436
v -2.980475 0.691472 5.374137
v -2.910040 0.691472 5.610241
v -2.980475 0.691472 5.374137
v -3.259122 0.691472 5.359733
v -3.255692 0.710163 5.364417
v -2.984512 0.710163 5.378436
v -2.984512 0.710163 5.378436
v -3.255692 0.710163 5.364417
v -3.246324 0.723846 5.377215
v -2.995542 0.723846 5.390179
v -2.995542 0.723846 5.390179
v -3.246324 0.723846 5.377215
v -3.233525 0.728855 5.394698
v -3.010608 0.728855 5.406221
v -3.010608 0.728855 5.406221
v -3.233525 0.728855 5.394698
v -3.220727 0.723846 5.412181
v -3.025674 0.723846 5.422264
v -3.197757 0.710163 5.447173
v -3.069897 0.713933 5.461392
v -3.069897 0.713933 5.461392
v -3.197757 0.710163 5.447173
v -3.194327 0.691472 5.451857
v -3.073935 0.695241 5.465691
v -3.073935 0.695241 5.465691
v -3.194327 0.691472 5.451857
v -3.211358 0.672781 5.424979
v -3.036704 0.672781 5.434008
v -3.036704 0.672781 5.434008
v -3.211358 0.672781 5.424979
v -3.220727 0.659098 5.412181
v -3.025674 0.659098 5.422264
v -3.025674 0.659098 5.422264
v -3.220727 0.659098 5.412181
v -3.233525 0.654090 5.394698
v -3.010608 0.654090 5.406221
v -3.010608 0.654090 5.406221
v -3.233525 0.654090 5.394698
v -3.246324 0.659098 5.377215
v -2.995542 0.659098 5.390179
v -2.995542 0.659098 5.390179
v -3.246324 0.659098 5.377215
v -3.255692 0.672781 5.364417
v -2.984512 0.672781 5.378436
v -2.984512 0.672781 5.378436
v -3.255692 0.672781 5.364417
v -3.259122 0.691472 5.359733
v -2.980475 0.691472 5.374137
v -3.259122 0.691472 5.359733
v -3.360900 0.691472 5.586934
v -3.354744 0.710164 5.585531
v -3.255692 0.710163 5.364417
v -3.255692 0.710163 5.364417
v -3.354744 0.710164 5.585531
v -3.337924 0.723847 5.581697
v -3.246324 0.723846 5.377215
v -3.246324 0.723846 5.377215
v -3.337924 0.723847 5.581697
v -3.314948 0.728855 5.576459
v -3.233525 0.728855 5.394698
v -3.233525 0.728855 5.394698
v -3.314948 0.728855 5.576459
v -3.291972 0.723847 5.571222
v -3.220727 0.723846 5.412181
v -3.220727 0.723846 5.412181
v -3.291972 0.723847 5.571222
v -3.238594 0.710164 5.567388
v -3.197757 0.710163 5.447173
v -3.197757 0.710163 5.447173
v -3.238594 0.710164 5.567388
v -3.232437 0.691472 5.565985
v -3.194327 0.691472 5.451857
v -3.194327 0.691472 5.451857
v -3.232437 0.691472 5.565985
v -3.275152 0.672781 5.567388
v -3.211358 0.672781 5.424979
v -3.211358 0.672781 5.424979
v -3.275152 0.672781 5.567388
v -3.291972 0.659098 5.571222
v -3.220727 0.659098 5.412181
v -3.220727 0.659098 5.412181
v -3.291972 0.659098 5.571222
v -3.314948 0.654090 5.576459
v -3.233525 0.654090 5.394698
v -3.233525 0.654090 5.394698
v -3.314948 0.654090 5.576459
v -3.337924 0.659098 5.581697
v -3.246324 0.659098 5.377215
v -3.246324 0.659098 5.377215
v -3.337924 0.659098 5.581697
v -3.354744 0.672781 5.585531
v -3.255692 0.672781 5.364417
v -3.255692 0.672781 5.364417
v -3.354744 0.672781 5.585531
v -3.360900 0.691472 5.586934
v -3.259122 0.691472 5.359733
v -3.360900 0.691472 5.586934
v -3.145156 0.691472 5.741757
v -3.144781 0.710164 5.736205
v -3.354744 0.710164 5.585531
v -3.354744 0.710164 5.585531
v -3.144781 0.710164 5.736205
v -3.143754 0.723846 5.721037
v -3.337924 0.723847 5.581697
v -3.337924 0.723847 5.581697
v -3.143754 0.723846 5.721037
v -3.142353 0.728855 5.700317
v -3.314948 0.728855 5.576459
v -3.314948 0.728855 5.576459
v -3.142353 0.728855 5.700317
v -3.140951 0.723847 5.679598
v -3.291972 0.723847 5.571222
v -3.291972 0.723847 5.571222
v -3.140951 0.723847 5.679598
v -3.139925 0.710164 5.664430
v -3.238594 0.710164 5.567388
v -3.238594 0.710164 5.567388
v -3.139925 0.710164 5.664430
v -3.139549 0.691472 5.658878
v -3.232437 0.691472 5.565985
v -3.232437 0.691472 5.565985
v -3.139549 0.691472 5.658878
v -3.139925 0.672781 5.664430
v -3.275152 0.672781 5.567388
v -3.275152 0.672781 5.567388
v -3.139925 0.672781 5.664430
v -3.140951 0.659098 5.679598
v -3.291972 0.659098 5.571222
v -3.291972 0.659098 5.571222
v -3.140951 0.659098 5.679598
v -3.142353 0.654090 5.700317
v -3.314948 0.654090 5.576459
v -3.314948 0.654090 5.576459
v -3.142353 0.654090 5.700317
v -3.143754 0.659098 5.721037
v -3.337924 0.659098 5.581697
v -3.337924 0.659098 5.581697
v -3.143754 0.659098 5.721037
v -3.144781 0.672781 5.736205
v -3.354744 0.672781 5.585531
v -3.354744 0.672781 5.585531
v -3.144781 0.672781 5.736205
v -3.145156 0.691472 5.741757
v -3.360900 0.691472 5.586934
vn 0.4737 0.2420 0.8468
vn 0.3573 0.6813 0.6388
vn 0.1350 0.9610 0.2414
vn -0.1350 0.9610 -0.2414
vn -0.2474 0.8969 -0.3665
vn -0.2473 0.8970 -0.3665
vn -0.2473 0.8969 -0.3665
vn -0.2474 0.8969 -0.3666
vn -0.6441 0.2444 -0.7248
vn -0.6443 0.2445 -0.7246
vn -0.3882 -0.7277 -0.5654
vn -0.3883 -0.7278 -0.5653
vn -0.3573 -0.6813 -0.6388
vn -0.1350 -0.9610 -0.2414
vn 0.1350 -0.9610 0.2414
vn 0.3573 -0.6813 0.6388
vn 0.4737 -0.2420 0.8468
vn 0.9245 0.2631 -0.2758
vn 0.6716 0.7133 -0.2004
vn 0.2440 0.9670 -0.0728
vn -0.2440 0.9670 0.0728
vn -0.3184 0.9471 0.0407
vn -0.5820 0.8121 0.0429
vn -0.5819 0.8121 0.0429
vn -0.5819 0.8121 0.0430
vn -0.3660 -0.9271 0.0803
vn -0.3660 -0.9272 0.0803
vn -0.6716 -0.7133 0.2004
vn -0.2440 -0.9670 0.0728
vn 0.2440 -0.9670 -0.0728
vn 0.6716 -0.7133 -0.2004
vn 0.9245 -0.2631 -0.2758
vn 0.0502 0.2341 -0.9709
vn 0.0384 0.6684 -0.7428
vn 0.0147 0.9583 -0.2853
vn -0.0147 0.9583 0.2853
vn 0.0054 0.8671 0.4981
vn 0.0054 0.8671 0.4980
vn -0.0107 0.7493 0.6621
vn -0.0107 0.7493 0.6622
vn -0.0106 0.7493 0.6622
vn -0.0106 0.7493 0.6621
vn -0.0327 -0.8299 0.5569
vn -0.0384 -0.6684 0.7428
vn -0.0147 -0.9583 0.2853
vn 0.0147 -0.9583 -0.2853
vn 0.0384 -0.6684 -0.7428
vn 0.0502 -0.2341 -0.9709
vn -0.8811 0.2606 -0.3947
vn -0.6430 0.7097 -0.2880
vn -0.2346 0.9664 -0.1051
vn 0.2346 0.9664 0.1051
vn 0.2865 0.9512 0.1145
vn 0.9159 0.2616 0.3043
vn 0.9160 0.2616 0.3042
vn 0.9160 0.2616 0.3043
vn 0.4540 -0.8728 0.1795
vn 0.4539 -0.8728 0.1794
vn 0.4539 -0.8728 0.1795
vn 0.6430 -0.7097 0.2880
vn 0.2346 -0.9664 0.1051
vn -0.2346 -0.9664 -0.1051
vn -0.6430 -0.7097 -0.2880
vn -0.8811 -0.2606 -0.3947
vn -0.5652 0.2453 0.7876
vn -0.4239 0.6866 0.5907
vn -0.1591 0.9620 0.2218
vn 0.1591 0.9620 -0.2218
vn 0.3053 0.8777 -0.3692
vn 0.3054 0.8777 -0.3693
vn 0.6869 0.2472 -0.6835
vn 0.6868 0.2472 -0.6835
vn 0.4761 -0.6709 -0.5686
vn 0.4761 -0.6708 -0.5686
vn 0.4760 -0.6709 -0.5686
vn 0.4239 -0.6866 -0.5907
vn 0.1591 -0.9620 -0.2218
vn -0.1591 -0.9620 0.2218
vn -0.4239 -0.6866 0.5907
vn -0.5652 -0.2453 0.7876
vn -0.2502 0.8934 -0.3732
vn -0.2502 0.8934 -0.3731
vn -0.6376 0.2412 -0.7317
vn -0.6375 0.2412 -0.7317
vn -0.3926 -0.7168 -0.5763
vn -0.3925 -0.7168 -0.5762
vn -0.3926 -0.7168 -0.5762
vn -0.1877 0.9803 0.0621
vn -0.1876 0.9803 0.0621
vn -0.9431 0.2601 0.2070
vn -0.3747 -0.9233 0.0839
vn -0.3748 -0.9233 0.0839
vn 0.0384 0.6685 -0.7428
vn -0.0247 0.9566 0.2902
vn -0.0240 0.9568 0.2897
vn -0.0333 0.9551 0.2945
vn -0.1162 0.2338 0.9653
vn -0.1162 0.2339 0.9653
vn -0.0334 -0.8231 0.5669
vn -0.0384 -0.6685 0.7428
vn 0.0384 -0.6685 -0.7428
vn 0.2923 0.9491 0.1173
vn 0.9147 0.2616 0.3081
vn 0.9147 0.2616 0.3080
vn 0.4637 -0.8666 0.1842
vn 0.3086 0.8741 -0.3752
vn 0.3087 0.8741 -0.3752
vn 0.3087 0.8740 -0.3752
vn 0.3086 0.8741 -0.3751
vn 0.6822 0.2472 -0.6881
vn 0.4802 -0.6609 -0.5767
vn 0.4802 -0.6608 -0.5768
vn 0.4802 -0.6609 -0.5768
vt 0.600000 0.500000
vt 0.800000 0.500000
vt 0.800000 0.416667
vt 0.600000 0.416667
vt 0.800000 0.333333
vt 0.600000 0.333333
vt 0.800000 0.250000
vt 0.600000 0.250000
vt 0.800000 0.166667
vt 0.600000 0.166667
vt 0.800000 0.083333
vt 0.600000 0.083333
vt 0.800000 0.000000
vt 0.600000 0.000000
vt 0.600000 1.000000
vt 0.800000 1.000000
vt 0.800000 0.916667
vt 0.600000 0.916667
vt 0.800000 0.833333
vt 0.600000 0.833333
vt 0.800000 0.750000
vt 0.600000 0.750000
vt 0.800000 0.666667
vt 0.600000 0.666667
vt 0.800000 0.583333
vt 0.600000 0.583333
vt 1.000000 0.500000
vt 1.000000 0.416667
vt 1.000000 0.333333
vt 1.000000 0.250000
vt 1.000000 0.166667
vt 1.000000 0.083333
vt 1.000000 0.000000
vt 1.000000 1.000000
vt 1.000000 0.916667
vt 1.000000 0.833333
vt 1.000000 0.750000
vt 1.000000 0.666667
vt 1.000000 0.583333
vt 0.000000 0.500000
vt 0.200000 0.500000
vt 0.200000 0.416667
vt 0.000000 0.416667
vt 0.200000 0.333333
vt 0.000000 0.333333
vt 0.200000 0.250000
vt 0.000000 0.250000
vt 0.200000 0.166667
vt 0.000000 0.166667
vt 0.200000 0.083333
vt 0.000000 0.083333
vt 0.200000 0.000000
vt 0.000000 0.000000
vt 0.000000 1.000000
vt 0.200000 1.000000
vt 0.200000 0.916667
vt 0.000000 0.916667
vt 0.200000 0.833333
vt 0.000000 0.833333
vt 0.200000 0.750000
vt 0.000000 0.750000
vt 0.200000 0.666667
vt 0.000000 0.666667
vt 0.200000 0.583333
vt 0.000000 0.583333
vt 0.400000 0.500000
vt 0.400000 0.416667
vt 0.400000 0.333333
vt 0.400000 0.250000
vt 0.400000 0.166667
vt 0.400000 0.083333
vt 0.400000 0.000000
vt 0.400000 1.000000
vt 0.400000 0.916667
vt 0.400000 0.833333
vt 0.400000 0.750000
vt 0.400000 0.666667
vt 0.400000 0.583333
s 0
usemtl white
f 6857/1989/1483 6858/1990/1483 6859/1991/1483
f 6857/1989/1483 6859/1991/1483 6860/1992/1483
f 6861/1992/1484 6862/1991/1484 6863/1993/1484
f 6861/1992/1484 6863/1993/1484 6864/1994/1484
f 6865/1994/1485 6866/1993/1485 6867/1995/1485
f 6865/1994/1485 6867/1995/1485 6868/1996/1485
f 6869/1996/1486 6870/1995/1486 6871/1997/1486
f 6869/1996/1486 6871/1997/1486 6872/1998/1486
s 1
f 6873/1998/1487 6874/1997/1488 6875/1999/1489
f 6873/1998/1487 6875/1999/1489 6876/2000/1490
f 6877/2000/1491 6878/1999/1492 6879/2001/1491
f 6877/2000/1491 6879/2001/1491 6880/2002/1491
f 6881/2003/1493 6882/2004/1494 6883/2005/1494
f 6881/2003/1493 6883/2005/1494 6884/2006/1494
s 0
f 6885/2006/1495 6886/2005/1495 6887/2007/1495
f 6885/2006/1495 6887/2007/1495 6888/2008/1495
f 6889/2008/1496 6890/2007/1496 6891/2009/1496
f 6889/2008/1496 6891/2009/1496 6892/2010/1496
f 6893/2010/1497 6894/2009/1497 6895/2011/1497
f 6893/2010/1497 6895/2011/1497 6896/2012/1497
f 6897/2012/1498 6898/2011/1498 6899/2013/1498
f 6897/2012/1498 6899/2013/1498 6900/2014/1498
f 6901/2014/1499 6902/2013/1499 6903/1990/1499
f 6901/2014/1499 6903/1990/1499 6904/1989/1499
f 6905/1990/1500 6906/2015/1500 6907/2016/1500
f 6905/1990/1500 6907/2016/1500 6908/1991/1500
s 1
f 6909/1991/1501 6910/2016/1501 6911/2017/1501
s 0
f 6909/1991/1501 6911/2017/1501 6912/1993/1501
f 6913/1993/1502 6914/2017/1502 6915/2018/1502
f 6913/1993/1502 6915/2018/1502 6916/1995/1502
f 6917/1995/1503 6918/2018/1503 6919/2019/1503
f 6917/1995/1503 6919/2019/1503 6920/1997/1503
s 1
f 6921/1997/1504 6922/2019/1504 6923/2020/1504
f 6921/1997/1504 6923/2020/1504 6924/1999/1504
f 6925/1999/1505 6926/2020/1506 6927/2021/1506
f 6925/1999/1505 6927/2021/1506 6928/2001/1507
f 6929/2004/1508 6930/2022/1508 6931/2023/1508
f 6929/2004/1508 6931/2023/1508 6932/2005/1509
f 6933/2005/1510 6934/2023/1510 6935/2024/1510
s 0
f 6933/2005/1510 6935/2024/1510 6936/2007/1510
f 6937/2007/1511 6938/2024/1511 6939/2025/1511
f 6937/2007/1511 6939/2025/1511 6940/2009/1511
f 6941/2009/1512 6942/2025/1512 6943/2026/1512
f 6941/2009/1512 6943/2026/1512 6944/2011/1512
f 6945/2011/1513 6946/2026/1513 6947/2027/1513
f 6945/2011/1513 6947/2027/1513 6948/2013/1513
f 6949/2013/1514 6950/2027/1514 6951/2015/1514
f 6949/2013/1514 6951/2015/1514 6952/1990/1514
f 6953/2028/1515 6954/2029/1515 6955/2030/1515
f 6953/2028/1515 6955/2030/1515 6956/2031/1515
s 1
f 6957/2031/1516 6958/2030/1516 6959/2032/1516
s 0
f 6957/2031/1516 6959/2032/1516 6960/2033/1516
f 6961/2033/1517 6962/2032/1517 6963/2034/1517
f 6961/2033/1517 6963/2034/1517 6964/2035/1517
f 6965/2035/1518 6966/2034/1518 6967/2036/1518
f 6965/2035/1518 6967/2036/1518 6968/2037/1518
s 1
f 6969/2037/1519 6970/2036/1520 6971/2038/1520
f 6969/2037/1519 6971/2038/1520 6972/2039/1519
f 6973/2039/1521 6974/2038/1522 6975/2040/1523
f 6973/2039/1521 6975/2040/1523 6976/2041/1524
f 6977/2042/1525 6978/2043/1525 6979/2044/1525
f 6977/2042/1525 6979/2044/1525 6980/2045/1525
s 0
f 6981/2045/1526 6982/2044/1526 6983/2046/1526
f 6981/2045/1526 6983/2046/1526 6984/2047/1526
f 6985/2047/1527 6986/2046/1527 6987/2048/1527
f 6985/2047/1527 6987/2048/1527 6988/2049/1527
f 6989/2049/1528 6990/2048/1528 6991/2050/1528
f 6989/2049/1528 6991/2050/1528 6992/2051/1528
f 6993/2051/1529 6994/2050/1529 6995/2052/1529
f 6993/2051/1529 6995/2052/1529 6996/2053/1529
s 1
f 6997/2053/1530 6998/2052/1530 6999/2029/1530
s 0
f 6997/2053/1530 6999/2029/1530 7000/2028/1530
f 7001/2029/1531 7002/2054/1531 7003/2055/1531
f 7001/2029/1531 7003/2055/1531 7004/2030/1531
f 7005/2030/1532 7006/2055/1532 7007/2056/1532
f 7005/2030/1532 7007/2056/1532 7008/2032/1532
f 7009/2032/1533 7010/2056/1533 7011/2057/1533
f 7009/2032/1533 7011/2057/1533 7012/2034/1533
f 7013/2034/1534 7014/2057/1534 7015/2058/1534
f 7013/2034/1534 7015/2058/1534 7016/2036/1534
s 1
f 7017/2036/1535 7018/2058/1535 7019/2059/1535
f 7017/2036/1535 7019/2059/1535 7020/2038/1535
f 7021/2038/1536 7022/2059/1537 7023/2060/1536
f 7021/2038/1536 7023/2060/1536 7024/2040/1538
f 7025/2043/1539 7026/2061/1540 7027/2062/1540
f 7025/2043/1539 7027/2062/1540 7028/2044/1541
s 0
f 7029/2044/1542 7030/2062/1542 7031/2063/1542
f 7029/2044/1542 7031/2063/1542 7032/2046/1542
f 7033/2046/1543 7034/2063/1543 7035/2064/1543
f 7033/2046/1543 7035/2064/1543 7036/2048/1543
f 7037/2048/1544 7038/2064/1544 7039/2065/1544
f 7037/2048/1544 7039/2065/1544 7040/2050/1544
f 7041/2050/1545 7042/2065/1545 7043/2066/1545
f 7041/2050/1545 7043/2066/1545 7044/2052/1545
f 7045/2052/1546 7046/2066/1546 7047/2054/1546
f 7045/2052/1546 7047/2054/1546 7048/2029/1546
f 7049/2054/1547 7050/1989/1547 7051/1992/1547
f 7049/2054/1547 7051/1992/1547 7052/2055/1547
f 7053/2055/1548 7054/1992/1548 7055/1994/1548
f 7053/2055/1548 7055/1994/1548 7056/2056/1548
f 7057/2056/1549 7058/1994/1549 7059/1996/1549
f 7057/2056/1549 7059/1996/1549 7060/2057/1549
f 7061/2057/1550 7062/1996/1550 7063/1998/1550
f 7061/2057/1550 7063/1998/1550 7064/2058/1550
s 1
f 7065/2058/1551 7066/1998/1552 7067/2000/1552
f 7065/2058/1551 7067/2000/1552 7068/2059/1551
f 7069/2059/1553 7070/2000/1553 7071/2002/1554
f 7069/2059/1553 7071/2002/1554 7072/2060/1553
f 7073/2061/1555 7074/2003/1556 7075/2006/1556
f 7073/2061/1555 7075/2006/1556 7076/2062/1557
s 0
f 7077/2062/1558 7078/2006/1558 7079/2008/1558
f 7077/2062/1558 7079/2008/1558 7080/2063/1558
f 7081/2063/1559 7082/2008/1559 7083/2010/1559
f 7081/2063/1559 7083/2010/1559 7084/2064/1559
f 7085/2064/1560 7086/2010/1560 7087/2012/1560
f 7085/2064/1560 7087/2012/1560 7088/2065/1560
f 7089/2065/1561 7090/2012/1561 7091/2014/1561
f 7089/2065/1561 7091/2014/1561 7092/2066/1561
f 7093/2066/1562 7094/2014/1562 7095/1989/1562
f 7093/2066/1562 7095/1989/1562 7096/2054/1562
f 7097/1989/1483 7098/1990/1483 7099/1991/1483
f 7097/1989/1483 7099/1991/1483 7100/1992/1483
f 7101/1992/1484 7102/1991/1484 7103/1993/1484
f 7101/1992/1484 7103/1993/1484 7104/1994/1484
f 7105/1994/1485 7106/1993/1485 7107/1995/1485
f 7105/1994/1485 7107/1995/1485 7108/1996/1485
f 7109/1996/1486 7110/1995/1486 7111/1997/1486
f 7109/1996/1486 7111/1997/1486 7112/1998/1486
s 1
f 7113/1998/1563 7114/1997/1564 7115/1999/1563
f 7113/1998/1563 7115/1999/1563 7116/2000/1563
f 7117/2000/1565 7118/1999/1566 7119/2001/1565
f 7117/2000/1565 7119/2001/1565 7120/2002/1565
f 7121/2003/1567 7122/2004/1568 7123/2005/1569
f 7121/2003/1567 7123/2005/1569 7124/2006/1569
s 0
f 7125/2006/1495 7126/2005/1495 7127/2007/1495
f 7125/2006/1495 7127/2007/1495 7128/2008/1495
f 7129/2008/1496 7130/2007/1496 7131/2009/1496
f 7129/2008/1496 7131/2009/1496 7132/2010/1496
f 7133/2010/1497 7134/2009/1497 7135/2011/1497
f 7133/2010/1497 7135/2011/1497 7136/2012/1497
f 7137/2012/1498 7138/2011/1498 7139/2013/1498
f 7137/2012/1498 7139/2013/1498 7140/2014/1498
f 7141/2014/1499 7142/2013/1499 7143/1990/1499
f 7141/2014/1499 7143/1990/1499 7144/1989/1499
f 7145/1990/1500 7146/2015/1500 7147/2016/1500
f 7145/1990/1500 7147/2016/1500 7148/1991/1500
f 7149/1991/1501 7150/2016/1501 7151/2017/1501
f 7149/1991/1501 7151/2017/1501 7152/1993/1501
f 7153/1993/1502 7154/2017/1502 7155/2018/1502
f 7153/1993/1502 7155/2018/1502 7156/1995/1502
f 7157/1995/1503 7158/2018/1503 7159/2019/1503
f 7157/1995/1503 7159/2019/1503 7160/1997/1503
s 1
f 7161/1997/1570 7162/2019/1570 7163/2020/1571
f 7161/1997/1570 7163/2020/1571 7164/1999/1570
f 7165/1999/1572 7166/2020/1572 7167/2021/1572
f 7165/1999/1572 7167/2021/1572 7168/2001/1572
f 7169/2004/1573 7170/2022/1574 7171/2023/1574
f 7169/2004/1573 7171/2023/1574 7172/2005/1573
s 0
f 7173/2005/1510 7174/2023/1510 7175/2024/1510
f 7173/2005/1510 7175/2024/1510 7176/2007/1510
f 7177/2007/1511 7178/2024/1511 7179/2025/1511
f 7177/2007/1511 7179/2025/1511 7180/2009/1511
f 7181/2009/1512 7182/2025/1512 7183/2026/1512
f 7181/2009/1512 7183/2026/1512 7184/2011/1512
f 7185/2011/1513 7186/2026/1513 7187/2027/1513
f 7185/2011/1513 7187/2027/1513 7188/2013/1513
f 7189/2013/1514 7190/2027/1514 7191/2015/1514
f 7189/2013/1514 7191/2015/1514 7192/1990/1514
f 7193/2028/1515 7194/2029/1515 7195/2030/1515
f 7193/2028/1515 7195/2030/1515 7196/2031/1515
f 7197/2031/1575 7198/2030/1575 7199/2032/1575
f 7197/2031/1516 7199/2032/1516 7200/2033/1516
f 7201/2033/1517 7202/2032/1517 7203/2034/1517
f 7201/2033/1517 7203/2034/1517 7204/2035/1517
s 1
f 7205/2035/1518 7206/2034/1518 7207/2036/1576
f 7205/2035/1518 7207/2036/1576 7208/2037/1577
f 7208/2037/1577 7207/2036/1576 7209/2038/1578
f 7208/2037/1577 7209/2038/1578 7210/2039/1578
f 7211/2039/1579 7212/2038/1579 7213/2040/1580
f 7211/2039/1579 7213/2040/1580 7214/2041/1579
f 7215/2042/1581 7216/2043/1581 7217/2044/1581
f 7215/2042/1581 7217/2044/1581 7218/2045/1581
s 0
f 7219/2045/1582 7220/2044/1582 7221/2046/1582
f 7219/2045/1582 7221/2046/1582 7222/2047/1582
f 7223/2047/1527 7224/2046/1527 7225/2048/1527
f 7223/2047/1527 7225/2048/1527 7226/2049/1527
f 7227/2049/1528 7228/2048/1528 7229/2050/1528
f 7227/2049/1528 7229/2050/1528 7230/2051/1528
f 7231/2051/1583 7232/2050/1583 7233/2052/1583
f 7231/2051/1529 7233/2052/1529 7234/2053/1529
f 7235/2053/1530 7236/2052/1530 7237/2029/1530
f 7235/2053/1530 7237/2029/1530 7238/2028/1530
f 7239/2029/1531 7240/2054/1531 7241/2055/1531
f 7239/2029/1531 7241/2055/1531 7242/2030/1531
f 7243/2030/1532 7244/2055/1532 7245/2056/1532
f 7243/2030/1532 7245/2056/1532 7246/2032/1532
f 7247/2032/1533 7248/2056/1533 7249/2057/1533
f 7247/2032/1533 7249/2057/1533 7250/2034/1533
f 7251/2034/1534 7252/2057/1534 7253/2058/1534
f 7251/2034/1534 7253/2058/1534 7254/2036/1534
s 1
f 7255/2036/1584 7256/2058/1584 7257/2059/1584
f 7255/2036/1584 7257/2059/1584 7258/2038/1584
f 7259/2038/1585 7260/2059/1586 7261/2060/1585
f 7259/2038/1585 7261/2060/1585 7262/2040/1585
f 7263/2043/1587 7264/2061/1587 7265/2062/1587
f 7263/2043/1587 7265/2062/1587 7266/2044/1587
s 0
f 7267/2044/1542 7268/2062/1542 7269/2063/1542
f 7267/2044/1542 7269/2063/1542 7270/2046/1542
s 1
f 7271/2046/1543 7272/2063/1543 7273/2064/1543
s 0
f 7271/2046/1543 7273/2064/1543 7274/2048/1543
f 7275/2048/1544 7276/2064/1544 7277/2065/1544
f 7275/2048/1544 7277/2065/1544 7278/2050/1544
f 7279/2050/1545 7280/2065/1545 7281/2066/1545
f 7279/2050/1545 7281/2066/1545 7282/2052/1545
f 7283/2052/1546 7284/2066/1546 7285/2054/1546
f 7283/2052/1546 7285/2054/1546 7286/2029/1546
f 7287/2054/1547 7288/1989/1547 7289/1992/1547
f 7287/2054/1547 7289/1992/1547 7290/2055/1547
f 7291/2055/1548 7292/1992/1548 7293/1994/1548
f 7291/2055/1548 7293/1994/1548 7294/2056/1548
f 7295/2056/1549 7296/1994/1549 7297/1996/1549
f 7295/2056/1549 7297/1996/1549 7298/2057/1549
f 7299/2057/1550 7300/1996/1550 7301/1998/1550
f 7299/2057/1550 7301/1998/1550 7302/2058/1550
s 1
f 7303/2058/1588 7304/1998/1589 7305/2000/1590
f 7303/2058/1588 7305/2000/1590 7306/2059/1591
f 7307/2059/1592 7308/2000/1592 7309/2002/1592
f 7307/2059/1592 7309/2002/1592 7310/2060/1592
f 7311/2061/1593 7312/2003/1593 7313/2006/1594
f 7311/2061/1593 7313/2006/1594 7314/2062/1595
s 0
f 7315/2062/1558 7316/2006/1558 7317/2008/1558
s 1
f 7315/2062/1558 7317/2008/1558 7318/2063/1558
s 0
f 7319/2063/1559 7320/2008/1559 7321/2010/1559
f 7319/2063/1559 7321/2010/1559 7322/2064/1559
f 7323/2064/1560 7324/2010/1560 7325/2012/1560
f 7323/2064/1560 7325/2012/1560 7326/2065/1560
f 7327/2065/1561 7328/2012/1561 7329/2014/1561
f 7327/2065/1561 7329/2014/1561 7330/2066/1561
f 7331/2066/1562 7332/2014/1562 7333/1989/1562
f 7331/2066/1562 7333/1989/1562 7334/2054/1562
o blockage.002_Material.016_0
v -3.163188 0.175867 6.221076
v -3.095557 0.840487 6.225076
v -3.165621 0.840487 6.339562
v -3.195688 0.175867 6.274182
v -3.195688 0.175867 6.274182
v -3.165621 0.840487 6.339562
v -3.291767 0.840487 6.332102
v -3.254203 0.175867 6.270721
v -3.254203 0.175867 6.270721
v -3.291767 0.840487 6.332102
v -3.347849 0.840487 6.210155
v -3.280217 0.175867 6.214155
v -3.280217 0.175867 6.214155
v -3.347849 0.840487 6.210155
v -3.277785 0.840487 6.095669
v -3.247717 0.175867 6.161049
v -3.247717 0.175867 6.161049
v -3.277785 0.840487 6.095669
v -3.151639 0.840487 6.103129
v -3.189203 0.175867 6.164509
v -3.189203 0.175867 6.164509
v -3.151639 0.840487 6.103129
v -3.095557 0.840487 6.225076
v -3.163188 0.175867 6.221076
v -3.165621 0.840487 6.339562
v -3.095557 0.840487 6.225076
v -3.151639 0.840487 6.103129
v -3.277785 0.840487 6.095669
v -3.347849 0.840487 6.210155
v -3.291767 0.840487 6.332102
v -3.163188 0.175867 6.221076
v -3.195688 0.175867 6.274182
v -3.254203 0.175867 6.270721
v -3.280217 0.175867 6.214155
v -3.247717 0.175867 6.161049
v -3.189203 0.175867 6.164509
vn 0.8495 -0.0896 0.5199
vn -0.0588 -0.0951 0.9937
vn -0.9049 -0.0896 0.4161
vn -0.8495 -0.0896 -0.5199
vn 0.0588 -0.0951 -0.9937
vn 0.9049 -0.0896 -0.4161
vn -0.0000 1.0000 -0.0000
vn -0.0000 -1.0000 -0.0000
vt 1.000000 0.500000
vt 1.000000 0.000000
vt 0.833333 0.000000
vt 0.833333 0.500000
vt 0.666667 0.000000
vt 0.666667 0.500000
vt 0.500000 0.000000
vt 0.500000 0.500000
vt 0.333333 0.000000
vt 0.333333 0.500000
vt 0.166667 0.000000
vt 0.166667 0.500000
vt -0.000000 0.000000
vt -0.000000 0.500000
vt 0.250000 0.990000
vt 0.042154 0.630000
vt 0.042154 0.870000
vt 0.250000 0.510000
vt 0.457846 0.870000
vt 0.457846 0.630000
vt 0.542154 0.630000
vt 0.750000 0.990000
vt 0.542154 0.870000
vt 0.750000 0.510000
vt 0.957846 0.870000
vt 0.957846 0.630000
s 0
usemtl Material.016
f 7335/2067/1596 7336/2068/1596 7337/2069/1596
f 7335/2067/1596 7337/2069/1596 7338/2070/1596
f 7339/2070/1597 7340/2069/1597 7341/2071/1597
f 7339/2070/1597 7341/2071/1597 7342/2072/1597
f 7343/2072/1598 7344/2071/1598 7345/2073/1598
f 7343/2072/1598 7345/2073/1598 7346/2074/1598
f 7347/2074/1599 7348/2073/1599 7349/2075/1599
f 7347/2074/1599 7349/2075/1599 7350/2076/1599
f 7351/2076/1600 7352/2075/1600 7353/2077/1600
f 7351/2076/1600 7353/2077/1600 7354/2078/1600
f 7355/2078/1601 7356/2077/1601 7357/2079/1601
f 7355/2078/1601 7357/2079/1601 7358/2080/1601
f 7363/2081/1602 7361/2082/1602 7362/2083/1602
f 7361/2082/1602 7363/2081/1602 7360/2084/1602
f 7360/2084/1602 7363/2081/1602 7364/2085/1602
f 7360/2084/1602 7364/2085/1602 7359/2086/1602
f 7370/2087/1603 7368/2088/1603 7369/2089/1603
f 7368/2088/1603 7370/2087/1603 7365/2090/1603
f 7368/2088/1603 7365/2090/1603 7367/2091/1603
f 7367/2091/1603 7365/2090/1603 7366/2092/1603
o blockage.002_white_0
v -3.228191 0.643186 6.403766
v -3.001015 0.643186 6.276691
v -3.006740 0.661246 6.274732
v -3.227828 0.661246 6.398401
v -3.227828 0.661246 6.398401
v -3.006740 0.661246 6.274732
v -3.022379 0.674466 6.269379
v -3.226837 0.674466 6.383746
v -3.226837 0.674466 6.383746
v -3.022379 0.674466 6.269379
v -3.043742 0.679306 6.262066
v -3.225482 0.679306 6.363726
v -3.225482 0.679306 6.363726
v -3.043742 0.679306 6.262066
v -3.065105 0.674466 6.254754
v -3.224128 0.674466 6.343706
v -3.224128 0.674466 6.343706
v -3.065105 0.674466 6.254754
v -3.132332 0.661246 6.249401
v -3.223136 0.661246 6.329051
v -3.223136 0.661246 6.329051
v -3.132332 0.661246 6.249401
v -3.138197 0.643186 6.247475
v -3.222774 0.643186 6.323686
v -3.222774 0.643186 6.323686
v -3.138197 0.643186 6.247475
v -3.080744 0.625126 6.249401
v -3.223136 0.625126 6.329051
v -3.223136 0.625126 6.329051
v -3.080744 0.625126 6.249401
v -3.065105 0.611905 6.254754
v -3.224128 0.611905 6.343706
v -3.224128 0.611905 6.343706
v -3.065105 0.611905 6.254754
v -3.043742 0.607065 6.262066
v -3.225482 0.607065 6.363726
v -3.225482 0.607065 6.363726
v -3.043742 0.607065 6.262066
v -3.022379 0.611905 6.269379
v -3.226837 0.611905 6.383746
v -3.226837 0.611905 6.383746
v -3.022379 0.611905 6.269379
v -3.006740 0.625126 6.274732
v -3.227828 0.625126 6.398401
v -3.227828 0.625126 6.398401
v -3.006740 0.625126 6.274732
v -3.001015 0.643186 6.276691
v -3.228191 0.643186 6.403766
v -3.001015 0.643186 6.276691
v -3.069072 0.643186 6.048561
v -3.072972 0.661246 6.052714
v -3.006740 0.661246 6.274732
v -3.006740 0.661246 6.274732
v -3.072972 0.661246 6.052714
v -3.083629 0.674467 6.064062
v -3.022379 0.674466 6.269379
v -3.022379 0.674466 6.269379
v -3.083629 0.674467 6.064062
v -3.098187 0.679306 6.079562
v -3.043742 0.679306 6.262066
v -3.043742 0.679306 6.262066
v -3.098187 0.679306 6.079562
v -3.112744 0.674467 6.095063
v -3.065105 0.674466 6.254754
v -3.065105 0.674466 6.254754
v -3.112744 0.674467 6.095063
v -3.123401 0.661246 6.106410
v -3.132332 0.661246 6.249401
v -3.132332 0.661246 6.249401
v -3.123401 0.661246 6.106410
v -3.160496 0.646955 6.137948
v -3.138197 0.643186 6.247475
v -3.138197 0.643186 6.247475
v -3.160496 0.646955 6.137948
v -3.123401 0.625126 6.106410
v -3.080744 0.625126 6.249401
v -3.080744 0.625126 6.249401
v -3.123401 0.625126 6.106410
v -3.112744 0.611905 6.095063
v -3.065105 0.611905 6.254754
v -3.065105 0.611905 6.254754
v -3.112744 0.611905 6.095063
v -3.098187 0.607065 6.079562
v -3.043742 0.607065 6.262066
v -3.043742 0.607065 6.262066
v -3.098187 0.607065 6.079562
v -3.083629 0.611905 6.064062
v -3.022379 0.611905 6.269379
v -3.022379 0.611905 6.269379
v -3.083629 0.611905 6.064062
v -3.072972 0.625126 6.052714
v -3.006740 0.625126 6.274732
v -3.006740 0.625126 6.274732
v -3.072972 0.625126 6.052714
v -3.069072 0.643186 6.048561
v -3.001015 0.643186 6.276691
v -3.069072 0.643186 6.048561
v -3.338308 0.643186 6.034643
v -3.334994 0.661246 6.039169
v -3.072972 0.661246 6.052714
v -3.072972 0.661246 6.052714
v -3.334994 0.661246 6.039169
v -3.325942 0.674467 6.051536
v -3.083629 0.674467 6.064062
v -3.083629 0.674467 6.064062
v -3.325942 0.674467 6.051536
v -3.313576 0.679306 6.068428
v -3.098187 0.679306 6.079562
v -3.098187 0.679306 6.079562
v -3.313576 0.679306 6.068428
v -3.301210 0.674467 6.085320
v -3.112744 0.674467 6.095063
v -3.112744 0.674467 6.095063
v -3.301210 0.674467 6.085320
v -3.278556 0.661246 6.119880
v -3.123401 0.661246 6.106410
v -3.123401 0.661246 6.106410
v -3.278556 0.661246 6.119880
v -3.275242 0.643186 6.124406
v -3.160496 0.646955 6.137948
v -3.160496 0.646955 6.137948
v -3.275242 0.643186 6.124406
v -3.292157 0.625126 6.097686
v -3.123401 0.625126 6.106410
v -3.123401 0.625126 6.106410
v -3.292157 0.625126 6.097686
v -3.301210 0.611905 6.085320
v -3.112744 0.611905 6.095063
v -3.112744 0.611905 6.095063
v -3.301210 0.611905 6.085320
v -3.313576 0.607065 6.068428
v -3.098187 0.607065 6.079562
v -3.098187 0.607065 6.079562
v -3.313576 0.607065 6.068428
v -3.325942 0.611905 6.051536
v -3.083629 0.611905 6.064062
v -3.083629 0.611905 6.064062
v -3.325942 0.611905 6.051536
v -3.334994 0.625126 6.039169
v -3.072972 0.625126 6.052714
v -3.072972 0.625126 6.052714
v -3.334994 0.625126 6.039169
v -3.338308 0.643186 6.034643
v -3.069072 0.643186 6.048561
v -3.338308 0.643186 6.034643
v -3.436649 0.643186 6.254172
v -3.430701 0.661246 6.252816
v -3.334994 0.661246 6.039169
v -3.334994 0.661246 6.039169
v -3.430701 0.661246 6.252816
v -3.414449 0.674466 6.249111
v -3.325942 0.674467 6.051536
v -3.325942 0.674467 6.051536
v -3.414449 0.674466 6.249111
v -3.392249 0.679306 6.244051
v -3.313576 0.679306 6.068428
v -3.313576 0.679306 6.068428
v -3.392249 0.679306 6.244051
v -3.370049 0.674466 6.238990
v -3.301210 0.674467 6.085320
v -3.301210 0.674467 6.085320
v -3.370049 0.674466 6.238990
v -3.317239 0.661246 6.235286
v -3.278556 0.661246 6.119880
v -3.278556 0.661246 6.119880
v -3.317239 0.661246 6.235286
v -3.311290 0.643186 6.233930
v -3.275242 0.643186 6.124406
v -3.275242 0.643186 6.124406
v -3.311290 0.643186 6.233930
v -3.353797 0.625126 6.235286
v -3.292157 0.625126 6.097686
v -3.292157 0.625126 6.097686
v -3.353797 0.625126 6.235286
v -3.370049 0.611905 6.238990
v -3.301210 0.611905 6.085320
v -3.301210 0.611905 6.085320
v -3.370049 0.611905 6.238990
v -3.392249 0.607065 6.244051
v -3.313576 0.607065 6.068428
v -3.313576 0.607065 6.068428
v -3.392249 0.607065 6.244051
v -3.414449 0.611905 6.249111
v -3.325942 0.611905 6.051536
v -3.325942 0.611905 6.051536
v -3.414449 0.611905 6.249111
v -3.430701 0.625126 6.252816
v -3.334994 0.625126 6.039169
v -3.334994 0.625126 6.039169
v -3.430701 0.625126 6.252816
v -3.436649 0.643186 6.254172
v -3.338308 0.643186 6.034643
v -3.436649 0.643186 6.254172
v -3.228191 0.643186 6.403766
v -3.227828 0.661246 6.398401
v -3.430701 0.661246 6.252816
v -3.430701 0.661246 6.252816
v -3.227828 0.661246 6.398401
v -3.226837 0.674466 6.383746
v -3.414449 0.674466 6.249111
v -3.414449 0.674466 6.249111
v -3.226837 0.674466 6.383746
v -3.225482 0.679306 6.363726
v -3.392249 0.679306 6.244051
v -3.392249 0.679306 6.244051
v -3.225482 0.679306 6.363726
v -3.224128 0.674466 6.343706
v -3.370049 0.674466 6.238990
v -3.370049 0.674466 6.238990
v -3.224128 0.674466 6.343706
v -3.223136 0.661246 6.329051
v -3.317239 0.661246 6.235286
v -3.317239 0.661246 6.235286
v -3.223136 0.661246 6.329051
v -3.222774 0.643186 6.323686
v -3.311290 0.643186 6.233930
v -3.311290 0.643186 6.233930
v -3.222774 0.643186 6.323686
v -3.223136 0.625126 6.329051
v -3.353797 0.625126 6.235286
v -3.353797 0.625126 6.235286
v -3.223136 0.625126 6.329051
v -3.224128 0.611905 6.343706
v -3.370049 0.611905 6.238990
v -3.370049 0.611905 6.238990
v -3.224128 0.611905 6.343706
v -3.225482 0.607065 6.363726
v -3.392249 0.607065 6.244051
v -3.392249 0.607065 6.244051
v -3.225482 0.607065 6.363726
v -3.226837 0.611905 6.383746
v -3.414449 0.611905 6.249111
v -3.414449 0.611905 6.249111
v -3.226837 0.611905 6.383746
v -3.227828 0.625126 6.398401
v -3.430701 0.625126 6.252816
v -3.430701 0.625126 6.252816
v -3.227828 0.625126 6.398401
v -3.228191 0.643186 6.403766
v -3.436649 0.643186 6.254172
v -3.228664 0.691472 6.410763
v -2.993549 0.691472 6.279247
v -2.999473 0.710164 6.277219
v -3.228289 0.710164 6.405211
v -3.228289 0.710164 6.405211
v -2.999473 0.710164 6.277219
v -3.015658 0.723847 6.271679
v -3.227263 0.723846 6.390044
v -3.227263 0.723846 6.390044
v -3.015658 0.723847 6.271679
v -3.037768 0.728855 6.264111
v -3.225861 0.728855 6.369324
v -3.225861 0.728855 6.369324
v -3.037768 0.728855 6.264111
v -3.059878 0.723847 6.256543
v -3.224459 0.723847 6.348604
v -3.224459 0.723847 6.348604
v -3.059878 0.723847 6.256543
v -3.127793 0.710164 6.251036
v -3.223433 0.710164 6.333436
v -3.223433 0.710164 6.333436
v -3.127793 0.710164 6.251036
v -3.133576 0.691472 6.248975
v -3.223058 0.691472 6.327885
v -3.223058 0.691472 6.327885
v -3.133576 0.691472 6.248975
v -3.076064 0.672781 6.251003
v -3.223433 0.672781 6.333436
v -3.223433 0.672781 6.333436
v -3.076064 0.672781 6.251003
v -3.059878 0.659098 6.256543
v -3.224459 0.659098 6.348604
v -3.224459 0.659098 6.348604
v -3.059878 0.659098 6.256543
v -3.037768 0.654090 6.264111
v -3.225861 0.654090 6.369324
v -3.225861 0.654090 6.369324
v -3.037768 0.654090 6.264111
v -3.015658 0.659098 6.271679
v -3.227263 0.659098 6.390044
v -3.227263 0.659098 6.390044
v -3.015658 0.659098 6.271679
v -2.999473 0.672781 6.277219
v -3.228289 0.672781 6.405211
v -3.228289 0.672781 6.405211
v -2.999473 0.672781 6.277219
v -2.993549 0.691472 6.279247
v -3.228664 0.691472 6.410763
v -2.993549 0.691472 6.279247
v -3.063983 0.691472 6.043143
v -3.068020 0.710163 6.047442
v -2.999473 0.710164 6.277219
v -2.999473 0.710164 6.277219
v -3.068020 0.710163 6.047442
v -3.079050 0.723846 6.059186
v -3.015658 0.723847 6.271679
v -3.015658 0.723847 6.271679
v -3.079050 0.723846 6.059186
v -3.094116 0.728855 6.075228
v -3.037768 0.728855 6.264111
v -3.037768 0.728855 6.264111
v -3.094116 0.728855 6.075228
v -3.109182 0.723846 6.091270
v -3.059878 0.723847 6.256543
v -3.059878 0.723847 6.256543
v -3.109182 0.723846 6.091270
v -3.153406 0.713933 6.130399
v -3.127793 0.710164 6.251036
v -3.127793 0.710164 6.251036
v -3.153406 0.713933 6.130399
v -3.157443 0.695241 6.134697
v -3.133576 0.691472 6.248975
v -3.133576 0.691472 6.248975
v -3.157443 0.695241 6.134697
v -3.120212 0.672781 6.103014
v -3.076064 0.672781 6.251003
v -3.076064 0.672781 6.251003
v -3.120212 0.672781 6.103014
v -3.109182 0.659098 6.091270
v -3.059878 0.659098 6.256543
v -3.059878 0.659098 6.256543
v -3.109182 0.659098 6.091270
v -3.094116 0.654090 6.075228
v -3.037768 0.654090 6.264111
v -3.037768 0.654090 6.264111
v -3.094116 0.654090 6.075228
v -3.079050 0.659098 6.059186
v -3.015658 0.659098 6.271679
v -3.015658 0.659098 6.271679
v -3.079050 0.659098 6.059186
v -3.068020 0.672781 6.047442
v -2.999473 0.672781 6.277219
v -2.999473 0.672781 6.277219
v -3.068020 0.672781 6.047442
v -3.063983 0.691472 6.043143
v -2.993549 0.691472 6.279247
v -3.063983 0.691472 6.043143
v -3.342630 0.691472 6.028739
v -3.339201 0.710163 6.033423
v -3.068020 0.710163 6.047442
v -3.068020 0.710163 6.047442
v -3.339201 0.710163 6.033423
v -3.329832 0.723846 6.046222
v -3.079050 0.723846 6.059186
v -3.079050 0.723846 6.059186
v -3.329832 0.723846 6.046222
v -3.317034 0.728855 6.063704
v -3.094116 0.728855 6.075228
v -3.094116 0.728855 6.075228
v -3.317034 0.728855 6.063704
v -3.304235 0.723846 6.081187
v -3.109182 0.723846 6.091270
v -3.281265 0.710163 6.116179
v -3.153406 0.713933 6.130399
v -3.153406 0.713933 6.130399
v -3.281265 0.710163 6.116179
v -3.277836 0.691472 6.120863
v -3.157443 0.695241 6.134697
v -3.157443 0.695241 6.134697
v -3.277836 0.691472 6.120863
v -3.294866 0.672781 6.093986
v -3.120212 0.672781 6.103014
v -3.120212 0.672781 6.103014
v -3.294866 0.672781 6.093986
v -3.304235 0.659098 6.081187
v -3.109182 0.659098 6.091270
v -3.109182 0.659098 6.091270
v -3.304235 0.659098 6.081187
v -3.317034 0.654090 6.063704
v -3.094116 0.654090 6.075228
v -3.094116 0.654090 6.075228
v -3.317034 0.654090 6.063704
v -3.329832 0.659098 6.046222
v -3.079050 0.659098 6.059186
v -3.079050 0.659098 6.059186
v -3.329832 0.659098 6.046222
v -3.339201 0.672781 6.033423
v -3.068020 0.672781 6.047442
v -3.068020 0.672781 6.047442
v -3.339201 0.672781 6.033423
v -3.342630 0.691472 6.028739
v -3.063983 0.691472 6.043143
v -3.342630 0.691472 6.028739
v -3.444409 0.691472 6.255940
v -3.438252 0.710164 6.254537
v -3.339201 0.710163 6.033423
v -3.339201 0.710163 6.033423
v -3.438252 0.710164 6.254537
v -3.421432 0.723847 6.250703
v -3.329832 0.723846 6.046222
v -3.329832 0.723846 6.046222
v -3.421432 0.723847 6.250703
v -3.398456 0.728855 6.245466
v -3.317034 0.728855 6.063704
v -3.317034 0.728855 6.063704
v -3.398456 0.728855 6.245466
v -3.375480 0.723847 6.240229
v -3.304235 0.723846 6.081187
v -3.304235 0.723846 6.081187
v -3.375480 0.723847 6.240229
v -3.322102 0.710164 6.236394
v -3.281265 0.710163 6.116179
v -3.281265 0.710163 6.116179
v -3.322102 0.710164 6.236394
v -3.315946 0.691472 6.234991
v -3.277836 0.691472 6.120863
v -3.277836 0.691472 6.120863
v -3.315946 0.691472 6.234991
v -3.358660 0.672781 6.236394
v -3.294866 0.672781 6.093986
v -3.294866 0.672781 6.093986
v -3.358660 0.672781 6.236394
v -3.375480 0.659098 6.240229
v -3.304235 0.659098 6.081187
v -3.304235 0.659098 6.081187
v -3.375480 0.659098 6.240229
v -3.398456 0.654090 6.245466
v -3.317034 0.654090 6.063704
v -3.317034 0.654090 6.063704
v -3.398456 0.654090 6.245466
v -3.421432 0.659098 6.250703
v -3.329832 0.659098 6.046222
v -3.329832 0.659098 6.046222
v -3.421432 0.659098 6.250703
v -3.438252 0.672781 6.254537
v -3.339201 0.672781 6.033423
v -3.339201 0.672781 6.033423
v -3.438252 0.672781 6.254537
v -3.444409 0.691472 6.255940
v -3.342630 0.691472 6.028739
v -3.444409 0.691472 6.255940
v -3.228664 0.691472 6.410763
v -3.228289 0.710164 6.405211
v -3.438252 0.710164 6.254537
v -3.438252 0.710164 6.254537
v -3.228289 0.710164 6.405211
v -3.227263 0.723846 6.390044
v -3.421432 0.723847 6.250703
v -3.421432 0.723847 6.250703
v -3.227263 0.723846 6.390044
v -3.225861 0.728855 6.369324
v -3.398456 0.728855 6.245466
v -3.398456 0.728855 6.245466
v -3.225861 0.728855 6.369324
v -3.224459 0.723847 6.348604
v -3.375480 0.723847 6.240229
v -3.375480 0.723847 6.240229
v -3.224459 0.723847 6.348604
v -3.223433 0.710164 6.333436
v -3.322102 0.710164 6.236394
v -3.322102 0.710164 6.236394
v -3.223433 0.710164 6.333436
v -3.223058 0.691472 6.327885
v -3.315946 0.691472 6.234991
v -3.315946 0.691472 6.234991
v -3.223058 0.691472 6.327885
v -3.223433 0.672781 6.333436
v -3.358660 0.672781 6.236394
v -3.358660 0.672781 6.236394
v -3.223433 0.672781 6.333436
v -3.224459 0.659098 6.348604
v -3.375480 0.659098 6.240229
v -3.375480 0.659098 6.240229
v -3.224459 0.659098 6.348604
v -3.225861 0.654090 6.369324
v -3.398456 0.654090 6.245466
v -3.398456 0.654090 6.245466
v -3.225861 0.654090 6.369324
v -3.227263 0.659098 6.390044
v -3.421432 0.659098 6.250703
v -3.421432 0.659098 6.250703
v -3.227263 0.659098 6.390044
v -3.228289 0.672781 6.405211
v -3.438252 0.672781 6.254537
v -3.438252 0.672781 6.254537
v -3.228289 0.672781 6.405211
v -3.228664 0.691472 6.410763
v -3.444409 0.691472 6.255940
vn 0.4737 0.2420 0.8468
vn 0.3573 0.6813 0.6388
vn 0.1350 0.9610 0.2414
vn -0.1350 0.9610 -0.2414
vn -0.2474 0.8969 -0.3665
vn -0.2473 0.8970 -0.3665
vn -0.2473 0.8969 -0.3665
vn -0.2474 0.8969 -0.3666
vn -0.6441 0.2444 -0.7248
vn -0.6443 0.2445 -0.7246
vn -0.3882 -0.7277 -0.5654
vn -0.3883 -0.7278 -0.5653
vn -0.3573 -0.6813 -0.6388
vn -0.1350 -0.9610 -0.2414
vn 0.1350 -0.9610 0.2414
vn 0.3573 -0.6813 0.6388
vn 0.4737 -0.2420 0.8468
vn 0.9245 0.2631 -0.2758
vn 0.6716 0.7133 -0.2004
vn 0.2440 0.9670 -0.0728
vn -0.2440 0.9670 0.0728
vn -0.3184 0.9471 0.0407
vn -0.5820 0.8121 0.0429
vn -0.5819 0.8121 0.0429
vn -0.5819 0.8121 0.0430
vn -0.3660 -0.9271 0.0803
vn -0.3660 -0.9272 0.0803
vn -0.6716 -0.7133 0.2004
vn -0.2440 -0.9670 0.0728
vn 0.2440 -0.9670 -0.0728
vn 0.6716 -0.7133 -0.2004
vn 0.9245 -0.2631 -0.2758
vn 0.0502 0.2341 -0.9709
vn 0.0384 0.6684 -0.7428
vn 0.0147 0.9583 -0.2853
vn -0.0147 0.9583 0.2853
vn 0.0054 0.8671 0.4981
vn 0.0054 0.8671 0.4980
vn -0.0107 0.7493 0.6621
vn -0.0107 0.7493 0.6622
vn -0.0106 0.7493 0.6622
vn -0.0106 0.7493 0.6621
vn -0.0327 -0.8299 0.5569
vn -0.0384 -0.6684 0.7428
vn -0.0147 -0.9583 0.2853
vn 0.0147 -0.9583 -0.2853
vn 0.0384 -0.6684 -0.7428
vn 0.0502 -0.2341 -0.9709
vn -0.8811 0.2606 -0.3947
vn -0.6430 0.7097 -0.2880
vn -0.2346 0.9664 -0.1051
vn 0.2346 0.9664 0.1051
vn 0.2865 0.9512 0.1145
vn 0.9159 0.2616 0.3043
vn 0.9160 0.2616 0.3042
vn 0.9160 0.2616 0.3043
vn 0.4540 -0.8728 0.1795
vn 0.4539 -0.8728 0.1794
vn 0.4539 -0.8728 0.1795
vn 0.6430 -0.7097 0.2880
vn 0.2346 -0.9664 0.1051
vn -0.2346 -0.9664 -0.1051
vn -0.6430 -0.7097 -0.2880
vn -0.8811 -0.2606 -0.3947
vn -0.5652 0.2453 0.7876
vn -0.4239 0.6866 0.5907
vn -0.1591 0.9620 0.2218
vn 0.1591 0.9620 -0.2218
vn 0.3053 0.8777 -0.3692
vn 0.3054 0.8777 -0.3693
vn 0.6869 0.2472 -0.6835
vn 0.6868 0.2472 -0.6835
vn 0.4761 -0.6709 -0.5686
vn 0.4761 -0.6708 -0.5686
vn 0.4760 -0.6709 -0.5686
vn 0.4239 -0.6866 -0.5907
vn 0.1591 -0.9620 -0.2218
vn -0.1591 -0.9620 0.2218
vn -0.4239 -0.6866 0.5907
vn -0.5652 -0.2453 0.7876
vn -0.2502 0.8934 -0.3732
vn -0.2502 0.8934 -0.3731
vn -0.6376 0.2412 -0.7317
vn -0.6375 0.2412 -0.7317
vn -0.3926 -0.7168 -0.5763
vn -0.3925 -0.7168 -0.5762
vn -0.3926 -0.7168 -0.5762
vn -0.1877 0.9803 0.0621
vn -0.1876 0.9803 0.0621
vn -0.9431 0.2601 0.2070
vn -0.3747 -0.9233 0.0839
vn -0.3748 -0.9233 0.0839
vn 0.0384 0.6685 -0.7428
vn -0.0247 0.9566 0.2902
vn -0.0240 0.9568 0.2897
vn -0.0333 0.9551 0.2945
vn -0.1162 0.2338 0.9653
vn -0.1162 0.2339 0.9653
vn -0.0334 -0.8231 0.5669
vn -0.0384 -0.6685 0.7428
vn 0.0384 -0.6685 -0.7428
vn 0.2923 0.9491 0.1173
vn 0.9147 0.2616 0.3081
vn 0.9147 0.2616 0.3080
vn 0.4637 -0.8666 0.1842
vn 0.3086 0.8741 -0.3752
vn 0.3087 0.8741 -0.3752
vn 0.3087 0.8740 -0.3752
vn 0.3086 0.8741 -0.3751
vn 0.6822 0.2472 -0.6881
vn 0.4802 -0.6609 -0.5767
vn 0.4802 -0.6608 -0.5768
vn 0.4802 -0.6609 -0.5768
vt 0.600000 0.500000
vt 0.800000 0.500000
vt 0.800000 0.416667
vt 0.600000 0.416667
vt 0.800000 0.333333
vt 0.600000 0.333333
vt 0.800000 0.250000
vt 0.600000 0.250000
vt 0.800000 0.166667
vt 0.600000 0.166667
vt 0.800000 0.083333
vt 0.600000 0.083333
vt 0.800000 0.000000
vt 0.600000 0.000000
vt 0.600000 1.000000
vt 0.800000 1.000000
vt 0.800000 0.916667
vt 0.600000 0.916667
vt 0.800000 0.833333
vt 0.600000 0.833333
vt 0.800000 0.750000
vt 0.600000 0.750000
vt 0.800000 0.666667
vt 0.600000 0.666667
vt 0.800000 0.583333
vt 0.600000 0.583333
vt 1.000000 0.500000
vt 1.000000 0.416667
vt 1.000000 0.333333
vt 1.000000 0.250000
vt 1.000000 0.166667
vt 1.000000 0.083333
vt 1.000000 0.000000
vt 1.000000 1.000000
vt 1.000000 0.916667
vt 1.000000 0.833333
vt 1.000000 0.750000
vt 1.000000 0.666667
vt 1.000000 0.583333
vt 0.000000 0.500000
vt 0.200000 0.500000
vt 0.200000 0.416667
vt 0.000000 0.416667
vt 0.200000 0.333333
vt 0.000000 0.333333
vt 0.200000 0.250000
vt 0.000000 0.250000
vt 0.200000 0.166667
vt 0.000000 0.166667
vt 0.200000 0.083333
vt 0.000000 0.083333
vt 0.200000 0.000000
vt 0.000000 0.000000
vt 0.000000 1.000000
vt 0.200000 1.000000
vt 0.200000 0.916667
vt 0.000000 0.916667
vt 0.200000 0.833333
vt 0.000000 0.833333
vt 0.200000 0.750000
vt 0.000000 0.750000
vt 0.200000 0.666667
vt 0.000000 0.666667
vt 0.200000 0.583333
vt 0.000000 0.583333
vt 0.400000 0.500000
vt 0.400000 0.416667
vt 0.400000 0.333333
vt 0.400000 0.250000
vt 0.400000 0.166667
vt 0.400000 0.083333
vt 0.400000 0.000000
vt 0.400000 1.000000
vt 0.400000 0.916667
vt 0.400000 0.833333
vt 0.400000 0.750000
vt 0.400000 0.666667
vt 0.400000 0.583333
s 0
usemtl white
f 7371/2093/1604 7372/2094/1604 7373/2095/1604
f 7371/2093/1604 7373/2095/1604 7374/2096/1604
f 7375/2096/1605 7376/2095/1605 7377/2097/1605
f 7375/2096/1605 7377/2097/1605 7378/2098/1605
f 7379/2098/1606 7380/2097/1606 7381/2099/1606
f 7379/2098/1606 7381/2099/1606 7382/2100/1606
f 7383/2100/1607 7384/2099/1607 7385/2101/1607
f 7383/2100/1607 7385/2101/1607 7386/2102/1607
s 1
f 7387/2102/1608 7388/2101/1609 7389/2103/1610
f 7387/2102/1608 7389/2103/1610 7390/2104/1611
f 7391/2104/1612 7392/2103/1613 7393/2105/1612
f 7391/2104/1612 7393/2105/1612 7394/2106/1612
f 7395/2107/1614 7396/2108/1615 7397/2109/1615
f 7395/2107/1614 7397/2109/1615 7398/2110/1615
s 0
f 7399/2110/1616 7400/2109/1616 7401/2111/1616
f 7399/2110/1616 7401/2111/1616 7402/2112/1616
f 7403/2112/1617 7404/2111/1617 7405/2113/1617
f 7403/2112/1617 7405/2113/1617 7406/2114/1617
f 7407/2114/1618 7408/2113/1618 7409/2115/1618
f 7407/2114/1618 7409/2115/1618 7410/2116/1618
f 7411/2116/1619 7412/2115/1619 7413/2117/1619
f 7411/2116/1619 7413/2117/1619 7414/2118/1619
f 7415/2118/1620 7416/2117/1620 7417/2094/1620
f 7415/2118/1620 7417/2094/1620 7418/2093/1620
f 7419/2094/1621 7420/2119/1621 7421/2120/1621
f 7419/2094/1621 7421/2120/1621 7422/2095/1621
s 1
f 7423/2095/1622 7424/2120/1622 7425/2121/1622
s 0
f 7423/2095/1622 7425/2121/1622 7426/2097/1622
f 7427/2097/1623 7428/2121/1623 7429/2122/1623
f 7427/2097/1623 7429/2122/1623 7430/2099/1623
f 7431/2099/1624 7432/2122/1624 7433/2123/1624
f 7431/2099/1624 7433/2123/1624 7434/2101/1624
s 1
f 7435/2101/1625 7436/2123/1625 7437/2124/1625
f 7435/2101/1625 7437/2124/1625 7438/2103/1625
f 7439/2103/1626 7440/2124/1627 7441/2125/1627
f 7439/2103/1626 7441/2125/1627 7442/2105/1628
f 7443/2108/1629 7444/2126/1629 7445/2127/1629
f 7443/2108/1629 7445/2127/1629 7446/2109/1630
f 7447/2109/1631 7448/2127/1631 7449/2128/1631
s 0
f 7447/2109/1631 7449/2128/1631 7450/2111/1631
f 7451/2111/1632 7452/2128/1632 7453/2129/1632
f 7451/2111/1632 7453/2129/1632 7454/2113/1632
f 7455/2113/1633 7456/2129/1633 7457/2130/1633
f 7455/2113/1633 7457/2130/1633 7458/2115/1633
f 7459/2115/1634 7460/2130/1634 7461/2131/1634
f 7459/2115/1634 7461/2131/1634 7462/2117/1634
f 7463/2117/1635 7464/2131/1635 7465/2119/1635
f 7463/2117/1635 7465/2119/1635 7466/2094/1635
f 7467/2132/1636 7468/2133/1636 7469/2134/1636
f 7467/2132/1636 7469/2134/1636 7470/2135/1636
s 1
f 7471/2135/1637 7472/2134/1637 7473/2136/1637
s 0
f 7471/2135/1637 7473/2136/1637 7474/2137/1637
f 7475/2137/1638 7476/2136/1638 7477/2138/1638
f 7475/2137/1638 7477/2138/1638 7478/2139/1638
f 7479/2139/1639 7480/2138/1639 7481/2140/1639
f 7479/2139/1639 7481/2140/1639 7482/2141/1639
s 1
f 7483/2141/1640 7484/2140/1641 7485/2142/1641
f 7483/2141/1640 7485/2142/1641 7486/2143/1640
f 7487/2143/1642 7488/2142/1643 7489/2144/1644
f 7487/2143/1642 7489/2144/1644 7490/2145/1645
f 7491/2146/1646 7492/2147/1646 7493/2148/1646
f 7491/2146/1646 7493/2148/1646 7494/2149/1646
s 0
f 7495/2149/1647 7496/2148/1647 7497/2150/1647
f 7495/2149/1647 7497/2150/1647 7498/2151/1647
f 7499/2151/1648 7500/2150/1648 7501/2152/1648
f 7499/2151/1648 7501/2152/1648 7502/2153/1648
f 7503/2153/1649 7504/2152/1649 7505/2154/1649
f 7503/2153/1649 7505/2154/1649 7506/2155/1649
f 7507/2155/1650 7508/2154/1650 7509/2156/1650
f 7507/2155/1650 7509/2156/1650 7510/2157/1650
s 1
f 7511/2157/1651 7512/2156/1651 7513/2133/1651
s 0
f 7511/2157/1651 7513/2133/1651 7514/2132/1651
f 7515/2133/1652 7516/2158/1652 7517/2159/1652
f 7515/2133/1652 7517/2159/1652 7518/2134/1652
f 7519/2134/1653 7520/2159/1653 7521/2160/1653
f 7519/2134/1653 7521/2160/1653 7522/2136/1653
f 7523/2136/1654 7524/2160/1654 7525/2161/1654
f 7523/2136/1654 7525/2161/1654 7526/2138/1654
f 7527/2138/1655 7528/2161/1655 7529/2162/1655
f 7527/2138/1655 7529/2162/1655 7530/2140/1655
s 1
f 7531/2140/1656 7532/2162/1656 7533/2163/1656
f 7531/2140/1656 7533/2163/1656 7534/2142/1656
f 7535/2142/1657 7536/2163/1658 7537/2164/1657
f 7535/2142/1657 7537/2164/1657 7538/2144/1659
f 7539/2147/1660 7540/2165/1661 7541/2166/1661
f 7539/2147/1660 7541/2166/1661 7542/2148/1662
s 0
f 7543/2148/1663 7544/2166/1663 7545/2167/1663
f 7543/2148/1663 7545/2167/1663 7546/2150/1663
f 7547/2150/1664 7548/2167/1664 7549/2168/1664
f 7547/2150/1664 7549/2168/1664 7550/2152/1664
f 7551/2152/1665 7552/2168/1665 7553/2169/1665
f 7551/2152/1665 7553/2169/1665 7554/2154/1665
f 7555/2154/1666 7556/2169/1666 7557/2170/1666
f 7555/2154/1666 7557/2170/1666 7558/2156/1666
f 7559/2156/1667 7560/2170/1667 7561/2158/1667
f 7559/2156/1667 7561/2158/1667 7562/2133/1667
f 7563/2158/1668 7564/2093/1668 7565/2096/1668
f 7563/2158/1668 7565/2096/1668 7566/2159/1668
f 7567/2159/1669 7568/2096/1669 7569/2098/1669
f 7567/2159/1669 7569/2098/1669 7570/2160/1669
f 7571/2160/1670 7572/2098/1670 7573/2100/1670
f 7571/2160/1670 7573/2100/1670 7574/2161/1670
f 7575/2161/1671 7576/2100/1671 7577/2102/1671
f 7575/2161/1671 7577/2102/1671 7578/2162/1671
s 1
f 7579/2162/1672 7580/2102/1673 7581/2104/1673
f 7579/2162/1672 7581/2104/1673 7582/2163/1672
f 7583/2163/1674 7584/2104/1674 7585/2106/1675
f 7583/2163/1674 7585/2106/1675 7586/2164/1674
f 7587/2165/1676 7588/2107/1677 7589/2110/1677
f 7587/2165/1676 7589/2110/1677 7590/2166/1678
s 0
f 7591/2166/1679 7592/2110/1679 7593/2112/1679
f 7591/2166/1679 7593/2112/1679 7594/2167/1679
f 7595/2167/1680 7596/2112/1680 7597/2114/1680
f 7595/2167/1680 7597/2114/1680 7598/2168/1680
f 7599/2168/1681 7600/2114/1681 7601/2116/1681
f 7599/2168/1681 7601/2116/1681 7602/2169/1681
f 7603/2169/1682 7604/2116/1682 7605/2118/1682
f 7603/2169/1682 7605/2118/1682 7606/2170/1682
f 7607/2170/1683 7608/2118/1683 7609/2093/1683
f 7607/2170/1683 7609/2093/1683 7610/2158/1683
f 7611/2093/1604 7612/2094/1604 7613/2095/1604
f 7611/2093/1604 7613/2095/1604 7614/2096/1604
f 7615/2096/1605 7616/2095/1605 7617/2097/1605
f 7615/2096/1605 7617/2097/1605 7618/2098/1605
f 7619/2098/1606 7620/2097/1606 7621/2099/1606
f 7619/2098/1606 7621/2099/1606 7622/2100/1606
f 7623/2100/1607 7624/2099/1607 7625/2101/1607
f 7623/2100/1607 7625/2101/1607 7626/2102/1607
s 1
f 7627/2102/1684 7628/2101/1685 7629/2103/1684
f 7627/2102/1684 7629/2103/1684 7630/2104/1684
f 7631/2104/1686 7632/2103/1687 7633/2105/1686
f 7631/2104/1686 7633/2105/1686 7634/2106/1686
f 7635/2107/1688 7636/2108/1689 7637/2109/1690
f 7635/2107/1688 7637/2109/1690 7638/2110/1690
s 0
f 7639/2110/1616 7640/2109/1616 7641/2111/1616
f 7639/2110/1616 7641/2111/1616 7642/2112/1616
f 7643/2112/1617 7644/2111/1617 7645/2113/1617
f 7643/2112/1617 7645/2113/1617 7646/2114/1617
f 7647/2114/1618 7648/2113/1618 7649/2115/1618
f 7647/2114/1618 7649/2115/1618 7650/2116/1618
f 7651/2116/1619 7652/2115/1619 7653/2117/1619
f 7651/2116/1619 7653/2117/1619 7654/2118/1619
f 7655/2118/1620 7656/2117/1620 7657/2094/1620
f 7655/2118/1620 7657/2094/1620 7658/2093/1620
f 7659/2094/1621 7660/2119/1621 7661/2120/1621
f 7659/2094/1621 7661/2120/1621 7662/2095/1621
f 7663/2095/1622 7664/2120/1622 7665/2121/1622
f 7663/2095/1622 7665/2121/1622 7666/2097/1622
f 7667/2097/1623 7668/2121/1623 7669/2122/1623
f 7667/2097/1623 7669/2122/1623 7670/2099/1623
f 7671/2099/1624 7672/2122/1624 7673/2123/1624
f 7671/2099/1624 7673/2123/1624 7674/2101/1624
s 1
f 7675/2101/1691 7676/2123/1691 7677/2124/1692
f 7675/2101/1691 7677/2124/1692 7678/2103/1691
f 7679/2103/1693 7680/2124/1693 7681/2125/1693
f 7679/2103/1693 7681/2125/1693 7682/2105/1693
f 7683/2108/1694 7684/2126/1695 7685/2127/1695
f 7683/2108/1694 7685/2127/1695 7686/2109/1694
s 0
f 7687/2109/1631 7688/2127/1631 7689/2128/1631
f 7687/2109/1631 7689/2128/1631 7690/2111/1631
f 7691/2111/1632 7692/2128/1632 7693/2129/1632
f 7691/2111/1632 7693/2129/1632 7694/2113/1632
f 7695/2113/1633 7696/2129/1633 7697/2130/1633
f 7695/2113/1633 7697/2130/1633 7698/2115/1633
f 7699/2115/1634 7700/2130/1634 7701/2131/1634
f 7699/2115/1634 7701/2131/1634 7702/2117/1634
f 7703/2117/1635 7704/2131/1635 7705/2119/1635
f 7703/2117/1635 7705/2119/1635 7706/2094/1635
f 7707/2132/1636 7708/2133/1636 7709/2134/1636
f 7707/2132/1636 7709/2134/1636 7710/2135/1636
f 7711/2135/1696 7712/2134/1696 7713/2136/1696
f 7711/2135/1637 7713/2136/1637 7714/2137/1637
f 7715/2137/1638 7716/2136/1638 7717/2138/1638
f 7715/2137/1638 7717/2138/1638 7718/2139/1638
s 1
f 7719/2139/1639 7720/2138/1639 7721/2140/1697
f 7719/2139/1639 7721/2140/1697 7722/2141/1698
f 7722/2141/1698 7721/2140/1697 7723/2142/1699
f 7722/2141/1698 7723/2142/1699 7724/2143/1699
f 7725/2143/1700 7726/2142/1700 7727/2144/1701
f 7725/2143/1700 7727/2144/1701 7728/2145/1700
f 7729/2146/1702 7730/2147/1702 7731/2148/1702
f 7729/2146/1702 7731/2148/1702 7732/2149/1702
s 0
f 7733/2149/1703 7734/2148/1703 7735/2150/1703
f 7733/2149/1703 7735/2150/1703 7736/2151/1703
f 7737/2151/1648 7738/2150/1648 7739/2152/1648
f 7737/2151/1648 7739/2152/1648 7740/2153/1648
f 7741/2153/1649 7742/2152/1649 7743/2154/1649
f 7741/2153/1649 7743/2154/1649 7744/2155/1649
f 7745/2155/1704 7746/2154/1704 7747/2156/1704
f 7745/2155/1650 7747/2156/1650 7748/2157/1650
f 7749/2157/1651 7750/2156/1651 7751/2133/1651
f 7749/2157/1651 7751/2133/1651 7752/2132/1651
f 7753/2133/1652 7754/2158/1652 7755/2159/1652
f 7753/2133/1652 7755/2159/1652 7756/2134/1652
f 7757/2134/1653 7758/2159/1653 7759/2160/1653
f 7757/2134/1653 7759/2160/1653 7760/2136/1653
f 7761/2136/1654 7762/2160/1654 7763/2161/1654
f 7761/2136/1654 7763/2161/1654 7764/2138/1654
f 7765/2138/1655 7766/2161/1655 7767/2162/1655
f 7765/2138/1655 7767/2162/1655 7768/2140/1655
s 1
f 7769/2140/1705 7770/2162/1705 7771/2163/1705
f 7769/2140/1705 7771/2163/1705 7772/2142/1705
f 7773/2142/1706 7774/2163/1707 7775/2164/1706
f 7773/2142/1706 7775/2164/1706 7776/2144/1706
f 7777/2147/1708 7778/2165/1708 7779/2166/1708
f 7777/2147/1708 7779/2166/1708 7780/2148/1708
s 0
f 7781/2148/1663 7782/2166/1663 7783/2167/1663
f 7781/2148/1663 7783/2167/1663 7784/2150/1663
s 1
f 7785/2150/1664 7786/2167/1664 7787/2168/1664
s 0
f 7785/2150/1664 7787/2168/1664 7788/2152/1664
f 7789/2152/1665 7790/2168/1665 7791/2169/1665
f 7789/2152/1665 7791/2169/1665 7792/2154/1665
f 7793/2154/1666 7794/2169/1666 7795/2170/1666
f 7793/2154/1666 7795/2170/1666 7796/2156/1666
f 7797/2156/1667 7798/2170/1667 7799/2158/1667
f 7797/2156/1667 7799/2158/1667 7800/2133/1667
f 7801/2158/1668 7802/2093/1668 7803/2096/1668
f 7801/2158/1668 7803/2096/1668 7804/2159/1668
f 7805/2159/1669 7806/2096/1669 7807/2098/1669
f 7805/2159/1669 7807/2098/1669 7808/2160/1669
f 7809/2160/1670 7810/2098/1670 7811/2100/1670
f 7809/2160/1670 7811/2100/1670 7812/2161/1670
f 7813/2161/1671 7814/2100/1671 7815/2102/1671
f 7813/2161/1671 7815/2102/1671 7816/2162/1671
s 1
f 7817/2162/1709 7818/2102/1710 7819/2104/1711
f 7817/2162/1709 7819/2104/1711 7820/2163/1712
f 7821/2163/1713 7822/2104/1713 7823/2106/1713
f 7821/2163/1713 7823/2106/1713 7824/2164/1713
f 7825/2165/1714 7826/2107/1714 7827/2110/1715
f 7825/2165/1714 7827/2110/1715 7828/2166/1716
s 0
f 7829/2166/1679 7830/2110/1679 7831/2112/1679
s 1
f 7829/2166/1679 7831/2112/1679 7832/2167/1679
s 0
f 7833/2167/1680 7834/2112/1680 7835/2114/1680
f 7833/2167/1680 7835/2114/1680 7836/2168/1680
f 7837/2168/1681 7838/2114/1681 7839/2116/1681
f 7837/2168/1681 7839/2116/1681 7840/2169/1681
f 7841/2169/1682 7842/2116/1682 7843/2118/1682
f 7841/2169/1682 7843/2118/1682 7844/2170/1682
f 7845/2170/1683 7846/2118/1683 7847/2093/1683
f 7845/2170/1683 7847/2093/1683 7848/2158/1683
o blockage.004_Material.016_0
v -3.190380 0.175867 6.898535
v -3.122748 0.840487 6.902534
v -3.192812 0.840487 7.017021
v -3.222880 0.175867 6.951641
v -3.222880 0.175867 6.951641
v -3.192812 0.840487 7.017021
v -3.318958 0.840487 7.009561
v -3.281394 0.175867 6.948180
v -3.281394 0.175867 6.948180
v -3.318958 0.840487 7.009561
v -3.375040 0.840487 6.887614
v -3.307408 0.175867 6.891614
v -3.307408 0.175867 6.891614
v -3.375040 0.840487 6.887614
v -3.304976 0.840487 6.773128
v -3.274908 0.175867 6.838508
v -3.274908 0.175867 6.838508
v -3.304976 0.840487 6.773128
v -3.178830 0.840487 6.780588
v -3.216394 0.175867 6.841968
v -3.216394 0.175867 6.841968
v -3.178830 0.840487 6.780588
v -3.122748 0.840487 6.902534
v -3.190380 0.175867 6.898535
v -3.192812 0.840487 7.017021
v -3.122748 0.840487 6.902534
v -3.178830 0.840487 6.780588
v -3.304976 0.840487 6.773128
v -3.375040 0.840487 6.887614
v -3.318958 0.840487 7.009561
v -3.190380 0.175867 6.898535
v -3.222880 0.175867 6.951641
v -3.281394 0.175867 6.948180
v -3.307408 0.175867 6.891614
v -3.274908 0.175867 6.838508
v -3.216394 0.175867 6.841968
vn 0.8495 -0.0896 0.5199
vn -0.0588 -0.0951 0.9937
vn -0.9049 -0.0896 0.4161
vn -0.8495 -0.0896 -0.5199
vn 0.0588 -0.0951 -0.9937
vn 0.9049 -0.0896 -0.4161
vn -0.0000 1.0000 -0.0000
vn -0.0000 -1.0000 -0.0000
vt 1.000000 0.500000
vt 1.000000 0.000000
vt 0.833333 0.000000
vt 0.833333 0.500000
vt 0.666667 0.000000
vt 0.666667 0.500000
vt 0.500000 0.000000
vt 0.500000 0.500000
vt 0.333333 0.000000
vt 0.333333 0.500000
vt 0.166667 0.000000
vt 0.166667 0.500000
vt -0.000000 0.000000
vt -0.000000 0.500000
vt 0.250000 0.990000
vt 0.042154 0.630000
vt 0.042154 0.870000
vt 0.250000 0.510000
vt 0.457846 0.870000
vt 0.457846 0.630000
vt 0.542154 0.630000
vt 0.750000 0.990000
vt 0.542154 0.870000
vt 0.750000 0.510000
vt 0.957846 0.870000
vt 0.957846 0.630000
s 0
usemtl Material.016
f 7849/2171/1717 7850/2172/1717 7851/2173/1717
f 7849/2171/1717 7851/2173/1717 7852/2174/1717
f 7853/2174/1718 7854/2173/1718 7855/2175/1718
f 7853/2174/1718 7855/2175/1718 7856/2176/1718
f 7857/2176/1719 7858/2175/1719 7859/2177/1719
f 7857/2176/1719 7859/2177/1719 7860/2178/1719
f 7861/2178/1720 7862/2177/1720 7863/2179/1720
f 7861/2178/1720 7863/2179/1720 7864/2180/1720
f 7865/2180/1721 7866/2179/1721 7867/2181/1721
f 7865/2180/1721 7867/2181/1721 7868/2182/1721
f 7869/2182/1722 7870/2181/1722 7871/2183/1722
f 7869/2182/1722 7871/2183/1722 7872/2184/1722
f 7877/2185/1723 7875/2186/1723 7876/2187/1723
f 7875/2186/1723 7877/2185/1723 7874/2188/1723
f 7874/2188/1723 7877/2185/1723 7878/2189/1723
f 7874/2188/1723 7878/2189/1723 7873/2190/1723
f 7884/2191/1724 7882/2192/1724 7883/2193/1724
f 7882/2192/1724 7884/2191/1724 7879/2194/1724
f 7882/2192/1724 7879/2194/1724 7881/2195/1724
f 7881/2195/1724 7879/2194/1724 7880/2196/1724
o blockage.004_white_0
v -3.255382 0.643186 7.081224
v -3.028207 0.643186 6.954150
v -3.033931 0.661246 6.952191
v -3.255019 0.661246 7.075860
v -3.255019 0.661246 7.075860
v -3.033931 0.661246 6.952191
v -3.049570 0.674466 6.946838
v -3.254028 0.674466 7.061204
v -3.254028 0.674466 7.061204
v -3.049570 0.674466 6.946838
v -3.070933 0.679306 6.939525
v -3.252673 0.679306 7.041185
v -3.252673 0.679306 7.041185
v -3.070933 0.679306 6.939525
v -3.092296 0.674466 6.932213
v -3.251319 0.674466 7.021165
v -3.251319 0.674466 7.021165
v -3.092296 0.674466 6.932213
v -3.159523 0.661246 6.926860
v -3.250328 0.661246 7.006509
v -3.250328 0.661246 7.006509
v -3.159523 0.661246 6.926860
v -3.165389 0.643186 6.924933
v -3.249965 0.643186 7.001145
v -3.249965 0.643186 7.001145
v -3.165389 0.643186 6.924933
v -3.107935 0.625126 6.926860
v -3.250328 0.625126 7.006509
v -3.250328 0.625126 7.006509
v -3.107935 0.625126 6.926860
v -3.092296 0.611905 6.932213
v -3.251319 0.611905 7.021165
v -3.251319 0.611905 7.021165
v -3.092296 0.611905 6.932213
v -3.070933 0.607065 6.939525
v -3.252673 0.607065 7.041185
v -3.252673 0.607065 7.041185
v -3.070933 0.607065 6.939525
v -3.049570 0.611905 6.946838
v -3.254028 0.611905 7.061204
v -3.254028 0.611905 7.061204
v -3.049570 0.611905 6.946838
v -3.033931 0.625126 6.952191
v -3.255019 0.625126 7.075860
v -3.255019 0.625126 7.075860
v -3.033931 0.625126 6.952191
v -3.028207 0.643186 6.954150
v -3.255382 0.643186 7.081224
v -3.028207 0.643186 6.954150
v -3.096263 0.643186 6.726020
v -3.100163 0.661246 6.730173
v -3.033931 0.661246 6.952191
v -3.033931 0.661246 6.952191
v -3.100163 0.661246 6.730173
v -3.110820 0.674467 6.741520
v -3.049570 0.674466 6.946838
v -3.049570 0.674466 6.946838
v -3.110820 0.674467 6.741520
v -3.125378 0.679306 6.757021
v -3.070933 0.679306 6.939525
v -3.070933 0.679306 6.939525
v -3.125378 0.679306 6.757021
v -3.139935 0.674467 6.772521
v -3.092296 0.674466 6.932213
v -3.092296 0.674466 6.932213
v -3.139935 0.674467 6.772521
v -3.150592 0.661246 6.783869
v -3.159523 0.661246 6.926860
v -3.159523 0.661246 6.926860
v -3.150592 0.661246 6.783869
v -3.187687 0.646955 6.815407
v -3.165389 0.643186 6.924933
v -3.165389 0.643186 6.924933
v -3.187687 0.646955 6.815407
v -3.150592 0.625126 6.783869
v -3.107935 0.625126 6.926860
v -3.107935 0.625126 6.926860
v -3.150592 0.625126 6.783869
v -3.139935 0.611905 6.772521
v -3.092296 0.611905 6.932213
v -3.092296 0.611905 6.932213
v -3.139935 0.611905 6.772521
v -3.125378 0.607065 6.757021
v -3.070933 0.607065 6.939525
v -3.070933 0.607065 6.939525
v -3.125378 0.607065 6.757021
v -3.110820 0.611905 6.741520
v -3.049570 0.611905 6.946838
v -3.049570 0.611905 6.946838
v -3.110820 0.611905 6.741520
v -3.100163 0.625126 6.730173
v -3.033931 0.625126 6.952191
v -3.033931 0.625126 6.952191
v -3.100163 0.625126 6.730173
v -3.096263 0.643186 6.726020
v -3.028207 0.643186 6.954150
v -3.096263 0.643186 6.726020
v -3.365499 0.643186 6.712102
v -3.362185 0.661246 6.716628
v -3.100163 0.661246 6.730173
v -3.100163 0.661246 6.730173
v -3.362185 0.661246 6.716628
v -3.353133 0.674467 6.728994
v -3.110820 0.674467 6.741520
v -3.110820 0.674467 6.741520
v -3.353133 0.674467 6.728994
v -3.340767 0.679306 6.745887
v -3.125378 0.679306 6.757021
v -3.125378 0.679306 6.757021
v -3.340767 0.679306 6.745887
v -3.328401 0.674467 6.762779
v -3.139935 0.674467 6.772521
v -3.139935 0.674467 6.772521
v -3.328401 0.674467 6.762779
v -3.305747 0.661246 6.797338
v -3.150592 0.661246 6.783869
v -3.150592 0.661246 6.783869
v -3.305747 0.661246 6.797338
v -3.302433 0.643186 6.801865
v -3.187687 0.646955 6.815407
v -3.187687 0.646955 6.815407
v -3.302433 0.643186 6.801865
v -3.319348 0.625126 6.775145
v -3.150592 0.625126 6.783869
v -3.150592 0.625126 6.783869
v -3.319348 0.625126 6.775145
v -3.328401 0.611905 6.762779
v -3.139935 0.611905 6.772521
v -3.139935 0.611905 6.772521
v -3.328401 0.611905 6.762779
v -3.340767 0.607065 6.745887
v -3.125378 0.607065 6.757021
v -3.125378 0.607065 6.757021
v -3.340767 0.607065 6.745887
v -3.353133 0.611905 6.728994
v -3.110820 0.611905 6.741520
v -3.110820 0.611905 6.741520
v -3.353133 0.611905 6.728994
v -3.362185 0.625126 6.716628
v -3.100163 0.625126 6.730173
v -3.100163 0.625126 6.730173
v -3.362185 0.625126 6.716628
v -3.365499 0.643186 6.712102
v -3.096263 0.643186 6.726020
v -3.365499 0.643186 6.712102
v -3.463840 0.643186 6.931631
v -3.457892 0.661246 6.930274
v -3.362185 0.661246 6.716628
v -3.362185 0.661246 6.716628
v -3.457892 0.661246 6.930274
v -3.441640 0.674466 6.926570
v -3.353133 0.674467 6.728994
v -3.353133 0.674467 6.728994
v -3.441640 0.674466 6.926570
v -3.419440 0.679306 6.921510
v -3.340767 0.679306 6.745887
v -3.340767 0.679306 6.745887
v -3.419440 0.679306 6.921510
v -3.397240 0.674466 6.916449
v -3.328401 0.674467 6.762779
v -3.328401 0.674467 6.762779
v -3.397240 0.674466 6.916449
v -3.344430 0.661246 6.912745
v -3.305747 0.661246 6.797338
v -3.305747 0.661246 6.797338
v -3.344430 0.661246 6.912745
v -3.338481 0.643186 6.911388
v -3.302433 0.643186 6.801865
v -3.302433 0.643186 6.801865
v -3.338481 0.643186 6.911388
v -3.380988 0.625126 6.912745
v -3.319348 0.625126 6.775145
v -3.319348 0.625126 6.775145
v -3.380988 0.625126 6.912745
v -3.397240 0.611905 6.916449
v -3.328401 0.611905 6.762779
v -3.328401 0.611905 6.762779
v -3.397240 0.611905 6.916449
v -3.419440 0.607065 6.921510
v -3.340767 0.607065 6.745887
v -3.340767 0.607065 6.745887
v -3.419440 0.607065 6.921510
v -3.441640 0.611905 6.926570
v -3.353133 0.611905 6.728994
v -3.353133 0.611905 6.728994
v -3.441640 0.611905 6.926570
v -3.457892 0.625126 6.930274
v -3.362185 0.625126 6.716628
v -3.362185 0.625126 6.716628
v -3.457892 0.625126 6.930274
v -3.463840 0.643186 6.931631
v -3.365499 0.643186 6.712102
v -3.463840 0.643186 6.931631
v -3.255382 0.643186 7.081224
v -3.255019 0.661246 7.075860
v -3.457892 0.661246 6.930274
v -3.457892 0.661246 6.930274
v -3.255019 0.661246 7.075860
v -3.254028 0.674466 7.061204
v -3.441640 0.674466 6.926570
v -3.441640 0.674466 6.926570
v -3.254028 0.674466 7.061204
v -3.252673 0.679306 7.041185
v -3.419440 0.679306 6.921510
v -3.419440 0.679306 6.921510
v -3.252673 0.679306 7.041185
v -3.251319 0.674466 7.021165
v -3.397240 0.674466 6.916449
v -3.397240 0.674466 6.916449
v -3.251319 0.674466 7.021165
v -3.250328 0.661246 7.006509
v -3.344430 0.661246 6.912745
v -3.344430 0.661246 6.912745
v -3.250328 0.661246 7.006509
v -3.249965 0.643186 7.001145
v -3.338481 0.643186 6.911388
v -3.338481 0.643186 6.911388
v -3.249965 0.643186 7.001145
v -3.250328 0.625126 7.006509
v -3.380988 0.625126 6.912745
v -3.380988 0.625126 6.912745
v -3.250328 0.625126 7.006509
v -3.251319 0.611905 7.021165
v -3.397240 0.611905 6.916449
v -3.397240 0.611905 6.916449
v -3.251319 0.611905 7.021165
v -3.252673 0.607065 7.041185
v -3.419440 0.607065 6.921510
v -3.419440 0.607065 6.921510
v -3.252673 0.607065 7.041185
v -3.254028 0.611905 7.061204
v -3.441640 0.611905 6.926570
v -3.441640 0.611905 6.926570
v -3.254028 0.611905 7.061204
v -3.255019 0.625126 7.075860
v -3.457892 0.625126 6.930274
v -3.457892 0.625126 6.930274
v -3.255019 0.625126 7.075860
v -3.255382 0.643186 7.081224
v -3.463840 0.643186 6.931631
v -3.255856 0.691472 7.088222
v -3.020740 0.691472 6.956706
v -3.026664 0.710164 6.954678
v -3.255480 0.710164 7.082670
v -3.255480 0.710164 7.082670
v -3.026664 0.710164 6.954678
v -3.042850 0.723847 6.949138
v -3.254454 0.723846 7.067502
v -3.254454 0.723846 7.067502
v -3.042850 0.723847 6.949138
v -3.064960 0.728855 6.941570
v -3.253052 0.728855 7.046782
v -3.253052 0.728855 7.046782
v -3.064960 0.728855 6.941570
v -3.087069 0.723847 6.934002
v -3.251650 0.723847 7.026063
v -3.251650 0.723847 7.026063
v -3.087069 0.723847 6.934002
v -3.154984 0.710164 6.928495
v -3.250624 0.710164 7.010895
v -3.250624 0.710164 7.010895
v -3.154984 0.710164 6.928495
v -3.160767 0.691472 6.926434
v -3.250249 0.691472 7.005343
v -3.250249 0.691472 7.005343
v -3.160767 0.691472 6.926434
v -3.103255 0.672781 6.928462
v -3.250624 0.672781 7.010895
v -3.250624 0.672781 7.010895
v -3.103255 0.672781 6.928462
v -3.087069 0.659098 6.934002
v -3.251650 0.659098 7.026063
v -3.251650 0.659098 7.026063
v -3.087069 0.659098 6.934002
v -3.064960 0.654090 6.941570
v -3.253052 0.654090 7.046782
v -3.253052 0.654090 7.046782
v -3.064960 0.654090 6.941570
v -3.042850 0.659098 6.949138
v -3.254454 0.659098 7.067502
v -3.254454 0.659098 7.067502
v -3.042850 0.659098 6.949138
v -3.026664 0.672781 6.954678
v -3.255480 0.672781 7.082670
v -3.255480 0.672781 7.082670
v -3.026664 0.672781 6.954678
v -3.020740 0.691472 6.956706
v -3.255856 0.691472 7.088222
v -3.020740 0.691472 6.956706
v -3.091175 0.691472 6.720602
v -3.095212 0.710163 6.724901
v -3.026664 0.710164 6.954678
v -3.026664 0.710164 6.954678
v -3.095212 0.710163 6.724901
v -3.106241 0.723846 6.736644
v -3.042850 0.723847 6.949138
v -3.042850 0.723847 6.949138
v -3.106241 0.723846 6.736644
v -3.121307 0.728855 6.752687
v -3.064960 0.728855 6.941570
v -3.064960 0.728855 6.941570
v -3.121307 0.728855 6.752687
v -3.136374 0.723846 6.768729
v -3.087069 0.723847 6.934002
v -3.087069 0.723847 6.934002
v -3.136374 0.723846 6.768729
v -3.180597 0.713933 6.807858
v -3.154984 0.710164 6.928495
v -3.154984 0.710164 6.928495
v -3.180597 0.713933 6.807858
v -3.184634 0.695241 6.812156
v -3.160767 0.691472 6.926434
v -3.160767 0.691472 6.926434
v -3.184634 0.695241 6.812156
v -3.147403 0.672781 6.780473
v -3.103255 0.672781 6.928462
v -3.103255 0.672781 6.928462
v -3.147403 0.672781 6.780473
v -3.136374 0.659098 6.768729
v -3.087069 0.659098 6.934002
v -3.087069 0.659098 6.934002
v -3.136374 0.659098 6.768729
v -3.121307 0.654090 6.752687
v -3.064960 0.654090 6.941570
v -3.064960 0.654090 6.941570
v -3.121307 0.654090 6.752687
v -3.106241 0.659098 6.736644
v -3.042850 0.659098 6.949138
v -3.042850 0.659098 6.949138
v -3.106241 0.659098 6.736644
v -3.095212 0.672781 6.724901
v -3.026664 0.672781 6.954678
v -3.026664 0.672781 6.954678
v -3.095212 0.672781 6.724901
v -3.091175 0.691472 6.720602
v -3.020740 0.691472 6.956706
v -3.091175 0.691472 6.720602
v -3.369821 0.691472 6.706198
v -3.366392 0.710163 6.710882
v -3.095212 0.710163 6.724901
v -3.095212 0.710163 6.724901
v -3.366392 0.710163 6.710882
v -3.357023 0.723846 6.723680
v -3.106241 0.723846 6.736644
v -3.106241 0.723846 6.736644
v -3.357023 0.723846 6.723680
v -3.344225 0.728855 6.741163
v -3.121307 0.728855 6.752687
v -3.121307 0.728855 6.752687
v -3.344225 0.728855 6.741163
v -3.331426 0.723846 6.758646
v -3.136374 0.723846 6.768729
v -3.308456 0.710163 6.793638
v -3.180597 0.713933 6.807858
v -3.180597 0.713933 6.807858
v -3.308456 0.710163 6.793638
v -3.305027 0.691472 6.798322
v -3.184634 0.695241 6.812156
v -3.184634 0.695241 6.812156
v -3.305027 0.691472 6.798322
v -3.322057 0.672781 6.771444
v -3.147403 0.672781 6.780473
v -3.147403 0.672781 6.780473
v -3.322057 0.672781 6.771444
v -3.331426 0.659098 6.758646
v -3.136374 0.659098 6.768729
v -3.136374 0.659098 6.768729
v -3.331426 0.659098 6.758646
v -3.344225 0.654090 6.741163
v -3.121307 0.654090 6.752687
v -3.121307 0.654090 6.752687
v -3.344225 0.654090 6.741163
v -3.357023 0.659098 6.723680
v -3.106241 0.659098 6.736644
v -3.106241 0.659098 6.736644
v -3.357023 0.659098 6.723680
v -3.366392 0.672781 6.710882
v -3.095212 0.672781 6.724901
v -3.095212 0.672781 6.724901
v -3.366392 0.672781 6.710882
v -3.369821 0.691472 6.706198
v -3.091175 0.691472 6.720602
v -3.369821 0.691472 6.706198
v -3.471600 0.691472 6.933399
v -3.465443 0.710164 6.931996
v -3.366392 0.710163 6.710882
v -3.366392 0.710163 6.710882
v -3.465443 0.710164 6.931996
v -3.448624 0.723847 6.928162
v -3.357023 0.723846 6.723680
v -3.357023 0.723846 6.723680
v -3.448624 0.723847 6.928162
v -3.425647 0.728855 6.922925
v -3.344225 0.728855 6.741163
v -3.344225 0.728855 6.741163
v -3.425647 0.728855 6.922925
v -3.402671 0.723847 6.917687
v -3.331426 0.723846 6.758646
v -3.331426 0.723846 6.758646
v -3.402671 0.723847 6.917687
v -3.349293 0.710164 6.913853
v -3.308456 0.710163 6.793638
v -3.308456 0.710163 6.793638
v -3.349293 0.710164 6.913853
v -3.343137 0.691472 6.912450
v -3.305027 0.691472 6.798322
v -3.305027 0.691472 6.798322
v -3.343137 0.691472 6.912450
v -3.385852 0.672781 6.913853
v -3.322057 0.672781 6.771444
v -3.322057 0.672781 6.771444
v -3.385852 0.672781 6.913853
v -3.402671 0.659098 6.917687
v -3.331426 0.659098 6.758646
v -3.331426 0.659098 6.758646
v -3.402671 0.659098 6.917687
v -3.425647 0.654090 6.922925
v -3.344225 0.654090 6.741163
v -3.344225 0.654090 6.741163
v -3.425647 0.654090 6.922925
v -3.448624 0.659098 6.928162
v -3.357023 0.659098 6.723680
v -3.357023 0.659098 6.723680
v -3.448624 0.659098 6.928162
v -3.465443 0.672781 6.931996
v -3.366392 0.672781 6.710882
v -3.366392 0.672781 6.710882
v -3.465443 0.672781 6.931996
v -3.471600 0.691472 6.933399
v -3.369821 0.691472 6.706198
v -3.471600 0.691472 6.933399
v -3.255856 0.691472 7.088222
v -3.255480 0.710164 7.082670
v -3.465443 0.710164 6.931996
v -3.465443 0.710164 6.931996
v -3.255480 0.710164 7.082670
v -3.254454 0.723846 7.067502
v -3.448624 0.723847 6.928162
v -3.448624 0.723847 6.928162
v -3.254454 0.723846 7.067502
v -3.253052 0.728855 7.046782
v -3.425647 0.728855 6.922925
v -3.425647 0.728855 6.922925
v -3.253052 0.728855 7.046782
v -3.251650 0.723847 7.026063
v -3.402671 0.723847 6.917687
v -3.402671 0.723847 6.917687
v -3.251650 0.723847 7.026063
v -3.250624 0.710164 7.010895
v -3.349293 0.710164 6.913853
v -3.349293 0.710164 6.913853
v -3.250624 0.710164 7.010895
v -3.250249 0.691472 7.005343
v -3.343137 0.691472 6.912450
v -3.343137 0.691472 6.912450
v -3.250249 0.691472 7.005343
v -3.250624 0.672781 7.010895
v -3.385852 0.672781 6.913853
v -3.385852 0.672781 6.913853
v -3.250624 0.672781 7.010895
v -3.251650 0.659098 7.026063
v -3.402671 0.659098 6.917687
v -3.402671 0.659098 6.917687
v -3.251650 0.659098 7.026063
v -3.253052 0.654090 7.046782
v -3.425647 0.654090 6.922925
v -3.425647 0.654090 6.922925
v -3.253052 0.654090 7.046782
v -3.254454 0.659098 7.067502
v -3.448624 0.659098 6.928162
v -3.448624 0.659098 6.928162
v -3.254454 0.659098 7.067502
v -3.255480 0.672781 7.082670
v -3.465443 0.672781 6.931996
v -3.465443 0.672781 6.931996
v -3.255480 0.672781 7.082670
v -3.255856 0.691472 7.088222
v -3.471600 0.691472 6.933399
vn 0.4737 0.2420 0.8468
vn 0.3573 0.6813 0.6388
vn 0.1350 0.9610 0.2414
vn -0.1350 0.9610 -0.2414
vn -0.2474 0.8969 -0.3665
vn -0.2473 0.8970 -0.3665
vn -0.2473 0.8969 -0.3665
vn -0.2474 0.8969 -0.3666
vn -0.6441 0.2444 -0.7248
vn -0.6443 0.2445 -0.7246
vn -0.3882 -0.7277 -0.5654
vn -0.3883 -0.7278 -0.5653
vn -0.3573 -0.6813 -0.6388
vn -0.1350 -0.9610 -0.2414
vn 0.1350 -0.9610 0.2414
vn 0.3573 -0.6813 0.6388
vn 0.4737 -0.2420 0.8468
vn 0.9245 0.2631 -0.2758
vn 0.6716 0.7133 -0.2004
vn 0.2440 0.9670 -0.0728
vn -0.2440 0.9670 0.0728
vn -0.3184 0.9471 0.0407
vn -0.5820 0.8121 0.0429
vn -0.5819 0.8121 0.0429
vn -0.5819 0.8121 0.0430
vn -0.3660 -0.9271 0.0803
vn -0.3660 -0.9272 0.0803
vn -0.6716 -0.7133 0.2004
vn -0.2440 -0.9670 0.0728
vn 0.2440 -0.9670 -0.0728
vn 0.6716 -0.7133 -0.2004
vn 0.9245 -0.2631 -0.2758
vn 0.0502 0.2341 -0.9709
vn 0.0384 0.6684 -0.7428
vn 0.0147 0.9583 -0.2853
vn -0.0147 0.9583 0.2853
vn 0.0054 0.8671 0.4981
vn 0.0054 0.8671 0.4980
vn -0.0107 0.7493 0.6621
vn -0.0107 0.7493 0.6622
vn -0.0106 0.7493 0.6622
vn -0.0106 0.7493 0.6621
vn -0.0327 -0.8299 0.5569
vn -0.0384 -0.6684 0.7428
vn -0.0147 -0.9583 0.2853
vn 0.0147 -0.9583 -0.2853
vn 0.0384 -0.6684 -0.7428
vn 0.0502 -0.2341 -0.9709
vn -0.8811 0.2606 -0.3947
vn -0.6430 0.7097 -0.2880
vn -0.2346 0.9664 -0.1051
vn 0.2346 0.9664 0.1051
vn 0.2865 0.9512 0.1145
vn 0.9159 0.2616 0.3043
vn 0.9160 0.2616 0.3042
vn 0.9160 0.2616 0.3043
vn 0.4540 -0.8728 0.1795
vn 0.4539 -0.8728 0.1794
vn 0.4539 -0.8728 0.1795
vn 0.6430 -0.7097 0.2880
vn 0.2346 -0.9664 0.1051
vn -0.2346 -0.9664 -0.1051
vn -0.6430 -0.7097 -0.2880
vn -0.8811 -0.2606 -0.3947
vn -0.5652 0.2453 0.7876
vn -0.4239 0.6866 0.5907
vn -0.1591 0.9620 0.2218
vn 0.1591 0.9620 -0.2218
vn 0.3053 0.8777 -0.3692
vn 0.3054 0.8777 -0.3693
vn 0.6869 0.2472 -0.6835
vn 0.6868 0.2472 -0.6835
vn 0.4761 -0.6709 -0.5686
vn 0.4761 -0.6708 -0.5686
vn 0.4760 -0.6709 -0.5686
vn 0.4239 -0.6866 -0.5907
vn 0.1591 -0.9620 -0.2218
vn -0.1591 -0.9620 0.2218
vn -0.4239 -0.6866 0.5907
vn -0.5652 -0.2453 0.7876
vn -0.2502 0.8934 -0.3732
vn -0.2502 0.8934 -0.3731
vn -0.6376 0.2412 -0.7317
vn -0.6375 0.2412 -0.7317
vn -0.3926 -0.7168 -0.5763
vn -0.3925 -0.7168 -0.5762
vn -0.3926 -0.7168 -0.5762
vn -0.1877 0.9803 0.0621
vn -0.1876 0.9803 0.0621
vn -0.9431 0.2601 0.2070
vn -0.3747 -0.9233 0.0839
vn -0.3748 -0.9233 0.0839
vn 0.0384 0.6685 -0.7428
vn -0.0247 0.9566 0.2902
vn -0.0240 0.9568 0.2897
vn -0.0333 0.9551 0.2945
vn -0.1162 0.2338 0.9653
vn -0.1162 0.2339 0.9653
vn -0.0334 -0.8231 0.5669
vn -0.0384 -0.6685 0.7428
vn 0.0384 -0.6685 -0.7428
vn 0.2923 0.9491 0.1173
vn 0.9147 0.2616 0.3081
vn 0.9147 0.2616 0.3080
vn 0.4637 -0.8666 0.1842
vn 0.3086 0.8741 -0.3752
vn 0.3087 0.8741 -0.3752
vn 0.3087 0.8740 -0.3752
vn 0.3086 0.8741 -0.3751
vn 0.6822 0.2472 -0.6881
vn 0.4802 -0.6609 -0.5767
vn 0.4802 -0.6608 -0.5768
vn 0.4802 -0.6609 -0.5768
vt 0.600000 0.500000
vt 0.800000 0.500000
vt 0.800000 0.416667
vt 0.600000 0.416667
vt 0.800000 0.333333
vt 0.600000 0.333333
vt 0.800000 0.250000
vt 0.600000 0.250000
vt 0.800000 0.166667
vt 0.600000 0.166667
vt 0.800000 0.083333
vt 0.600000 0.083333
vt 0.800000 0.000000
vt 0.600000 0.000000
vt 0.600000 1.000000
vt 0.800000 1.000000
vt 0.800000 0.916667
vt 0.600000 0.916667
vt 0.800000 0.833333
vt 0.600000 0.833333
vt 0.800000 0.750000
vt 0.600000 0.750000
vt 0.800000 0.666667
vt 0.600000 0.666667
vt 0.800000 0.583333
vt 0.600000 0.583333
vt 1.000000 0.500000
vt 1.000000 0.416667
vt 1.000000 0.333333
vt 1.000000 0.250000
vt 1.000000 0.166667
vt 1.000000 0.083333
vt 1.000000 0.000000
vt 1.000000 1.000000
vt 1.000000 0.916667
vt 1.000000 0.833333
vt 1.000000 0.750000
vt 1.000000 0.666667
vt 1.000000 0.583333
vt 0.000000 0.500000
vt 0.200000 0.500000
vt 0.200000 0.416667
vt 0.000000 0.416667
vt 0.200000 0.333333
vt 0.000000 0.333333
vt 0.200000 0.250000
vt 0.000000 0.250000
vt 0.200000 0.166667
vt 0.000000 0.166667
vt 0.200000 0.083333
vt 0.000000 0.083333
vt 0.200000 0.000000
vt 0.000000 0.000000
vt 0.000000 1.000000
vt 0.200000 1.000000
vt 0.200000 0.916667
vt 0.000000 0.916667
vt 0.200000 0.833333
vt 0.000000 0.833333
vt 0.200000 0.750000
vt 0.000000 0.750000
vt 0.200000 0.666667
vt 0.000000 0.666667
vt 0.200000 0.583333
vt 0.000000 0.583333
vt 0.400000 0.500000
vt 0.400000 0.416667
vt 0.400000 0.333333
vt 0.400000 0.250000
vt 0.400000 0.166667
vt 0.400000 0.083333
vt 0.400000 0.000000
vt 0.400000 1.000000
vt 0.400000 0.916667
vt 0.400000 0.833333
vt 0.400000 0.750000
vt 0.400000 0.666667
vt 0.400000 0.583333
s 0
usemtl white
f 7885/2197/1725 7886/2198/1725 7887/2199/1725
f 7885/2197/1725 7887/2199/1725 7888/2200/1725
f 7889/2200/1726 7890/2199/1726 7891/2201/1726
f 7889/2200/1726 7891/2201/1726 7892/2202/1726
f 7893/2202/1727 7894/2201/1727 7895/2203/1727
f 7893/2202/1727 7895/2203/1727 7896/2204/1727
f 7897/2204/1728 7898/2203/1728 7899/2205/1728
f 7897/2204/1728 7899/2205/1728 7900/2206/1728
s 1
f 7901/2206/1729 7902/2205/1730 7903/2207/1731
f 7901/2206/1729 7903/2207/1731 7904/2208/1732
f 7905/2208/1733 7906/2207/1734 7907/2209/1733
f 7905/2208/1733 7907/2209/1733 7908/2210/1733
f 7909/2211/1735 7910/2212/1736 7911/2213/1736
f 7909/2211/1735 7911/2213/1736 7912/2214/1736
s 0
f 7913/2214/1737 7914/2213/1737 7915/2215/1737
f 7913/2214/1737 7915/2215/1737 7916/2216/1737
f 7917/2216/1738 7918/2215/1738 7919/2217/1738
f 7917/2216/1738 7919/2217/1738 7920/2218/1738
f 7921/2218/1739 7922/2217/1739 7923/2219/1739
f 7921/2218/1739 7923/2219/1739 7924/2220/1739
f 7925/2220/1740 7926/2219/1740 7927/2221/1740
f 7925/2220/1740 7927/2221/1740 7928/2222/1740
f 7929/2222/1741 7930/2221/1741 7931/2198/1741
f 7929/2222/1741 7931/2198/1741 7932/2197/1741
f 7933/2198/1742 7934/2223/1742 7935/2224/1742
f 7933/2198/1742 7935/2224/1742 7936/2199/1742
s 1
f 7937/2199/1743 7938/2224/1743 7939/2225/1743
s 0
f 7937/2199/1743 7939/2225/1743 7940/2201/1743
f 7941/2201/1744 7942/2225/1744 7943/2226/1744
f 7941/2201/1744 7943/2226/1744 7944/2203/1744
f 7945/2203/1745 7946/2226/1745 7947/2227/1745
f 7945/2203/1745 7947/2227/1745 7948/2205/1745
s 1
f 7949/2205/1746 7950/2227/1746 7951/2228/1746
f 7949/2205/1746 7951/2228/1746 7952/2207/1746
f 7953/2207/1747 7954/2228/1748 7955/2229/1748
f 7953/2207/1747 7955/2229/1748 7956/2209/1749
f 7957/2212/1750 7958/2230/1750 7959/2231/1750
f 7957/2212/1750 7959/2231/1750 7960/2213/1751
f 7961/2213/1752 7962/2231/1752 7963/2232/1752
s 0
f 7961/2213/1752 7963/2232/1752 7964/2215/1752
f 7965/2215/1753 7966/2232/1753 7967/2233/1753
f 7965/2215/1753 7967/2233/1753 7968/2217/1753
f 7969/2217/1754 7970/2233/1754 7971/2234/1754
f 7969/2217/1754 7971/2234/1754 7972/2219/1754
f 7973/2219/1755 7974/2234/1755 7975/2235/1755
f 7973/2219/1755 7975/2235/1755 7976/2221/1755
f 7977/2221/1756 7978/2235/1756 7979/2223/1756
f 7977/2221/1756 7979/2223/1756 7980/2198/1756
f 7981/2236/1757 7982/2237/1757 7983/2238/1757
f 7981/2236/1757 7983/2238/1757 7984/2239/1757
s 1
f 7985/2239/1758 7986/2238/1758 7987/2240/1758
s 0
f 7985/2239/1758 7987/2240/1758 7988/2241/1758
f 7989/2241/1759 7990/2240/1759 7991/2242/1759
f 7989/2241/1759 7991/2242/1759 7992/2243/1759
f 7993/2243/1760 7994/2242/1760 7995/2244/1760
f 7993/2243/1760 7995/2244/1760 7996/2245/1760
s 1
f 7997/2245/1761 7998/2244/1762 7999/2246/1762
f 7997/2245/1761 7999/2246/1762 8000/2247/1761
f 8001/2247/1763 8002/2246/1764 8003/2248/1765
f 8001/2247/1763 8003/2248/1765 8004/2249/1766
f 8005/2250/1767 8006/2251/1767 8007/2252/1767
f 8005/2250/1767 8007/2252/1767 8008/2253/1767
s 0
f 8009/2253/1768 8010/2252/1768 8011/2254/1768
f 8009/2253/1768 8011/2254/1768 8012/2255/1768
f 8013/2255/1769 8014/2254/1769 8015/2256/1769
f 8013/2255/1769 8015/2256/1769 8016/2257/1769
f 8017/2257/1770 8018/2256/1770 8019/2258/1770
f 8017/2257/1770 8019/2258/1770 8020/2259/1770
f 8021/2259/1771 8022/2258/1771 8023/2260/1771
f 8021/2259/1771 8023/2260/1771 8024/2261/1771
s 1
f 8025/2261/1772 8026/2260/1772 8027/2237/1772
s 0
f 8025/2261/1772 8027/2237/1772 8028/2236/1772
f 8029/2237/1773 8030/2262/1773 8031/2263/1773
f 8029/2237/1773 8031/2263/1773 8032/2238/1773
f 8033/2238/1774 8034/2263/1774 8035/2264/1774
f 8033/2238/1774 8035/2264/1774 8036/2240/1774
f 8037/2240/1775 8038/2264/1775 8039/2265/1775
f 8037/2240/1775 8039/2265/1775 8040/2242/1775
f 8041/2242/1776 8042/2265/1776 8043/2266/1776
f 8041/2242/1776 8043/2266/1776 8044/2244/1776
s 1
f 8045/2244/1777 8046/2266/1777 8047/2267/1777
f 8045/2244/1777 8047/2267/1777 8048/2246/1777
f 8049/2246/1778 8050/2267/1779 8051/2268/1778
f 8049/2246/1778 8051/2268/1778 8052/2248/1780
f 8053/2251/1781 8054/2269/1782 8055/2270/1782
f 8053/2251/1781 8055/2270/1782 8056/2252/1783
s 0
f 8057/2252/1784 8058/2270/1784 8059/2271/1784
f 8057/2252/1784 8059/2271/1784 8060/2254/1784
f 8061/2254/1785 8062/2271/1785 8063/2272/1785
f 8061/2254/1785 8063/2272/1785 8064/2256/1785
f 8065/2256/1786 8066/2272/1786 8067/2273/1786
f 8065/2256/1786 8067/2273/1786 8068/2258/1786
f 8069/2258/1787 8070/2273/1787 8071/2274/1787
f 8069/2258/1787 8071/2274/1787 8072/2260/1787
f 8073/2260/1788 8074/2274/1788 8075/2262/1788
f 8073/2260/1788 8075/2262/1788 8076/2237/1788
f 8077/2262/1789 8078/2197/1789 8079/2200/1789
f 8077/2262/1789 8079/2200/1789 8080/2263/1789
f 8081/2263/1790 8082/2200/1790 8083/2202/1790
f 8081/2263/1790 8083/2202/1790 8084/2264/1790
f 8085/2264/1791 8086/2202/1791 8087/2204/1791
f 8085/2264/1791 8087/2204/1791 8088/2265/1791
f 8089/2265/1792 8090/2204/1792 8091/2206/1792
f 8089/2265/1792 8091/2206/1792 8092/2266/1792
s 1
f 8093/2266/1793 8094/2206/1794 8095/2208/1794
f 8093/2266/1793 8095/2208/1794 8096/2267/1793
f 8097/2267/1795 8098/2208/1795 8099/2210/1796
f 8097/2267/1795 8099/2210/1796 8100/2268/1795
f 8101/2269/1797 8102/2211/1798 8103/2214/1798
f 8101/2269/1797 8103/2214/1798 8104/2270/1799
s 0
f 8105/2270/1800 8106/2214/1800 8107/2216/1800
f 8105/2270/1800 8107/2216/1800 8108/2271/1800
f 8109/2271/1801 8110/2216/1801 8111/2218/1801
f 8109/2271/1801 8111/2218/1801 8112/2272/1801
f 8113/2272/1802 8114/2218/1802 8115/2220/1802
f 8113/2272/1802 8115/2220/1802 8116/2273/1802
f 8117/2273/1803 8118/2220/1803 8119/2222/1803
f 8117/2273/1803 8119/2222/1803 8120/2274/1803
f 8121/2274/1804 8122/2222/1804 8123/2197/1804
f 8121/2274/1804 8123/2197/1804 8124/2262/1804
f 8125/2197/1725 8126/2198/1725 8127/2199/1725
f 8125/2197/1725 8127/2199/1725 8128/2200/1725
f 8129/2200/1726 8130/2199/1726 8131/2201/1726
f 8129/2200/1726 8131/2201/1726 8132/2202/1726
f 8133/2202/1727 8134/2201/1727 8135/2203/1727
f 8133/2202/1727 8135/2203/1727 8136/2204/1727
f 8137/2204/1728 8138/2203/1728 8139/2205/1728
f 8137/2204/1728 8139/2205/1728 8140/2206/1728
s 1
f 8141/2206/1805 8142/2205/1806 8143/2207/1805
f 8141/2206/1805 8143/2207/1805 8144/2208/1805
f 8145/2208/1807 8146/2207/1808 8147/2209/1807
f 8145/2208/1807 8147/2209/1807 8148/2210/1807
f 8149/2211/1809 8150/2212/1810 8151/2213/1811
f 8149/2211/1809 8151/2213/1811 8152/2214/1811
s 0
f 8153/2214/1737 8154/2213/1737 8155/2215/1737
f 8153/2214/1737 8155/2215/1737 8156/2216/1737
f 8157/2216/1738 8158/2215/1738 8159/2217/1738
f 8157/2216/1738 8159/2217/1738 8160/2218/1738
f 8161/2218/1739 8162/2217/1739 8163/2219/1739
f 8161/2218/1739 8163/2219/1739 8164/2220/1739
f 8165/2220/1740 8166/2219/1740 8167/2221/1740
f 8165/2220/1740 8167/2221/1740 8168/2222/1740
f 8169/2222/1741 8170/2221/1741 8171/2198/1741
f 8169/2222/1741 8171/2198/1741 8172/2197/1741
f 8173/2198/1742 8174/2223/1742 8175/2224/1742
f 8173/2198/1742 8175/2224/1742 8176/2199/1742
f 8177/2199/1743 8178/2224/1743 8179/2225/1743
f 8177/2199/1743 8179/2225/1743 8180/2201/1743
f 8181/2201/1744 8182/2225/1744 8183/2226/1744
f 8181/2201/1744 8183/2226/1744 8184/2203/1744
f 8185/2203/1745 8186/2226/1745 8187/2227/1745
f 8185/2203/1745 8187/2227/1745 8188/2205/1745
s 1
f 8189/2205/1812 8190/2227/1812 8191/2228/1813
f 8189/2205/1812 8191/2228/1813 8192/2207/1812
f 8193/2207/1814 8194/2228/1814 8195/2229/1814
f 8193/2207/1814 8195/2229/1814 8196/2209/1814
f 8197/2212/1815 8198/2230/1816 8199/2231/1816
f 8197/2212/1815 8199/2231/1816 8200/2213/1815
s 0
f 8201/2213/1752 8202/2231/1752 8203/2232/1752
f 8201/2213/1752 8203/2232/1752 8204/2215/1752
f 8205/2215/1753 8206/2232/1753 8207/2233/1753
f 8205/2215/1753 8207/2233/1753 8208/2217/1753
f 8209/2217/1754 8210/2233/1754 8211/2234/1754
f 8209/2217/1754 8211/2234/1754 8212/2219/1754
f 8213/2219/1755 8214/2234/1755 8215/2235/1755
f 8213/2219/1755 8215/2235/1755 8216/2221/1755
f 8217/2221/1756 8218/2235/1756 8219/2223/1756
f 8217/2221/1756 8219/2223/1756 8220/2198/1756
f 8221/2236/1757 8222/2237/1757 8223/2238/1757
f 8221/2236/1757 8223/2238/1757 8224/2239/1757
f 8225/2239/1817 8226/2238/1817 8227/2240/1817
f 8225/2239/1758 8227/2240/1758 8228/2241/1758
f 8229/2241/1759 8230/2240/1759 8231/2242/1759
f 8229/2241/1759 8231/2242/1759 8232/2243/1759
s 1
f 8233/2243/1760 8234/2242/1760 8235/2244/1818
f 8233/2243/1760 8235/2244/1818 8236/2245/1819
f 8236/2245/1819 8235/2244/1818 8237/2246/1820
f 8236/2245/1819 8237/2246/1820 8238/2247/1820
f 8239/2247/1821 8240/2246/1821 8241/2248/1822
f 8239/2247/1821 8241/2248/1822 8242/2249/1821
f 8243/2250/1823 8244/2251/1823 8245/2252/1823
f 8243/2250/1823 8245/2252/1823 8246/2253/1823
s 0
f 8247/2253/1824 8248/2252/1824 8249/2254/1824
f 8247/2253/1824 8249/2254/1824 8250/2255/1824
f 8251/2255/1769 8252/2254/1769 8253/2256/1769
f 8251/2255/1769 8253/2256/1769 8254/2257/1769
f 8255/2257/1770 8256/2256/1770 8257/2258/1770
f 8255/2257/1770 8257/2258/1770 8258/2259/1770
f 8259/2259/1825 8260/2258/1825 8261/2260/1825
f 8259/2259/1771 8261/2260/1771 8262/2261/1771
f 8263/2261/1772 8264/2260/1772 8265/2237/1772
f 8263/2261/1772 8265/2237/1772 8266/2236/1772
f 8267/2237/1773 8268/2262/1773 8269/2263/1773
f 8267/2237/1773 8269/2263/1773 8270/2238/1773
f 8271/2238/1774 8272/2263/1774 8273/2264/1774
f 8271/2238/1774 8273/2264/1774 8274/2240/1774
f 8275/2240/1775 8276/2264/1775 8277/2265/1775
f 8275/2240/1775 8277/2265/1775 8278/2242/1775
f 8279/2242/1776 8280/2265/1776 8281/2266/1776
f 8279/2242/1776 8281/2266/1776 8282/2244/1776
s 1
f 8283/2244/1826 8284/2266/1826 8285/2267/1826
f 8283/2244/1826 8285/2267/1826 8286/2246/1826
f 8287/2246/1827 8288/2267/1828 8289/2268/1827
f 8287/2246/1827 8289/2268/1827 8290/2248/1827
f 8291/2251/1829 8292/2269/1829 8293/2270/1829
f 8291/2251/1829 8293/2270/1829 8294/2252/1829
s 0
f 8295/2252/1784 8296/2270/1784 8297/2271/1784
f 8295/2252/1784 8297/2271/1784 8298/2254/1784
s 1
f 8299/2254/1785 8300/2271/1785 8301/2272/1785
s 0
f 8299/2254/1785 8301/2272/1785 8302/2256/1785
f 8303/2256/1786 8304/2272/1786 8305/2273/1786
f 8303/2256/1786 8305/2273/1786 8306/2258/1786
f 8307/2258/1787 8308/2273/1787 8309/2274/1787
f 8307/2258/1787 8309/2274/1787 8310/2260/1787
f 8311/2260/1788 8312/2274/1788 8313/2262/1788
f 8311/2260/1788 8313/2262/1788 8314/2237/1788
f 8315/2262/1789 8316/2197/1789 8317/2200/1789
f 8315/2262/1789 8317/2200/1789 8318/2263/1789
f 8319/2263/1790 8320/2200/1790 8321/2202/1790
f 8319/2263/1790 8321/2202/1790 8322/2264/1790
f 8323/2264/1791 8324/2202/1791 8325/2204/1791
f 8323/2264/1791 8325/2204/1791 8326/2265/1791
f 8327/2265/1792 8328/2204/1792 8329/2206/1792
f 8327/2265/1792 8329/2206/1792 8330/2266/1792
s 1
f 8331/2266/1830 8332/2206/1831 8333/2208/1832
f 8331/2266/1830 8333/2208/1832 8334/2267/1833
f 8335/2267/1834 8336/2208/1834 8337/2210/1834
f 8335/2267/1834 8337/2210/1834 8338/2268/1834
f 8339/2269/1835 8340/2211/1835 8341/2214/1836
f 8339/2269/1835 8341/2214/1836 8342/2270/1837
s 0
f 8343/2270/1800 8344/2214/1800 8345/2216/1800
s 1
f 8343/2270/1800 8345/2216/1800 8346/2271/1800
s 0
f 8347/2271/1801 8348/2216/1801 8349/2218/1801
f 8347/2271/1801 8349/2218/1801 8350/2272/1801
f 8351/2272/1802 8352/2218/1802 8353/2220/1802
f 8351/2272/1802 8353/2220/1802 8354/2273/1802
f 8355/2273/1803 8356/2220/1803 8357/2222/1803
f 8355/2273/1803 8357/2222/1803 8358/2274/1803
f 8359/2274/1804 8360/2222/1804 8361/2197/1804
f 8359/2274/1804 8361/2197/1804 8362/2262/1804
o blockage.005_Material.016_0
v -3.199107 0.175867 7.586720
v -3.131475 0.840487 7.590720
v -3.201539 0.840487 7.705206
v -3.231607 0.175867 7.639826
v -3.231607 0.175867 7.639826
v -3.201539 0.840487 7.705206
v -3.327685 0.840487 7.697747
v -3.290121 0.175867 7.636366
v -3.290121 0.175867 7.636366
v -3.327685 0.840487 7.697747
v -3.383767 0.840487 7.575800
v -3.316135 0.175867 7.579800
v -3.316135 0.175867 7.579800
v -3.383767 0.840487 7.575800
v -3.313703 0.840487 7.461314
v -3.283635 0.175867 7.526694
v -3.283635 0.175867 7.526694
v -3.313703 0.840487 7.461314
v -3.187557 0.840487 7.468774
v -3.225121 0.175867 7.530154
v -3.225121 0.175867 7.530154
v -3.187557 0.840487 7.468774
v -3.131475 0.840487 7.590720
v -3.199107 0.175867 7.586720
v -3.201539 0.840487 7.705206
v -3.131475 0.840487 7.590720
v -3.187557 0.840487 7.468774
v -3.313703 0.840487 7.461314
v -3.383767 0.840487 7.575800
v -3.327685 0.840487 7.697747
v -3.199107 0.175867 7.586720
v -3.231607 0.175867 7.639826
v -3.290121 0.175867 7.636366
v -3.316135 0.175867 7.579800
v -3.283635 0.175867 7.526694
v -3.225121 0.175867 7.530154
vn 0.8495 -0.0896 0.5199
vn -0.0588 -0.0951 0.9937
vn -0.9049 -0.0896 0.4161
vn -0.8495 -0.0896 -0.5199
vn 0.0588 -0.0951 -0.9937
vn 0.9049 -0.0896 -0.4161
vn -0.0000 1.0000 -0.0000
vn -0.0000 -1.0000 -0.0000
vt 1.000000 0.500000
vt 1.000000 0.000000
vt 0.833333 0.000000
vt 0.833333 0.500000
vt 0.666667 0.000000
vt 0.666667 0.500000
vt 0.500000 0.000000
vt 0.500000 0.500000
vt 0.333333 0.000000
vt 0.333333 0.500000
vt 0.166667 0.000000
vt 0.166667 0.500000
vt -0.000000 0.000000
vt -0.000000 0.500000
vt 0.250000 0.990000
vt 0.042154 0.630000
vt 0.042154 0.870000
vt 0.250000 0.510000
vt 0.457846 0.870000
vt 0.457846 0.630000
vt 0.542154 0.630000
vt 0.750000 0.990000
vt 0.542154 0.870000
vt 0.750000 0.510000
vt 0.957846 0.870000
vt 0.957846 0.630000
s 0
usemtl Material.016
f 8363/2275/1838 8364/2276/1838 8365/2277/1838
f 8363/2275/1838 8365/2277/1838 8366/2278/1838
f 8367/2278/1839 8368/2277/1839 8369/2279/1839
f 8367/2278/1839 8369/2279/1839 8370/2280/1839
f 8371/2280/1840 8372/2279/1840 8373/2281/1840
f 8371/2280/1840 8373/2281/1840 8374/2282/1840
f 8375/2282/1841 8376/2281/1841 8377/2283/1841
f 8375/2282/1841 8377/2283/1841 8378/2284/1841
f 8379/2284/1842 8380/2283/1842 8381/2285/1842
f 8379/2284/1842 8381/2285/1842 8382/2286/1842
f 8383/2286/1843 8384/2285/1843 8385/2287/1843
f 8383/2286/1843 8385/2287/1843 8386/2288/1843
f 8391/2289/1844 8389/2290/1844 8390/2291/1844
f 8389/2290/1844 8391/2289/1844 8388/2292/1844
f 8388/2292/1844 8391/2289/1844 8392/2293/1844
f 8388/2292/1844 8392/2293/1844 8387/2294/1844
f 8398/2295/1845 8396/2296/1845 8397/2297/1845
f 8396/2296/1845 8398/2295/1845 8393/2298/1845
f 8396/2296/1845 8393/2298/1845 8395/2299/1845
f 8395/2299/1845 8393/2298/1845 8394/2300/1845
o blockage.005_white_0
v -3.264109 0.643186 7.769410
v -3.036934 0.643186 7.642336
v -3.042658 0.661246 7.640377
v -3.263746 0.661246 7.764046
v -3.263746 0.661246 7.764046
v -3.042658 0.661246 7.640377
v -3.058297 0.674466 7.635024
v -3.262755 0.674466 7.749390
v -3.262755 0.674466 7.749390
v -3.058297 0.674466 7.635024
v -3.079660 0.679306 7.627711
v -3.261400 0.679306 7.729371
v -3.261400 0.679306 7.729371
v -3.079660 0.679306 7.627711
v -3.101023 0.674466 7.620399
v -3.260046 0.674466 7.709351
v -3.260046 0.674466 7.709351
v -3.101023 0.674466 7.620399
v -3.168250 0.661246 7.615046
v -3.259055 0.661246 7.694695
v -3.259055 0.661246 7.694695
v -3.168250 0.661246 7.615046
v -3.174116 0.643186 7.613119
v -3.258692 0.643186 7.689331
v -3.258692 0.643186 7.689331
v -3.174116 0.643186 7.613119
v -3.116662 0.625126 7.615046
v -3.259055 0.625126 7.694695
v -3.259055 0.625126 7.694695
v -3.116662 0.625126 7.615046
v -3.101023 0.611905 7.620399
v -3.260046 0.611905 7.709351
v -3.260046 0.611905 7.709351
v -3.101023 0.611905 7.620399
v -3.079660 0.607065 7.627711
v -3.261400 0.607065 7.729371
v -3.261400 0.607065 7.729371
v -3.079660 0.607065 7.627711
v -3.058297 0.611905 7.635024
v -3.262755 0.611905 7.749390
v -3.262755 0.611905 7.749390
v -3.058297 0.611905 7.635024
v -3.042658 0.625126 7.640377
v -3.263746 0.625126 7.764046
v -3.263746 0.625126 7.764046
v -3.042658 0.625126 7.640377
v -3.036934 0.643186 7.642336
v -3.264109 0.643186 7.769410
v -3.036934 0.643186 7.642336
v -3.104990 0.643186 7.414206
v -3.108891 0.661246 7.418359
v -3.042658 0.661246 7.640377
v -3.042658 0.661246 7.640377
v -3.108891 0.661246 7.418359
v -3.119547 0.674467 7.429706
v -3.058297 0.674466 7.635024
v -3.058297 0.674466 7.635024
v -3.119547 0.674467 7.429706
v -3.134105 0.679306 7.445207
v -3.079660 0.679306 7.627711
v -3.079660 0.679306 7.627711
v -3.134105 0.679306 7.445207
v -3.148662 0.674467 7.460707
v -3.101023 0.674466 7.620399
v -3.101023 0.674466 7.620399
v -3.148662 0.674467 7.460707
v -3.159319 0.661246 7.472054
v -3.168250 0.661246 7.615046
v -3.168250 0.661246 7.615046
v -3.159319 0.661246 7.472054
v -3.196414 0.646955 7.503592
v -3.174116 0.643186 7.613119
v -3.174116 0.643186 7.613119
v -3.196414 0.646955 7.503592
v -3.159319 0.625126 7.472054
v -3.116662 0.625126 7.615046
v -3.116662 0.625126 7.615046
v -3.159319 0.625126 7.472054
v -3.148662 0.611905 7.460707
v -3.101023 0.611905 7.620399
v -3.101023 0.611905 7.620399
v -3.148662 0.611905 7.460707
v -3.134105 0.607065 7.445207
v -3.079660 0.607065 7.627711
v -3.079660 0.607065 7.627711
v -3.134105 0.607065 7.445207
v -3.119547 0.611905 7.429706
v -3.058297 0.611905 7.635024
v -3.058297 0.611905 7.635024
v -3.119547 0.611905 7.429706
v -3.108891 0.625126 7.418359
v -3.042658 0.625126 7.640377
v -3.042658 0.625126 7.640377
v -3.108891 0.625126 7.418359
v -3.104990 0.643186 7.414206
v -3.036934 0.643186 7.642336
v -3.104990 0.643186 7.414206
v -3.374226 0.643186 7.400288
v -3.370913 0.661246 7.404814
v -3.108891 0.661246 7.418359
v -3.108891 0.661246 7.418359
v -3.370913 0.661246 7.404814
v -3.361860 0.674467 7.417180
v -3.119547 0.674467 7.429706
v -3.119547 0.674467 7.429706
v -3.361860 0.674467 7.417180
v -3.349494 0.679306 7.434072
v -3.134105 0.679306 7.445207
v -3.134105 0.679306 7.445207
v -3.349494 0.679306 7.434072
v -3.337128 0.674467 7.450965
v -3.148662 0.674467 7.460707
v -3.148662 0.674467 7.460707
v -3.337128 0.674467 7.450965
v -3.314474 0.661246 7.485524
v -3.159319 0.661246 7.472054
v -3.159319 0.661246 7.472054
v -3.314474 0.661246 7.485524
v -3.311161 0.643186 7.490050
v -3.196414 0.646955 7.503592
v -3.196414 0.646955 7.503592
v -3.311161 0.643186 7.490050
v -3.328075 0.625126 7.463331
v -3.159319 0.625126 7.472054
v -3.159319 0.625126 7.472054
v -3.328075 0.625126 7.463331
v -3.337128 0.611905 7.450965
v -3.148662 0.611905 7.460707
v -3.148662 0.611905 7.460707
v -3.337128 0.611905 7.450965
v -3.349494 0.607065 7.434072
v -3.134105 0.607065 7.445207
v -3.134105 0.607065 7.445207
v -3.349494 0.607065 7.434072
v -3.361860 0.611905 7.417180
v -3.119547 0.611905 7.429706
v -3.119547 0.611905 7.429706
v -3.361860 0.611905 7.417180
v -3.370913 0.625126 7.404814
v -3.108891 0.625126 7.418359
v -3.108891 0.625126 7.418359
v -3.370913 0.625126 7.404814
v -3.374226 0.643186 7.400288
v -3.104990 0.643186 7.414206
v -3.374226 0.643186 7.400288
v -3.472568 0.643186 7.619816
v -3.466619 0.661246 7.618460
v -3.370913 0.661246 7.404814
v -3.370913 0.661246 7.404814
v -3.466619 0.661246 7.618460
v -3.450367 0.674466 7.614756
v -3.361860 0.674467 7.417180
v -3.361860 0.674467 7.417180
v -3.450367 0.674466 7.614756
v -3.428167 0.679306 7.609695
v -3.349494 0.679306 7.434072
v -3.349494 0.679306 7.434072
v -3.428167 0.679306 7.609695
v -3.405967 0.674466 7.604635
v -3.337128 0.674467 7.450965
v -3.337128 0.674467 7.450965
v -3.405967 0.674466 7.604635
v -3.353157 0.661246 7.600930
v -3.314474 0.661246 7.485524
v -3.314474 0.661246 7.485524
v -3.353157 0.661246 7.600930
v -3.347208 0.643186 7.599574
v -3.311161 0.643186 7.490050
v -3.311161 0.643186 7.490050
v -3.347208 0.643186 7.599574
v -3.389715 0.625126 7.600930
v -3.328075 0.625126 7.463331
v -3.328075 0.625126 7.463331
v -3.389715 0.625126 7.600930
v -3.405967 0.611905 7.604635
v -3.337128 0.611905 7.450965
v -3.337128 0.611905 7.450965
v -3.405967 0.611905 7.604635
v -3.428167 0.607065 7.609695
v -3.349494 0.607065 7.434072
v -3.349494 0.607065 7.434072
v -3.428167 0.607065 7.609695
v -3.450367 0.611905 7.614756
v -3.361860 0.611905 7.417180
v -3.361860 0.611905 7.417180
v -3.450367 0.611905 7.614756
v -3.466619 0.625126 7.618460
v -3.370913 0.625126 7.404814
v -3.370913 0.625126 7.404814
v -3.466619 0.625126 7.618460
v -3.472568 0.643186 7.619816
v -3.374226 0.643186 7.400288
v -3.472568 0.643186 7.619816
v -3.264109 0.643186 7.769410
v -3.263746 0.661246 7.764046
v -3.466619 0.661246 7.618460
v -3.466619 0.661246 7.618460
v -3.263746 0.661246 7.764046
v -3.262755 0.674466 7.749390
v -3.450367 0.674466 7.614756
v -3.450367 0.674466 7.614756
v -3.262755 0.674466 7.749390
v -3.261400 0.679306 7.729371
v -3.428167 0.679306 7.609695
v -3.428167 0.679306 7.609695
v -3.261400 0.679306 7.729371
v -3.260046 0.674466 7.709351
v -3.405967 0.674466 7.604635
v -3.405967 0.674466 7.604635
v -3.260046 0.674466 7.709351
v -3.259055 0.661246 7.694695
v -3.353157 0.661246 7.600930
v -3.353157 0.661246 7.600930
v -3.259055 0.661246 7.694695
v -3.258692 0.643186 7.689331
v -3.347208 0.643186 7.599574
v -3.347208 0.643186 7.599574
v -3.258692 0.643186 7.689331
v -3.259055 0.625126 7.694695
v -3.389715 0.625126 7.600930
v -3.389715 0.625126 7.600930
v -3.259055 0.625126 7.694695
v -3.260046 0.611905 7.709351
v -3.405967 0.611905 7.604635
v -3.405967 0.611905 7.604635
v -3.260046 0.611905 7.709351
v -3.261400 0.607065 7.729371
v -3.428167 0.607065 7.609695
v -3.428167 0.607065 7.609695
v -3.261400 0.607065 7.729371
v -3.262755 0.611905 7.749390
v -3.450367 0.611905 7.614756
v -3.450367 0.611905 7.614756
v -3.262755 0.611905 7.749390
v -3.263746 0.625126 7.764046
v -3.466619 0.625126 7.618460
v -3.466619 0.625126 7.618460
v -3.263746 0.625126 7.764046
v -3.264109 0.643186 7.769410
v -3.472568 0.643186 7.619816
v -3.264583 0.691472 7.776408
v -3.029467 0.691472 7.644892
v -3.035391 0.710164 7.642864
v -3.264207 0.710164 7.770856
v -3.264207 0.710164 7.770856
v -3.035391 0.710164 7.642864
v -3.051577 0.723847 7.637324
v -3.263181 0.723846 7.755688
v -3.263181 0.723846 7.755688
v -3.051577 0.723847 7.637324
v -3.073687 0.728855 7.629755
v -3.261779 0.728855 7.734968
v -3.261779 0.728855 7.734968
v -3.073687 0.728855 7.629755
v -3.095796 0.723847 7.622188
v -3.260377 0.723847 7.714249
v -3.260377 0.723847 7.714249
v -3.095796 0.723847 7.622188
v -3.163711 0.710164 7.616681
v -3.259351 0.710164 7.699081
v -3.259351 0.710164 7.699081
v -3.163711 0.710164 7.616681
v -3.169494 0.691472 7.614619
v -3.258976 0.691472 7.693529
v -3.258976 0.691472 7.693529
v -3.169494 0.691472 7.614619
v -3.111982 0.672781 7.616647
v -3.259351 0.672781 7.699081
v -3.259351 0.672781 7.699081
v -3.111982 0.672781 7.616647
v -3.095796 0.659098 7.622188
v -3.260377 0.659098 7.714249
v -3.260377 0.659098 7.714249
v -3.095796 0.659098 7.622188
v -3.073687 0.654090 7.629755
v -3.261779 0.654090 7.734968
v -3.261779 0.654090 7.734968
v -3.073687 0.654090 7.629755
v -3.051577 0.659098 7.637324
v -3.263181 0.659098 7.755688
v -3.263181 0.659098 7.755688
v -3.051577 0.659098 7.637324
v -3.035391 0.672781 7.642864
v -3.264207 0.672781 7.770856
v -3.264207 0.672781 7.770856
v -3.035391 0.672781 7.642864
v -3.029467 0.691472 7.644892
v -3.264583 0.691472 7.776408
v -3.029467 0.691472 7.644892
v -3.099902 0.691472 7.408788
v -3.103939 0.710163 7.413086
v -3.035391 0.710164 7.642864
v -3.035391 0.710164 7.642864
v -3.103939 0.710163 7.413086
v -3.114968 0.723846 7.424830
v -3.051577 0.723847 7.637324
v -3.051577 0.723847 7.637324
v -3.114968 0.723846 7.424830
v -3.130034 0.728855 7.440872
v -3.073687 0.728855 7.629755
v -3.073687 0.728855 7.629755
v -3.130034 0.728855 7.440872
v -3.145101 0.723846 7.456915
v -3.095796 0.723847 7.622188
v -3.095796 0.723847 7.622188
v -3.145101 0.723846 7.456915
v -3.189324 0.713933 7.496043
v -3.163711 0.710164 7.616681
v -3.163711 0.710164 7.616681
v -3.189324 0.713933 7.496043
v -3.193361 0.695241 7.500342
v -3.169494 0.691472 7.614619
v -3.169494 0.691472 7.614619
v -3.193361 0.695241 7.500342
v -3.156130 0.672781 7.468658
v -3.111982 0.672781 7.616647
v -3.111982 0.672781 7.616647
v -3.156130 0.672781 7.468658
v -3.145101 0.659098 7.456915
v -3.095796 0.659098 7.622188
v -3.095796 0.659098 7.622188
v -3.145101 0.659098 7.456915
v -3.130034 0.654090 7.440872
v -3.073687 0.654090 7.629755
v -3.073687 0.654090 7.629755
v -3.130034 0.654090 7.440872
v -3.114968 0.659098 7.424830
v -3.051577 0.659098 7.637324
v -3.051577 0.659098 7.637324
v -3.114968 0.659098 7.424830
v -3.103939 0.672781 7.413086
v -3.035391 0.672781 7.642864
v -3.035391 0.672781 7.642864
v -3.103939 0.672781 7.413086
v -3.099902 0.691472 7.408788
v -3.029467 0.691472 7.644892
v -3.099902 0.691472 7.408788
v -3.378548 0.691472 7.394383
v -3.375119 0.710163 7.399068
v -3.103939 0.710163 7.413086
v -3.103939 0.710163 7.413086
v -3.375119 0.710163 7.399068
v -3.365750 0.723846 7.411866
v -3.114968 0.723846 7.424830
v -3.114968 0.723846 7.424830
v -3.365750 0.723846 7.411866
v -3.352952 0.728855 7.429349
v -3.130034 0.728855 7.440872
v -3.130034 0.728855 7.440872
v -3.352952 0.728855 7.429349
v -3.340153 0.723846 7.446832
v -3.145101 0.723846 7.456915
v -3.317183 0.710163 7.481823
v -3.189324 0.713933 7.496043
v -3.189324 0.713933 7.496043
v -3.317183 0.710163 7.481823
v -3.313754 0.691472 7.486508
v -3.193361 0.695241 7.500342
v -3.193361 0.695241 7.500342
v -3.313754 0.691472 7.486508
v -3.330784 0.672781 7.459630
v -3.156130 0.672781 7.468658
v -3.156130 0.672781 7.468658
v -3.330784 0.672781 7.459630
v -3.340153 0.659098 7.446832
v -3.145101 0.659098 7.456915
v -3.145101 0.659098 7.456915
v -3.340153 0.659098 7.446832
v -3.352952 0.654090 7.429349
v -3.130034 0.654090 7.440872
v -3.130034 0.654090 7.440872
v -3.352952 0.654090 7.429349
v -3.365750 0.659098 7.411866
v -3.114968 0.659098 7.424830
v -3.114968 0.659098 7.424830
v -3.365750 0.659098 7.411866
v -3.375119 0.672781 7.399068
v -3.103939 0.672781 7.413086
v -3.103939 0.672781 7.413086
v -3.375119 0.672781 7.399068
v -3.378548 0.691472 7.394383
v -3.099902 0.691472 7.408788
v -3.378548 0.691472 7.394383
v -3.480327 0.691472 7.621585
v -3.474170 0.710164 7.620182
v -3.375119 0.710163 7.399068
v -3.375119 0.710163 7.399068
v -3.474170 0.710164 7.620182
v -3.457351 0.723847 7.616348
v -3.365750 0.723846 7.411866
v -3.365750 0.723846 7.411866
v -3.457351 0.723847 7.616348
v -3.434375 0.728855 7.611110
v -3.352952 0.728855 7.429349
v -3.352952 0.728855 7.429349
v -3.434375 0.728855 7.611110
v -3.411398 0.723847 7.605873
v -3.340153 0.723846 7.446832
v -3.340153 0.723846 7.446832
v -3.411398 0.723847 7.605873
v -3.358020 0.710164 7.602039
v -3.317183 0.710163 7.481823
v -3.317183 0.710163 7.481823
v -3.358020 0.710164 7.602039
v -3.351864 0.691472 7.600636
v -3.313754 0.691472 7.486508
v -3.313754 0.691472 7.486508
v -3.351864 0.691472 7.600636
v -3.394579 0.672781 7.602039
v -3.330784 0.672781 7.459630
v -3.330784 0.672781 7.459630
v -3.394579 0.672781 7.602039
v -3.411398 0.659098 7.605873
v -3.340153 0.659098 7.446832
v -3.340153 0.659098 7.446832
v -3.411398 0.659098 7.605873
v -3.434375 0.654090 7.611110
v -3.352952 0.654090 7.429349
v -3.352952 0.654090 7.429349
v -3.434375 0.654090 7.611110
v -3.457351 0.659098 7.616348
v -3.365750 0.659098 7.411866
v -3.365750 0.659098 7.411866
v -3.457351 0.659098 7.616348
v -3.474170 0.672781 7.620182
v -3.375119 0.672781 7.399068
v -3.375119 0.672781 7.399068
v -3.474170 0.672781 7.620182
v -3.480327 0.691472 7.621585
v -3.378548 0.691472 7.394383
v -3.480327 0.691472 7.621585
v -3.264583 0.691472 7.776408
v -3.264207 0.710164 7.770856
v -3.474170 0.710164 7.620182
v -3.474170 0.710164 7.620182
v -3.264207 0.710164 7.770856
v -3.263181 0.723846 7.755688
v -3.457351 0.723847 7.616348
v -3.457351 0.723847 7.616348
v -3.263181 0.723846 7.755688
v -3.261779 0.728855 7.734968
v -3.434375 0.728855 7.611110
v -3.434375 0.728855 7.611110
v -3.261779 0.728855 7.734968
v -3.260377 0.723847 7.714249
v -3.411398 0.723847 7.605873
v -3.411398 0.723847 7.605873
v -3.260377 0.723847 7.714249
v -3.259351 0.710164 7.699081
v -3.358020 0.710164 7.602039
v -3.358020 0.710164 7.602039
v -3.259351 0.710164 7.699081
v -3.258976 0.691472 7.693529
v -3.351864 0.691472 7.600636
v -3.351864 0.691472 7.600636
v -3.258976 0.691472 7.693529
v -3.259351 0.672781 7.699081
v -3.394579 0.672781 7.602039
v -3.394579 0.672781 7.602039
v -3.259351 0.672781 7.699081
v -3.260377 0.659098 7.714249
v -3.411398 0.659098 7.605873
v -3.411398 0.659098 7.605873
v -3.260377 0.659098 7.714249
v -3.261779 0.654090 7.734968
v -3.434375 0.654090 7.611110
v -3.434375 0.654090 7.611110
v -3.261779 0.654090 7.734968
v -3.263181 0.659098 7.755688
v -3.457351 0.659098 7.616348
v -3.457351 0.659098 7.616348
v -3.263181 0.659098 7.755688
v -3.264207 0.672781 7.770856
v -3.474170 0.672781 7.620182
v -3.474170 0.672781 7.620182
v -3.264207 0.672781 7.770856
v -3.264583 0.691472 7.776408
v -3.480327 0.691472 7.621585
vn 0.4737 0.2420 0.8468
vn 0.3573 0.6813 0.6388
vn 0.1350 0.9610 0.2414
vn -0.1350 0.9610 -0.2414
vn -0.2474 0.8969 -0.3665
vn -0.2473 0.8970 -0.3665
vn -0.2473 0.8969 -0.3665
vn -0.2474 0.8969 -0.3666
vn -0.6441 0.2444 -0.7248
vn -0.6443 0.2445 -0.7246
vn -0.3882 -0.7277 -0.5654
vn -0.3883 -0.7278 -0.5653
vn -0.3573 -0.6813 -0.6388
vn -0.1350 -0.9610 -0.2414
vn 0.1350 -0.9610 0.2414
vn 0.3573 -0.6813 0.6388
vn 0.4737 -0.2420 0.8468
vn 0.9245 0.2631 -0.2758
vn 0.6716 0.7133 -0.2004
vn 0.2440 0.9670 -0.0728
vn -0.2440 0.9670 0.0728
vn -0.3184 0.9471 0.0407
vn -0.5820 0.8121 0.0429
vn -0.5819 0.8121 0.0429
vn -0.5819 0.8121 0.0430
vn -0.3660 -0.9271 0.0803
vn -0.3660 -0.9272 0.0803
vn -0.6716 -0.7133 0.2004
vn -0.2440 -0.9670 0.0728
vn 0.2440 -0.9670 -0.0728
vn 0.6716 -0.7133 -0.2004
vn 0.9245 -0.2631 -0.2758
vn 0.0502 0.2341 -0.9709
vn 0.0384 0.6684 -0.7428
vn 0.0147 0.9583 -0.2853
vn -0.0147 0.9583 0.2853
vn 0.0054 0.8671 0.4981
vn 0.0054 0.8671 0.4980
vn -0.0107 0.7493 0.6621
vn -0.0107 0.7493 0.6622
vn -0.0106 0.7493 0.6622
vn -0.0106 0.7493 0.6621
vn -0.0327 -0.8299 0.5569
vn -0.0384 -0.6684 0.7428
vn -0.0147 -0.9583 0.2853
vn 0.0147 -0.9583 -0.2853
vn 0.0384 -0.6684 -0.7428
vn 0.0502 -0.2341 -0.9709
vn -0.8811 0.2606 -0.3947
vn -0.6430 0.7097 -0.2880
vn -0.2346 0.9664 -0.1051
vn 0.2346 0.9664 0.1051
vn 0.2865 0.9512 0.1145
vn 0.9159 0.2616 0.3043
vn 0.9160 0.2616 0.3042
vn 0.9160 0.2616 0.3043
vn 0.4540 -0.8728 0.1795
vn 0.4539 -0.8728 0.1794
vn 0.4539 -0.8728 0.1795
vn 0.6430 -0.7097 0.2880
vn 0.2346 -0.9664 0.1051
vn -0.2346 -0.9664 -0.1051
vn -0.6430 -0.7097 -0.2880
vn -0.8811 -0.2606 -0.3947
vn -0.5652 0.2453 0.7876
vn -0.4239 0.6866 0.5907
vn -0.1591 0.9620 0.2218
vn 0.1591 0.9620 -0.2218
vn 0.3053 0.8777 -0.3692
vn 0.3054 0.8777 -0.3693
vn 0.6869 0.2472 -0.6835
vn 0.6868 0.2472 -0.6835
vn 0.4761 -0.6709 -0.5686
vn 0.4761 -0.6708 -0.5686
vn 0.4760 -0.6709 -0.5686
vn 0.4239 -0.6866 -0.5907
vn 0.1591 -0.9620 -0.2218
vn -0.1591 -0.9620 0.2218
vn -0.4239 -0.6866 0.5907
vn -0.5652 -0.2453 0.7876
vn -0.2502 0.8934 -0.3732
vn -0.2502 0.8934 -0.3731
vn -0.6376 0.2412 -0.7317
vn -0.6375 0.2412 -0.7317
vn -0.3926 -0.7168 -0.5763
vn -0.3925 -0.7168 -0.5762
vn -0.3926 -0.7168 -0.5762
vn -0.1877 0.9803 0.0621
vn -0.1876 0.9803 0.0621
vn -0.9431 0.2601 0.2070
vn -0.3747 -0.9233 0.0839
vn -0.3748 -0.9233 0.0839
vn 0.0384 0.6685 -0.7428
vn -0.0247 0.9566 0.2902
vn -0.0240 0.9568 0.2897
vn -0.0333 0.9551 0.2945
vn -0.1162 0.2338 0.9653
vn -0.1162 0.2339 0.9653
vn -0.0334 -0.8231 0.5669
vn -0.0384 -0.6685 0.7428
vn 0.0384 -0.6685 -0.7428
vn 0.2923 0.9491 0.1173
vn 0.9147 0.2616 0.3081
vn 0.9147 0.2616 0.3080
vn 0.4637 -0.8666 0.1842
vn 0.3086 0.8741 -0.3752
vn 0.3087 0.8741 -0.3752
vn 0.3087 0.8740 -0.3752
vn 0.3086 0.8741 -0.3751
vn 0.6822 0.2472 -0.6881
vn 0.4802 -0.6609 -0.5767
vn 0.4802 -0.6608 -0.5768
vn 0.4802 -0.6609 -0.5768
vt 0.600000 0.500000
vt 0.800000 0.500000
vt 0.800000 0.416667
vt 0.600000 0.416667
vt 0.800000 0.333333
vt 0.600000 0.333333
vt 0.800000 0.250000
vt 0.600000 0.250000
vt 0.800000 0.166667
vt 0.600000 0.166667
vt 0.800000 0.083333
vt 0.600000 0.083333
vt 0.800000 0.000000
vt 0.600000 0.000000
vt 0.600000 1.000000
vt 0.800000 1.000000
vt 0.800000 0.916667
vt 0.600000 0.916667
vt 0.800000 0.833333
vt 0.600000 0.833333
vt 0.800000 0.750000
vt 0.600000 0.750000
vt 0.800000 0.666667
vt 0.600000 0.666667
vt 0.800000 0.583333
vt 0.600000 0.583333
vt 1.000000 0.500000
vt 1.000000 0.416667
vt 1.000000 0.333333
vt 1.000000 0.250000
vt 1.000000 0.166667
vt 1.000000 0.083333
vt 1.000000 0.000000
vt 1.000000 1.000000
vt 1.000000 0.916667
vt 1.000000 0.833333
vt 1.000000 0.750000
vt 1.000000 0.666667
vt 1.000000 0.583333
vt 0.000000 0.500000
vt 0.200000 0.500000
vt 0.200000 0.416667
vt 0.000000 0.416667
vt 0.200000 0.333333
vt 0.000000 0.333333
vt 0.200000 0.250000
vt 0.000000 0.250000
vt 0.200000 0.166667
vt 0.000000 0.166667
vt 0.200000 0.083333
vt 0.000000 0.083333
vt 0.200000 0.000000
vt 0.000000 0.000000
vt 0.000000 1.000000
vt 0.200000 1.000000
vt 0.200000 0.916667
vt 0.000000 0.916667
vt 0.200000 0.833333
vt 0.000000 0.833333
vt 0.200000 0.750000
vt 0.000000 0.750000
vt 0.200000 0.666667
vt 0.000000 0.666667
vt 0.200000 0.583333
vt 0.000000 0.583333
vt 0.400000 0.500000
vt 0.400000 0.416667
vt 0.400000 0.333333
vt 0.400000 0.250000
vt 0.400000 0.166667
vt 0.400000 0.083333
vt 0.400000 0.000000
vt 0.400000 1.000000
vt 0.400000 0.916667
vt 0.400000 0.833333
vt 0.400000 0.750000
vt 0.400000 0.666667
vt 0.400000 0.583333
s 0
usemtl white
f 8399/2301/1846 8400/2302/1846 8401/2303/1846
f 8399/2301/1846 8401/2303/1846 8402/2304/1846
f 8403/2304/1847 8404/2303/1847 8405/2305/1847
f 8403/2304/1847 8405/2305/1847 8406/2306/1847
f 8407/2306/1848 8408/2305/1848 8409/2307/1848
f 8407/2306/1848 8409/2307/1848 8410/2308/1848
f 8411/2308/1849 8412/2307/1849 8413/2309/1849
f 8411/2308/1849 8413/2309/1849 8414/2310/1849
s 1
f 8415/2310/1850 8416/2309/1851 8417/2311/1852
f 8415/2310/1850 8417/2311/1852 8418/2312/1853
f 8419/2312/1854 8420/2311/1855 8421/2313/1854
f 8419/2312/1854 8421/2313/1854 8422/2314/1854
f 8423/2315/1856 8424/2316/1857 8425/2317/1857
f 8423/2315/1856 8425/2317/1857 8426/2318/1857
s 0
f 8427/2318/1858 8428/2317/1858 8429/2319/1858
f 8427/2318/1858 8429/2319/1858 8430/2320/1858
f 8431/2320/1859 8432/2319/1859 8433/2321/1859
f 8431/2320/1859 8433/2321/1859 8434/2322/1859
f 8435/2322/1860 8436/2321/1860 8437/2323/1860
f 8435/2322/1860 8437/2323/1860 8438/2324/1860
f 8439/2324/1861 8440/2323/1861 8441/2325/1861
f 8439/2324/1861 8441/2325/1861 8442/2326/1861
f 8443/2326/1862 8444/2325/1862 8445/2302/1862
f 8443/2326/1862 8445/2302/1862 8446/2301/1862
f 8447/2302/1863 8448/2327/1863 8449/2328/1863
f 8447/2302/1863 8449/2328/1863 8450/2303/1863
s 1
f 8451/2303/1864 8452/2328/1864 8453/2329/1864
s 0
f 8451/2303/1864 8453/2329/1864 8454/2305/1864
f 8455/2305/1865 8456/2329/1865 8457/2330/1865
f 8455/2305/1865 8457/2330/1865 8458/2307/1865
f 8459/2307/1866 8460/2330/1866 8461/2331/1866
f 8459/2307/1866 8461/2331/1866 8462/2309/1866
s 1
f 8463/2309/1867 8464/2331/1867 8465/2332/1867
f 8463/2309/1867 8465/2332/1867 8466/2311/1867
f 8467/2311/1868 8468/2332/1869 8469/2333/1869
f 8467/2311/1868 8469/2333/1869 8470/2313/1870
f 8471/2316/1871 8472/2334/1871 8473/2335/1871
f 8471/2316/1871 8473/2335/1871 8474/2317/1872
f 8475/2317/1873 8476/2335/1873 8477/2336/1873
s 0
f 8475/2317/1873 8477/2336/1873 8478/2319/1873
f 8479/2319/1874 8480/2336/1874 8481/2337/1874
f 8479/2319/1874 8481/2337/1874 8482/2321/1874
f 8483/2321/1875 8484/2337/1875 8485/2338/1875
f 8483/2321/1875 8485/2338/1875 8486/2323/1875
f 8487/2323/1876 8488/2338/1876 8489/2339/1876
f 8487/2323/1876 8489/2339/1876 8490/2325/1876
f 8491/2325/1877 8492/2339/1877 8493/2327/1877
f 8491/2325/1877 8493/2327/1877 8494/2302/1877
f 8495/2340/1878 8496/2341/1878 8497/2342/1878
f 8495/2340/1878 8497/2342/1878 8498/2343/1878
s 1
f 8499/2343/1879 8500/2342/1879 8501/2344/1879
s 0
f 8499/2343/1879 8501/2344/1879 8502/2345/1879
f 8503/2345/1880 8504/2344/1880 8505/2346/1880
f 8503/2345/1880 8505/2346/1880 8506/2347/1880
f 8507/2347/1881 8508/2346/1881 8509/2348/1881
f 8507/2347/1881 8509/2348/1881 8510/2349/1881
s 1
f 8511/2349/1882 8512/2348/1883 8513/2350/1883
f 8511/2349/1882 8513/2350/1883 8514/2351/1882
f 8515/2351/1884 8516/2350/1885 8517/2352/1886
f 8515/2351/1884 8517/2352/1886 8518/2353/1887
f 8519/2354/1888 8520/2355/1888 8521/2356/1888
f 8519/2354/1888 8521/2356/1888 8522/2357/1888
s 0
f 8523/2357/1889 8524/2356/1889 8525/2358/1889
f 8523/2357/1889 8525/2358/1889 8526/2359/1889
f 8527/2359/1890 8528/2358/1890 8529/2360/1890
f 8527/2359/1890 8529/2360/1890 8530/2361/1890
f 8531/2361/1891 8532/2360/1891 8533/2362/1891
f 8531/2361/1891 8533/2362/1891 8534/2363/1891
f 8535/2363/1892 8536/2362/1892 8537/2364/1892
f 8535/2363/1892 8537/2364/1892 8538/2365/1892
s 1
f 8539/2365/1893 8540/2364/1893 8541/2341/1893
s 0
f 8539/2365/1893 8541/2341/1893 8542/2340/1893
f 8543/2341/1894 8544/2366/1894 8545/2367/1894
f 8543/2341/1894 8545/2367/1894 8546/2342/1894
f 8547/2342/1895 8548/2367/1895 8549/2368/1895
f 8547/2342/1895 8549/2368/1895 8550/2344/1895
f 8551/2344/1896 8552/2368/1896 8553/2369/1896
f 8551/2344/1896 8553/2369/1896 8554/2346/1896
f 8555/2346/1897 8556/2369/1897 8557/2370/1897
f 8555/2346/1897 8557/2370/1897 8558/2348/1897
s 1
f 8559/2348/1898 8560/2370/1898 8561/2371/1898
f 8559/2348/1898 8561/2371/1898 8562/2350/1898
f 8563/2350/1899 8564/2371/1900 8565/2372/1899
f 8563/2350/1899 8565/2372/1899 8566/2352/1901
f 8567/2355/1902 8568/2373/1903 8569/2374/1903
f 8567/2355/1902 8569/2374/1903 8570/2356/1904
s 0
f 8571/2356/1905 8572/2374/1905 8573/2375/1905
f 8571/2356/1905 8573/2375/1905 8574/2358/1905
f 8575/2358/1906 8576/2375/1906 8577/2376/1906
f 8575/2358/1906 8577/2376/1906 8578/2360/1906
f 8579/2360/1907 8580/2376/1907 8581/2377/1907
f 8579/2360/1907 8581/2377/1907 8582/2362/1907
f 8583/2362/1908 8584/2377/1908 8585/2378/1908
f 8583/2362/1908 8585/2378/1908 8586/2364/1908
f 8587/2364/1909 8588/2378/1909 8589/2366/1909
f 8587/2364/1909 8589/2366/1909 8590/2341/1909
f 8591/2366/1910 8592/2301/1910 8593/2304/1910
f 8591/2366/1910 8593/2304/1910 8594/2367/1910
f 8595/2367/1911 8596/2304/1911 8597/2306/1911
f 8595/2367/1911 8597/2306/1911 8598/2368/1911
f 8599/2368/1912 8600/2306/1912 8601/2308/1912
f 8599/2368/1912 8601/2308/1912 8602/2369/1912
f 8603/2369/1913 8604/2308/1913 8605/2310/1913
f 8603/2369/1913 8605/2310/1913 8606/2370/1913
s 1
f 8607/2370/1914 8608/2310/1915 8609/2312/1915
f 8607/2370/1914 8609/2312/1915 8610/2371/1914
f 8611/2371/1916 8612/2312/1916 8613/2314/1917
f 8611/2371/1916 8613/2314/1917 8614/2372/1916
f 8615/2373/1918 8616/2315/1919 8617/2318/1919
f 8615/2373/1918 8617/2318/1919 8618/2374/1920
s 0
f 8619/2374/1921 8620/2318/1921 8621/2320/1921
f 8619/2374/1921 8621/2320/1921 8622/2375/1921
f 8623/2375/1922 8624/2320/1922 8625/2322/1922
f 8623/2375/1922 8625/2322/1922 8626/2376/1922
f 8627/2376/1923 8628/2322/1923 8629/2324/1923
f 8627/2376/1923 8629/2324/1923 8630/2377/1923
f 8631/2377/1924 8632/2324/1924 8633/2326/1924
f 8631/2377/1924 8633/2326/1924 8634/2378/1924
f 8635/2378/1925 8636/2326/1925 8637/2301/1925
f 8635/2378/1925 8637/2301/1925 8638/2366/1925
f 8639/2301/1846 8640/2302/1846 8641/2303/1846
f 8639/2301/1846 8641/2303/1846 8642/2304/1846
f 8643/2304/1847 8644/2303/1847 8645/2305/1847
f 8643/2304/1847 8645/2305/1847 8646/2306/1847
f 8647/2306/1848 8648/2305/1848 8649/2307/1848
f 8647/2306/1848 8649/2307/1848 8650/2308/1848
f 8651/2308/1849 8652/2307/1849 8653/2309/1849
f 8651/2308/1849 8653/2309/1849 8654/2310/1849
s 1
f 8655/2310/1926 8656/2309/1927 8657/2311/1926
f 8655/2310/1926 8657/2311/1926 8658/2312/1926
f 8659/2312/1928 8660/2311/1929 8661/2313/1928
f 8659/2312/1928 8661/2313/1928 8662/2314/1928
f 8663/2315/1930 8664/2316/1931 8665/2317/1932
f 8663/2315/1930 8665/2317/1932 8666/2318/1932
s 0
f 8667/2318/1858 8668/2317/1858 8669/2319/1858
f 8667/2318/1858 8669/2319/1858 8670/2320/1858
f 8671/2320/1859 8672/2319/1859 8673/2321/1859
f 8671/2320/1859 8673/2321/1859 8674/2322/1859
f 8675/2322/1860 8676/2321/1860 8677/2323/1860
f 8675/2322/1860 8677/2323/1860 8678/2324/1860
f 8679/2324/1861 8680/2323/1861 8681/2325/1861
f 8679/2324/1861 8681/2325/1861 8682/2326/1861
f 8683/2326/1862 8684/2325/1862 8685/2302/1862
f 8683/2326/1862 8685/2302/1862 8686/2301/1862
f 8687/2302/1863 8688/2327/1863 8689/2328/1863
f 8687/2302/1863 8689/2328/1863 8690/2303/1863
f 8691/2303/1864 8692/2328/1864 8693/2329/1864
f 8691/2303/1864 8693/2329/1864 8694/2305/1864
f 8695/2305/1865 8696/2329/1865 8697/2330/1865
f 8695/2305/1865 8697/2330/1865 8698/2307/1865
f 8699/2307/1866 8700/2330/1866 8701/2331/1866
f 8699/2307/1866 8701/2331/1866 8702/2309/1866
s 1
f 8703/2309/1933 8704/2331/1933 8705/2332/1934
f 8703/2309/1933 8705/2332/1934 8706/2311/1933
f 8707/2311/1935 8708/2332/1935 8709/2333/1935
f 8707/2311/1935 8709/2333/1935 8710/2313/1935
f 8711/2316/1936 8712/2334/1937 8713/2335/1937
f 8711/2316/1936 8713/2335/1937 8714/2317/1936
s 0
f 8715/2317/1873 8716/2335/1873 8717/2336/1873
f 8715/2317/1873 8717/2336/1873 8718/2319/1873
f 8719/2319/1874 8720/2336/1874 8721/2337/1874
f 8719/2319/1874 8721/2337/1874 8722/2321/1874
f 8723/2321/1875 8724/2337/1875 8725/2338/1875
f 8723/2321/1875 8725/2338/1875 8726/2323/1875
f 8727/2323/1876 8728/2338/1876 8729/2339/1876
f 8727/2323/1876 8729/2339/1876 8730/2325/1876
f 8731/2325/1877 8732/2339/1877 8733/2327/1877
f 8731/2325/1877 8733/2327/1877 8734/2302/1877
f 8735/2340/1878 8736/2341/1878 8737/2342/1878
f 8735/2340/1878 8737/2342/1878 8738/2343/1878
f 8739/2343/1938 8740/2342/1938 8741/2344/1938
f 8739/2343/1879 8741/2344/1879 8742/2345/1879
f 8743/2345/1880 8744/2344/1880 8745/2346/1880
f 8743/2345/1880 8745/2346/1880 8746/2347/1880
s 1
f 8747/2347/1881 8748/2346/1881 8749/2348/1939
f 8747/2347/1881 8749/2348/1939 8750/2349/1940
f 8750/2349/1940 8749/2348/1939 8751/2350/1941
f 8750/2349/1940 8751/2350/1941 8752/2351/1941
f 8753/2351/1942 8754/2350/1942 8755/2352/1943
f 8753/2351/1942 8755/2352/1943 8756/2353/1942
f 8757/2354/1944 8758/2355/1944 8759/2356/1944
f 8757/2354/1944 8759/2356/1944 8760/2357/1944
s 0
f 8761/2357/1945 8762/2356/1945 8763/2358/1945
f 8761/2357/1945 8763/2358/1945 8764/2359/1945
f 8765/2359/1890 8766/2358/1890 8767/2360/1890
f 8765/2359/1890 8767/2360/1890 8768/2361/1890
f 8769/2361/1891 8770/2360/1891 8771/2362/1891
f 8769/2361/1891 8771/2362/1891 8772/2363/1891
f 8773/2363/1946 8774/2362/1946 8775/2364/1946
f 8773/2363/1892 8775/2364/1892 8776/2365/1892
f 8777/2365/1893 8778/2364/1893 8779/2341/1893
f 8777/2365/1893 8779/2341/1893 8780/2340/1893
f 8781/2341/1894 8782/2366/1894 8783/2367/1894
f 8781/2341/1894 8783/2367/1894 8784/2342/1894
f 8785/2342/1895 8786/2367/1895 8787/2368/1895
f 8785/2342/1895 8787/2368/1895 8788/2344/1895
f 8789/2344/1896 8790/2368/1896 8791/2369/1896
f 8789/2344/1896 8791/2369/1896 8792/2346/1896
f 8793/2346/1897 8794/2369/1897 8795/2370/1897
f 8793/2346/1897 8795/2370/1897 8796/2348/1897
s 1
f 8797/2348/1947 8798/2370/1947 8799/2371/1947
f 8797/2348/1947 8799/2371/1947 8800/2350/1947
f 8801/2350/1948 8802/2371/1949 8803/2372/1948
f 8801/2350/1948 8803/2372/1948 8804/2352/1948
f 8805/2355/1950 8806/2373/1950 8807/2374/1950
f 8805/2355/1950 8807/2374/1950 8808/2356/1950
s 0
f 8809/2356/1905 8810/2374/1905 8811/2375/1905
f 8809/2356/1905 8811/2375/1905 8812/2358/1905
s 1
f 8813/2358/1906 8814/2375/1906 8815/2376/1906
s 0
f 8813/2358/1906 8815/2376/1906 8816/2360/1906
f 8817/2360/1907 8818/2376/1907 8819/2377/1907
f 8817/2360/1907 8819/2377/1907 8820/2362/1907
f 8821/2362/1908 8822/2377/1908 8823/2378/1908
f 8821/2362/1908 8823/2378/1908 8824/2364/1908
f 8825/2364/1909 8826/2378/1909 8827/2366/1909
f 8825/2364/1909 8827/2366/1909 8828/2341/1909
f 8829/2366/1910 8830/2301/1910 8831/2304/1910
f 8829/2366/1910 8831/2304/1910 8832/2367/1910
f 8833/2367/1911 8834/2304/1911 8835/2306/1911
f 8833/2367/1911 8835/2306/1911 8836/2368/1911
f 8837/2368/1912 8838/2306/1912 8839/2308/1912
f 8837/2368/1912 8839/2308/1912 8840/2369/1912
f 8841/2369/1913 8842/2308/1913 8843/2310/1913
f 8841/2369/1913 8843/2310/1913 8844/2370/1913
s 1
f 8845/2370/1951 8846/2310/1952 8847/2312/1953
f 8845/2370/1951 8847/2312/1953 8848/2371/1954
f 8849/2371/1955 8850/2312/1955 8851/2314/1955
f 8849/2371/1955 8851/2314/1955 8852/2372/1955
f 8853/2373/1956 8854/2315/1956 8855/2318/1957
f 8853/2373/1956 8855/2318/1957 8856/2374/1958
s 0
f 8857/2374/1921 8858/2318/1921 8859/2320/1921
s 1
f 8857/2374/1921 8859/2320/1921 8860/2375/1921
s 0
f 8861/2375/1922 8862/2320/1922 8863/2322/1922
f 8861/2375/1922 8863/2322/1922 8864/2376/1922
f 8865/2376/1923 8866/2322/1923 8867/2324/1923
f 8865/2376/1923 8867/2324/1923 8868/2377/1923
f 8869/2377/1924 8870/2324/1924 8871/2326/1924
f 8869/2377/1924 8871/2326/1924 8872/2378/1924
f 8873/2378/1925 8874/2326/1925 8875/2301/1925
f 8873/2378/1925 8875/2301/1925 8876/2366/1925
o string.001_white_0
v -2.330282 0.647774 4.921413
v -2.330282 0.685129 4.921413
v -2.281472 0.685129 4.924300
v -2.281472 0.647774 4.924300
v -2.439896 0.647773 7.309124
v -2.439896 0.685129 7.309124
v -2.424922 0.685129 7.699925
v -2.424922 0.647773 7.699925
v -2.424922 0.647773 7.699925
v -2.424922 0.685129 7.699925
v -2.473732 0.685129 7.697039
v -2.473732 0.647773 7.697039
v -2.407163 0.647774 5.612894
v -2.407163 0.685129 5.612894
v -2.330282 0.685129 4.921413
v -2.330282 0.647774 4.921413
v -2.439896 0.647773 7.309124
v -2.424922 0.647773 7.699925
v -2.473732 0.647773 7.697039
v -2.488707 0.647773 7.306237
v -2.358353 0.685129 5.615781
v -2.281472 0.685129 4.924300
v -2.330282 0.685129 4.921413
v -2.407163 0.685129 5.612894
v -2.429481 0.685129 6.985871
v -2.344528 0.685129 6.667026
v -2.393339 0.685129 6.664140
v -2.478291 0.685129 6.982985
v -2.351948 0.685129 6.115107
v -2.400758 0.685129 6.112220
v -2.281472 0.647774 4.924300
v -2.358353 0.647774 5.615781
v -2.407163 0.647774 5.612894
v -2.330282 0.647774 4.921413
v -2.351948 0.647774 6.115107
v -2.400758 0.647774 6.112220
v -2.344528 0.647773 6.667026
v -2.393339 0.647773 6.664140
v -2.478291 0.647773 6.982985
v -2.478291 0.685129 6.982985
v -2.393339 0.685129 6.664140
v -2.393339 0.647773 6.664140
v -2.400758 0.685129 6.112220
v -2.400758 0.647774 6.112220
v -2.281472 0.647774 4.924300
v -2.281472 0.685129 4.924300
v -2.358353 0.685129 5.615781
v -2.358353 0.647774 5.615781
v -2.351948 0.685129 6.115107
v -2.351948 0.647774 6.115107
v -2.344528 0.685129 6.667026
v -2.344528 0.647773 6.667026
v -2.473732 0.647773 7.697039
v -2.473732 0.685129 7.697039
v -2.488707 0.685129 7.306237
v -2.488707 0.647773 7.306237
v -2.424922 0.685129 7.699925
v -2.439896 0.685129 7.309124
v -2.488707 0.685129 7.306237
v -2.473732 0.685129 7.697039
v -2.429481 0.647773 6.985871
v -2.478291 0.647773 6.982985
v -2.429481 0.647773 6.985871
v -2.429481 0.685129 6.985871
vn 0.0590 -0.0000 -0.9983
vn 1.0000 -0.0000 -0.0030
vn 0.9993 -0.0000 -0.0383
vn -0.0590 -0.0000 0.9983
vn -0.9988 -0.0000 -0.0489
vn -0.9939 -0.0000 -0.1105
vn -0.0000 -1.0000 -0.0000
vn -0.0000 1.0000 -0.0000
vn -0.9893 -0.0000 -0.1458
vn -0.9924 -0.0000 -0.1232
vn -0.9999 -0.0000 0.0131
vn 0.9939 -0.0000 0.1105
vn 0.9988 -0.0000 0.0489
vn 0.9999 -0.0000 -0.0131
vn 0.9924 -0.0000 0.1232
vn -0.9993 -0.0000 0.0383
vn -1.0000 -0.0000 0.0030
vn 0.9893 -0.0000 0.1458
vt 0.375000 1.000000
vt 0.625000 1.000000
vt 0.625000 0.750000
vt 0.375000 0.750000
vt 0.375000 0.531250
vt 0.625000 0.531250
vt 0.625000 0.500000
vt 0.375000 0.500000
vt 0.625000 0.250000
vt 0.375000 0.250000
vt 0.375000 0.062500
vt 0.625000 0.062500
vt 0.625000 0.000000
vt 0.375000 0.000000
vt 0.343750 0.500000
vt 0.343750 0.250000
vt 0.812500 0.500000
vt 0.875000 0.500000
vt 0.875000 0.250000
vt 0.812500 0.250000
vt 0.671875 0.500000
vt 0.687500 0.500000
vt 0.687500 0.250000
vt 0.671875 0.250000
vt 0.750000 0.500000
vt 0.750000 0.250000
vt 0.125000 0.500000
vt 0.187500 0.500000
vt 0.187500 0.250000
vt 0.125000 0.250000
vt 0.250000 0.500000
vt 0.250000 0.250000
vt 0.312500 0.500000
vt 0.312500 0.250000
vt 0.375000 0.203125
vt 0.625000 0.203125
vt 0.625000 0.187500
vt 0.375000 0.187500
vt 0.625000 0.125000
vt 0.375000 0.125000
vt 0.625000 0.687500
vt 0.375000 0.687500
vt 0.625000 0.625000
vt 0.375000 0.625000
vt 0.625000 0.562500
vt 0.375000 0.562500
vt 0.625000 0.218750
vt 0.375000 0.218750
vt 0.656250 0.500000
vt 0.656250 0.250000
vt 0.328125 0.500000
vt 0.328125 0.250000
vt 0.375000 0.546875
vt 0.625000 0.546875
s 0
usemtl white
f 8877/2379/1959 8878/2380/1959 8879/2381/1959
f 8877/2379/1959 8879/2381/1959 8880/2382/1959
s 1
f 8881/2383/1960 8882/2384/1960 8883/2385/1961
f 8881/2383/1960 8883/2385/1961 8884/2386/1961
s 0
f 8885/2386/1962 8886/2385/1962 8887/2387/1962
f 8885/2386/1962 8887/2387/1962 8888/2388/1962
s 1
f 8889/2389/1963 8890/2390/1963 8891/2391/1964
f 8889/2389/1963 8891/2391/1964 8892/2392/1964
s 0
f 8893/2393/1965 8894/2386/1965 8895/2388/1965
f 8893/2393/1965 8895/2388/1965 8896/2394/1965
f 8897/2395/1966 8898/2396/1966 8899/2397/1966
f 8897/2395/1966 8899/2397/1966 8900/2398/1966
f 8901/2399/1966 8902/2400/1966 8903/2401/1966
f 8901/2399/1966 8903/2401/1966 8904/2402/1966
f 8902/2400/1966 8905/2403/1966 8906/2404/1966
f 8902/2400/1966 8906/2404/1966 8903/2401/1966
f 8905/2403/1966 8897/2395/1966 8900/2398/1966
f 8905/2403/1966 8900/2398/1966 8906/2404/1966
f 8907/2405/1965 8908/2406/1965 8909/2407/1965
f 8907/2405/1965 8909/2407/1965 8910/2408/1965
f 8908/2406/1965 8911/2409/1965 8912/2410/1965
f 8908/2406/1965 8912/2410/1965 8909/2407/1965
f 8911/2409/1965 8913/2411/1965 8914/2412/1965
f 8911/2409/1965 8914/2412/1965 8912/2410/1965
s 1
f 8915/2413/1967 8916/2414/1967 8917/2415/1968
f 8915/2413/1967 8917/2415/1968 8918/2416/1968
f 8918/2416/1968 8917/2415/1968 8919/2417/1969
f 8918/2416/1968 8919/2417/1969 8920/2418/1969
f 8920/2418/1969 8919/2417/1969 8890/2390/1963
f 8920/2418/1969 8890/2390/1963 8889/2389/1963
f 8921/2382/1970 8922/2381/1970 8923/2419/1971
f 8921/2382/1970 8923/2419/1971 8924/2420/1971
f 8924/2420/1971 8923/2419/1971 8925/2421/1972
f 8924/2420/1971 8925/2421/1972 8926/2422/1972
f 8926/2422/1972 8925/2421/1972 8927/2423/1973
f 8926/2422/1972 8927/2423/1973 8928/2424/1973
f 8929/2388/1974 8930/2387/1974 8931/2425/1975
f 8929/2388/1974 8931/2425/1975 8932/2426/1975
s 0
f 8933/2385/1966 8934/2427/1966 8935/2428/1966
f 8933/2385/1966 8935/2428/1966 8936/2387/1966
f 8937/2429/1965 8893/2393/1965 8896/2394/1965
f 8937/2429/1965 8896/2394/1965 8938/2430/1965
s 1
f 8939/2431/1976 8940/2432/1976 8882/2384/1960
f 8939/2431/1976 8882/2384/1960 8881/2383/1960
f 8928/2424/1973 8927/2423/1973 8940/2432/1976
f 8928/2424/1973 8940/2432/1976 8939/2431/1976
s 0
f 8913/2411/1965 8937/2429/1965 8938/2430/1965
f 8913/2411/1965 8938/2430/1965 8914/2412/1965
s 1
f 8932/2426/1975 8931/2425/1975 8916/2414/1967
f 8932/2426/1975 8916/2414/1967 8915/2413/1967
s 0
f 8934/2427/1966 8901/2399/1966 8904/2402/1966
f 8934/2427/1966 8904/2402/1966 8935/2428/1966
o blockage.000_Material.016_0
v -2.195925 0.175867 4.970084
v -2.128293 0.840487 4.974083
v -2.198357 0.840487 5.088570
v -2.228425 0.175867 5.023190
v -2.228425 0.175867 5.023190
v -2.198357 0.840487 5.088570
v -2.324503 0.840487 5.081110
v -2.286939 0.175867 5.019729
v -2.286939 0.175867 5.019729
v -2.324503 0.840487 5.081110
v -2.380585 0.840487 4.959163
v -2.312954 0.175867 4.963163
v -2.312954 0.175867 4.963163
v -2.380585 0.840487 4.959163
v -2.310521 0.840487 4.844677
v -2.280454 0.175867 4.910057
v -2.280454 0.175867 4.910057
v -2.310521 0.840487 4.844677
v -2.184375 0.840487 4.852137
v -2.221939 0.175867 4.913517
v -2.221939 0.175867 4.913517
v -2.184375 0.840487 4.852137
v -2.128293 0.840487 4.974083
v -2.195925 0.175867 4.970084
v -2.198357 0.840487 5.088570
v -2.128293 0.840487 4.974083
v -2.184375 0.840487 4.852137
v -2.310521 0.840487 4.844677
v -2.380585 0.840487 4.959163
v -2.324503 0.840487 5.081110
v -2.195925 0.175867 4.970084
v -2.228425 0.175867 5.023190
v -2.286939 0.175867 5.019729
v -2.312954 0.175867 4.963163
v -2.280454 0.175867 4.910057
v -2.221939 0.175867 4.913517
vn 0.8495 -0.0896 0.5199
vn -0.0588 -0.0951 0.9937
vn -0.9049 -0.0896 0.4161
vn -0.8495 -0.0896 -0.5199
vn 0.0588 -0.0951 -0.9937
vn 0.9049 -0.0896 -0.4161
vn -0.0000 1.0000 -0.0000
vn -0.0000 -1.0000 -0.0000
vt 1.000000 0.500000
vt 1.000000 0.000000
vt 0.833333 0.000000
vt 0.833333 0.500000
vt 0.666667 0.000000
vt 0.666667 0.500000
vt 0.500000 0.000000
vt 0.500000 0.500000
vt 0.333333 0.000000
vt 0.333333 0.500000
vt 0.166667 0.000000
vt 0.166667 0.500000
vt -0.000000 0.000000
vt -0.000000 0.500000
vt 0.250000 0.990000
vt 0.042154 0.630000
vt 0.042154 0.870000
vt 0.250000 0.510000
vt 0.457846 0.870000
vt 0.457846 0.630000
vt 0.542154 0.630000
vt 0.750000 0.990000
vt 0.542154 0.870000
vt 0.750000 0.510000
vt 0.957846 0.870000
vt 0.957846 0.630000
s 0
usemtl Material.016
f 8941/2433/1977 8942/2434/1977 8943/2435/1977
f 8941/2433/1977 8943/2435/1977 8944/2436/1977
f 8945/2436/1978 8946/2435/1978 8947/2437/1978
f 8945/2436/1978 8947/2437/1978 8948/2438/1978
f 8949/2438/1979 8950/2437/1979 8951/2439/1979
f 8949/2438/1979 8951/2439/1979 8952/2440/1979
f 8953/2440/1980 8954/2439/1980 8955/2441/1980
f 8953/2440/1980 8955/2441/1980 8956/2442/1980
f 8957/2442/1981 8958/2441/1981 8959/2443/1981
f 8957/2442/1981 8959/2443/1981 8960/2444/1981
f 8961/2444/1982 8962/2443/1982 8963/2445/1982
f 8961/2444/1982 8963/2445/1982 8964/2446/1982
f 8969/2447/1983 8967/2448/1983 8968/2449/1983
f 8967/2448/1983 8969/2447/1983 8966/2450/1983
f 8966/2450/1983 8969/2447/1983 8970/2451/1983
f 8966/2450/1983 8970/2451/1983 8965/2452/1983
f 8976/2453/1984 8974/2454/1984 8975/2455/1984
f 8974/2454/1984 8976/2453/1984 8971/2456/1984
f 8974/2454/1984 8971/2456/1984 8973/2457/1984
f 8973/2457/1984 8971/2456/1984 8972/2458/1984
o blockage.000_white_0
v -2.260928 0.643186 5.152773
v -2.033752 0.643186 5.025699
v -2.039476 0.661246 5.023740
v -2.260565 0.661246 5.147409
v -2.260565 0.661246 5.147409
v -2.039476 0.661246 5.023740
v -2.055115 0.674466 5.018387
v -2.259573 0.674466 5.132753
v -2.259573 0.674466 5.132753
v -2.055115 0.674466 5.018387
v -2.076478 0.679306 5.011074
v -2.258219 0.679306 5.112734
v -2.258219 0.679306 5.112734
v -2.076478 0.679306 5.011074
v -2.097842 0.674466 5.003762
v -2.256864 0.674466 5.092714
v -2.256864 0.674466 5.092714
v -2.097842 0.674466 5.003762
v -2.165068 0.661246 4.998409
v -2.255873 0.661246 5.078058
v -2.255873 0.661246 5.078058
v -2.165068 0.661246 4.998409
v -2.170934 0.643186 4.996482
v -2.255510 0.643186 5.072694
v -2.255510 0.643186 5.072694
v -2.170934 0.643186 4.996482
v -2.113480 0.625126 4.998409
v -2.255873 0.625126 5.078058
v -2.255873 0.625126 5.078058
v -2.113480 0.625126 4.998409
v -2.097842 0.611905 5.003762
v -2.256864 0.611905 5.092714
v -2.256864 0.611905 5.092714
v -2.097842 0.611905 5.003762
v -2.076478 0.607065 5.011074
v -2.258219 0.607065 5.112734
v -2.258219 0.607065 5.112734
v -2.076478 0.607065 5.011074
v -2.055115 0.611905 5.018387
v -2.259573 0.611905 5.132753
v -2.259573 0.611905 5.132753
v -2.055115 0.611905 5.018387
v -2.039476 0.625126 5.023740
v -2.260565 0.625126 5.147409
v -2.260565 0.625126 5.147409
v -2.039476 0.625126 5.023740
v -2.033752 0.643186 5.025699
v -2.260928 0.643186 5.152773
v -2.033752 0.643186 5.025699
v -2.101808 0.643186 4.797569
v -2.105709 0.661246 4.801722
v -2.039476 0.661246 5.023740
v -2.039476 0.661246 5.023740
v -2.105709 0.661246 4.801722
v -2.116366 0.674467 4.813069
v -2.055115 0.674466 5.018387
v -2.055115 0.674466 5.018387
v -2.116366 0.674467 4.813069
v -2.130923 0.679306 4.828570
v -2.076478 0.679306 5.011074
v -2.076478 0.679306 5.011074
v -2.130923 0.679306 4.828570
v -2.145481 0.674467 4.844070
v -2.097842 0.674466 5.003762
v -2.097842 0.674466 5.003762
v -2.145481 0.674467 4.844070
v -2.156138 0.661246 4.855418
v -2.165068 0.661246 4.998409
v -2.165068 0.661246 4.998409
v -2.156138 0.661246 4.855418
v -2.193232 0.646955 4.886956
v -2.170934 0.643186 4.996482
v -2.170934 0.643186 4.996482
v -2.193232 0.646955 4.886956
v -2.156138 0.625126 4.855418
v -2.113480 0.625126 4.998409
v -2.113480 0.625126 4.998409
v -2.156138 0.625126 4.855418
v -2.145481 0.611905 4.844070
v -2.097842 0.611905 5.003762
v -2.097842 0.611905 5.003762
v -2.145481 0.611905 4.844070
v -2.130923 0.607065 4.828570
v -2.076478 0.607065 5.011074
v -2.076478 0.607065 5.011074
v -2.130923 0.607065 4.828570
v -2.116366 0.611905 4.813069
v -2.055115 0.611905 5.018387
v -2.055115 0.611905 5.018387
v -2.116366 0.611905 4.813069
v -2.105709 0.625126 4.801722
v -2.039476 0.625126 5.023740
v -2.039476 0.625126 5.023740
v -2.105709 0.625126 4.801722
v -2.101808 0.643186 4.797569
v -2.033752 0.643186 5.025699
v -2.101808 0.643186 4.797569
v -2.371044 0.643186 4.783651
v -2.367731 0.661246 4.788177
v -2.105709 0.661246 4.801722
v -2.105709 0.661246 4.801722
v -2.367731 0.661246 4.788177
v -2.358678 0.674467 4.800543
v -2.116366 0.674467 4.813069
v -2.116366 0.674467 4.813069
v -2.358678 0.674467 4.800543
v -2.346312 0.679306 4.817436
v -2.130923 0.679306 4.828570
v -2.130923 0.679306 4.828570
v -2.346312 0.679306 4.817436
v -2.333946 0.674467 4.834328
v -2.145481 0.674467 4.844070
v -2.145481 0.674467 4.844070
v -2.333946 0.674467 4.834328
v -2.311292 0.661246 4.868887
v -2.156138 0.661246 4.855418
v -2.156138 0.661246 4.855418
v -2.311292 0.661246 4.868887
v -2.307979 0.643186 4.873414
v -2.193232 0.646955 4.886956
v -2.193232 0.646955 4.886956
v -2.307979 0.643186 4.873414
v -2.324893 0.625126 4.846694
v -2.156138 0.625126 4.855418
v -2.156138 0.625126 4.855418
v -2.324893 0.625126 4.846694
v -2.333946 0.611905 4.834328
v -2.145481 0.611905 4.844070
v -2.145481 0.611905 4.844070
v -2.333946 0.611905 4.834328
v -2.346312 0.607065 4.817436
v -2.130923 0.607065 4.828570
v -2.130923 0.607065 4.828570
v -2.346312 0.607065 4.817436
v -2.358678 0.611905 4.800543
v -2.116366 0.611905 4.813069
v -2.116366 0.611905 4.813069
v -2.358678 0.611905 4.800543
v -2.367731 0.625126 4.788177
v -2.105709 0.625126 4.801722
v -2.105709 0.625126 4.801722
v -2.367731 0.625126 4.788177
v -2.371044 0.643186 4.783651
v -2.101808 0.643186 4.797569
v -2.371044 0.643186 4.783651
v -2.469386 0.643186 5.003180
v -2.463437 0.661246 5.001823
v -2.367731 0.661246 4.788177
v -2.367731 0.661246 4.788177
v -2.463437 0.661246 5.001823
v -2.447186 0.674466 4.998119
v -2.358678 0.674467 4.800543
v -2.358678 0.674467 4.800543
v -2.447186 0.674466 4.998119
v -2.424985 0.679306 4.993059
v -2.346312 0.679306 4.817436
v -2.346312 0.679306 4.817436
v -2.424985 0.679306 4.993059
v -2.402785 0.674466 4.987998
v -2.333946 0.674467 4.834328
v -2.333946 0.674467 4.834328
v -2.402785 0.674466 4.987998
v -2.349975 0.661246 4.984293
v -2.311292 0.661246 4.868887
v -2.311292 0.661246 4.868887
v -2.349975 0.661246 4.984293
v -2.344027 0.643186 4.982937
v -2.307979 0.643186 4.873414
v -2.307979 0.643186 4.873414
v -2.344027 0.643186 4.982937
v -2.386533 0.625126 4.984293
v -2.324893 0.625126 4.846694
v -2.324893 0.625126 4.846694
v -2.386533 0.625126 4.984293
v -2.402785 0.611905 4.987998
v -2.333946 0.611905 4.834328
v -2.333946 0.611905 4.834328
v -2.402785 0.611905 4.987998
v -2.424985 0.607065 4.993059
v -2.346312 0.607065 4.817436
v -2.346312 0.607065 4.817436
v -2.424985 0.607065 4.993059
v -2.447186 0.611905 4.998119
v -2.358678 0.611905 4.800543
v -2.358678 0.611905 4.800543
v -2.447186 0.611905 4.998119
v -2.463437 0.625126 5.001823
v -2.367731 0.625126 4.788177
v -2.367731 0.625126 4.788177
v -2.463437 0.625126 5.001823
v -2.469386 0.643186 5.003180
v -2.371044 0.643186 4.783651
v -2.469386 0.643186 5.003180
v -2.260928 0.643186 5.152773
v -2.260565 0.661246 5.147409
v -2.463437 0.661246 5.001823
v -2.463437 0.661246 5.001823
v -2.260565 0.661246 5.147409
v -2.259573 0.674466 5.132753
v -2.447186 0.674466 4.998119
v -2.447186 0.674466 4.998119
v -2.259573 0.674466 5.132753
v -2.258219 0.679306 5.112734
v -2.424985 0.679306 4.993059
v -2.424985 0.679306 4.993059
v -2.258219 0.679306 5.112734
v -2.256864 0.674466 5.092714
v -2.402785 0.674466 4.987998
v -2.402785 0.674466 4.987998
v -2.256864 0.674466 5.092714
v -2.255873 0.661246 5.078058
v -2.349975 0.661246 4.984293
v -2.349975 0.661246 4.984293
v -2.255873 0.661246 5.078058
v -2.255510 0.643186 5.072694
v -2.344027 0.643186 4.982937
v -2.344027 0.643186 4.982937
v -2.255510 0.643186 5.072694
v -2.255873 0.625126 5.078058
v -2.386533 0.625126 4.984293
v -2.386533 0.625126 4.984293
v -2.255873 0.625126 5.078058
v -2.256864 0.611905 5.092714
v -2.402785 0.611905 4.987998
v -2.402785 0.611905 4.987998
v -2.256864 0.611905 5.092714
v -2.258219 0.607065 5.112734
v -2.424985 0.607065 4.993059
v -2.424985 0.607065 4.993059
v -2.258219 0.607065 5.112734
v -2.259573 0.611905 5.132753
v -2.447186 0.611905 4.998119
v -2.447186 0.611905 4.998119
v -2.259573 0.611905 5.132753
v -2.260565 0.625126 5.147409
v -2.463437 0.625126 5.001823
v -2.463437 0.625126 5.001823
v -2.260565 0.625126 5.147409
v -2.260928 0.643186 5.152773
v -2.469386 0.643186 5.003180
v -2.261401 0.691472 5.159771
v -2.026285 0.691472 5.028255
v -2.032209 0.710164 5.026227
v -2.261025 0.710164 5.154219
v -2.261025 0.710164 5.154219
v -2.032209 0.710164 5.026227
v -2.048395 0.723847 5.020687
v -2.259999 0.723846 5.139051
v -2.259999 0.723846 5.139051
v -2.048395 0.723847 5.020687
v -2.070505 0.728855 5.013119
v -2.258597 0.728855 5.118331
v -2.258597 0.728855 5.118331
v -2.070505 0.728855 5.013119
v -2.092615 0.723847 5.005551
v -2.257196 0.723847 5.097612
v -2.257196 0.723847 5.097612
v -2.092615 0.723847 5.005551
v -2.160530 0.710164 5.000044
v -2.256170 0.710164 5.082444
v -2.256170 0.710164 5.082444
v -2.160530 0.710164 5.000044
v -2.166312 0.691472 4.997983
v -2.255794 0.691472 5.076892
v -2.255794 0.691472 5.076892
v -2.166312 0.691472 4.997983
v -2.108800 0.672781 5.000010
v -2.256170 0.672781 5.082444
v -2.256170 0.672781 5.082444
v -2.108800 0.672781 5.000010
v -2.092615 0.659098 5.005551
v -2.257196 0.659098 5.097612
v -2.257196 0.659098 5.097612
v -2.092615 0.659098 5.005551
v -2.070505 0.654090 5.013119
v -2.258597 0.654090 5.118331
v -2.258597 0.654090 5.118331
v -2.070505 0.654090 5.013119
v -2.048395 0.659098 5.020687
v -2.259999 0.659098 5.139051
v -2.259999 0.659098 5.139051
v -2.048395 0.659098 5.020687
v -2.032209 0.672781 5.026227
v -2.261025 0.672781 5.154219
v -2.261025 0.672781 5.154219
v -2.032209 0.672781 5.026227
v -2.026285 0.691472 5.028255
v -2.261401 0.691472 5.159771
v -2.026285 0.691472 5.028255
v -2.096720 0.691472 4.792151
v -2.100757 0.710163 4.796450
v -2.032209 0.710164 5.026227
v -2.032209 0.710164 5.026227
v -2.100757 0.710163 4.796450
v -2.111786 0.723846 4.808193
v -2.048395 0.723847 5.020687
v -2.048395 0.723847 5.020687
v -2.111786 0.723846 4.808193
v -2.126853 0.728855 4.824236
v -2.070505 0.728855 5.013119
v -2.070505 0.728855 5.013119
v -2.126853 0.728855 4.824236
v -2.141919 0.723846 4.840278
v -2.092615 0.723847 5.005551
v -2.092615 0.723847 5.005551
v -2.141919 0.723846 4.840278
v -2.186142 0.713933 4.879406
v -2.160530 0.710164 5.000044
v -2.160530 0.710164 5.000044
v -2.186142 0.713933 4.879406
v -2.190179 0.695241 4.883705
v -2.166312 0.691472 4.997983
v -2.166312 0.691472 4.997983
v -2.190179 0.695241 4.883705
v -2.152948 0.672781 4.852022
v -2.108800 0.672781 5.000010
v -2.108800 0.672781 5.000010
v -2.152948 0.672781 4.852022
v -2.141919 0.659098 4.840278
v -2.092615 0.659098 5.005551
v -2.092615 0.659098 5.005551
v -2.141919 0.659098 4.840278
v -2.126853 0.654090 4.824236
v -2.070505 0.654090 5.013119
v -2.070505 0.654090 5.013119
v -2.126853 0.654090 4.824236
v -2.111786 0.659098 4.808193
v -2.048395 0.659098 5.020687
v -2.048395 0.659098 5.020687
v -2.111786 0.659098 4.808193
v -2.100757 0.672781 4.796450
v -2.032209 0.672781 5.026227
v -2.032209 0.672781 5.026227
v -2.100757 0.672781 4.796450
v -2.096720 0.691472 4.792151
v -2.026285 0.691472 5.028255
v -2.096720 0.691472 4.792151
v -2.375367 0.691472 4.777747
v -2.371937 0.710163 4.782431
v -2.100757 0.710163 4.796450
v -2.100757 0.710163 4.796450
v -2.371937 0.710163 4.782431
v -2.362568 0.723846 4.795229
v -2.111786 0.723846 4.808193
v -2.111786 0.723846 4.808193
v -2.362568 0.723846 4.795229
v -2.349770 0.728855 4.812712
v -2.126853 0.728855 4.824236
v -2.126853 0.728855 4.824236
v -2.349770 0.728855 4.812712
v -2.336972 0.723846 4.830195
v -2.141919 0.723846 4.840278
v -2.314002 0.710163 4.865187
v -2.186142 0.713933 4.879406
v -2.186142 0.713933 4.879406
v -2.314002 0.710163 4.865187
v -2.310572 0.691472 4.869871
v -2.190179 0.695241 4.883705
v -2.190179 0.695241 4.883705
v -2.310572 0.691472 4.869871
v -2.327603 0.672781 4.842993
v -2.152948 0.672781 4.852022
v -2.152948 0.672781 4.852022
v -2.327603 0.672781 4.842993
v -2.336972 0.659098 4.830195
v -2.141919 0.659098 4.840278
v -2.141919 0.659098 4.840278
v -2.336972 0.659098 4.830195
v -2.349770 0.654090 4.812712
v -2.126853 0.654090 4.824236
v -2.126853 0.654090 4.824236
v -2.349770 0.654090 4.812712
v -2.362568 0.659098 4.795229
v -2.111786 0.659098 4.808193
v -2.111786 0.659098 4.808193
v -2.362568 0.659098 4.795229
v -2.371937 0.672781 4.782431
v -2.100757 0.672781 4.796450
v -2.100757 0.672781 4.796450
v -2.371937 0.672781 4.782431
v -2.375367 0.691472 4.777747
v -2.096720 0.691472 4.792151
v -2.375367 0.691472 4.777747
v -2.477145 0.691472 5.004948
v -2.470989 0.710164 5.003545
v -2.371937 0.710163 4.782431
v -2.371937 0.710163 4.782431
v -2.470989 0.710164 5.003545
v -2.454169 0.723847 4.999711
v -2.362568 0.723846 4.795229
v -2.362568 0.723846 4.795229
v -2.454169 0.723847 4.999711
v -2.431193 0.728855 4.994473
v -2.349770 0.728855 4.812712
v -2.349770 0.728855 4.812712
v -2.431193 0.728855 4.994473
v -2.408217 0.723847 4.989236
v -2.336972 0.723846 4.830195
v -2.336972 0.723846 4.830195
v -2.408217 0.723847 4.989236
v -2.354839 0.710164 4.985402
v -2.314002 0.710163 4.865187
v -2.314002 0.710163 4.865187
v -2.354839 0.710164 4.985402
v -2.348682 0.691472 4.983999
v -2.310572 0.691472 4.869871
v -2.310572 0.691472 4.869871
v -2.348682 0.691472 4.983999
v -2.391397 0.672781 4.985402
v -2.327603 0.672781 4.842993
v -2.327603 0.672781 4.842993
v -2.391397 0.672781 4.985402
v -2.408217 0.659098 4.989236
v -2.336972 0.659098 4.830195
v -2.336972 0.659098 4.830195
v -2.408217 0.659098 4.989236
v -2.431193 0.654090 4.994473
v -2.349770 0.654090 4.812712
v -2.349770 0.654090 4.812712
v -2.431193 0.654090 4.994473
v -2.454169 0.659098 4.999711
v -2.362568 0.659098 4.795229
v -2.362568 0.659098 4.795229
v -2.454169 0.659098 4.999711
v -2.470989 0.672781 5.003545
v -2.371937 0.672781 4.782431
v -2.371937 0.672781 4.782431
v -2.470989 0.672781 5.003545
v -2.477145 0.691472 5.004948
v -2.375367 0.691472 4.777747
v -2.477145 0.691472 5.004948
v -2.261401 0.691472 5.159771
v -2.261025 0.710164 5.154219
v -2.470989 0.710164 5.003545
v -2.470989 0.710164 5.003545
v -2.261025 0.710164 5.154219
v -2.259999 0.723846 5.139051
v -2.454169 0.723847 4.999711
v -2.454169 0.723847 4.999711
v -2.259999 0.723846 5.139051
v -2.258597 0.728855 5.118331
v -2.431193 0.728855 4.994473
v -2.431193 0.728855 4.994473
v -2.258597 0.728855 5.118331
v -2.257196 0.723847 5.097612
v -2.408217 0.723847 4.989236
v -2.408217 0.723847 4.989236
v -2.257196 0.723847 5.097612
v -2.256170 0.710164 5.082444
v -2.354839 0.710164 4.985402
v -2.354839 0.710164 4.985402
v -2.256170 0.710164 5.082444
v -2.255794 0.691472 5.076892
v -2.348682 0.691472 4.983999
v -2.348682 0.691472 4.983999
v -2.255794 0.691472 5.076892
v -2.256170 0.672781 5.082444
v -2.391397 0.672781 4.985402
v -2.391397 0.672781 4.985402
v -2.256170 0.672781 5.082444
v -2.257196 0.659098 5.097612
v -2.408217 0.659098 4.989236
v -2.408217 0.659098 4.989236
v -2.257196 0.659098 5.097612
v -2.258597 0.654090 5.118331
v -2.431193 0.654090 4.994473
v -2.431193 0.654090 4.994473
v -2.258597 0.654090 5.118331
v -2.259999 0.659098 5.139051
v -2.454169 0.659098 4.999711
v -2.454169 0.659098 4.999711
v -2.259999 0.659098 5.139051
v -2.261025 0.672781 5.154219
v -2.470989 0.672781 5.003545
v -2.470989 0.672781 5.003545
v -2.261025 0.672781 5.154219
v -2.261401 0.691472 5.159771
v -2.477145 0.691472 5.004948
vn 0.4737 0.2420 0.8468
vn 0.3573 0.6813 0.6388
vn 0.1350 0.9610 0.2414
vn -0.1350 0.9610 -0.2414
vn -0.2474 0.8969 -0.3665
vn -0.2473 0.8970 -0.3665
vn -0.2473 0.8969 -0.3665
vn -0.2474 0.8969 -0.3666
vn -0.6441 0.2444 -0.7248
vn -0.6443 0.2445 -0.7246
vn -0.3882 -0.7277 -0.5654
vn -0.3883 -0.7278 -0.5653
vn -0.3573 -0.6813 -0.6388
vn -0.1350 -0.9610 -0.2414
vn 0.1350 -0.9610 0.2414
vn 0.3573 -0.6813 0.6388
vn 0.4737 -0.2420 0.8468
vn 0.9245 0.2631 -0.2758
vn 0.6716 0.7133 -0.2004
vn 0.2440 0.9670 -0.0728
vn -0.2440 0.9670 0.0728
vn -0.3184 0.9471 0.0407
vn -0.5820 0.8121 0.0429
vn -0.5819 0.8121 0.0429
vn -0.5819 0.8121 0.0430
vn -0.3660 -0.9271 0.0803
vn -0.3660 -0.9272 0.0803
vn -0.6716 -0.7133 0.2004
vn -0.2440 -0.9670 0.0728
vn 0.2440 -0.9670 -0.0728
vn 0.6716 -0.7133 -0.2004
vn 0.9245 -0.2631 -0.2758
vn 0.0502 0.2341 -0.9709
vn 0.0384 0.6684 -0.7428
vn 0.0147 0.9583 -0.2853
vn -0.0147 0.9583 0.2853
vn 0.0054 0.8671 0.4981
vn 0.0054 0.8671 0.4980
vn -0.0107 0.7493 0.6621
vn -0.0107 0.7493 0.6622
vn -0.0106 0.7493 0.6622
vn -0.0106 0.7493 0.6621
vn -0.0327 -0.8299 0.5569
vn -0.0384 -0.6684 0.7428
vn -0.0147 -0.9583 0.2853
vn 0.0147 -0.9583 -0.2853
vn 0.0384 -0.6684 -0.7428
vn 0.0502 -0.2341 -0.9709
vn -0.8811 0.2606 -0.3947
vn -0.6430 0.7097 -0.2880
vn -0.2346 0.9664 -0.1051
vn 0.2346 0.9664 0.1051
vn 0.2865 0.9512 0.1145
vn 0.9159 0.2616 0.3043
vn 0.9160 0.2616 0.3042
vn 0.9160 0.2616 0.3043
vn 0.4540 -0.8728 0.1795
vn 0.4539 -0.8728 0.1794
vn 0.4539 -0.8728 0.1795
vn 0.6430 -0.7097 0.2880
vn 0.2346 -0.9664 0.1051
vn -0.2346 -0.9664 -0.1051
vn -0.6430 -0.7097 -0.2880
vn -0.8811 -0.2606 -0.3947
vn -0.5652 0.2453 0.7876
vn -0.4239 0.6866 0.5907
vn -0.1591 0.9620 0.2218
vn 0.1591 0.9620 -0.2218
vn 0.3053 0.8777 -0.3692
vn 0.3054 0.8777 -0.3693
vn 0.6869 0.2472 -0.6835
vn 0.6868 0.2472 -0.6835
vn 0.4761 -0.6709 -0.5686
vn 0.4761 -0.6708 -0.5686
vn 0.4760 -0.6709 -0.5686
vn 0.4239 -0.6866 -0.5907
vn 0.1591 -0.9620 -0.2218
vn -0.1591 -0.9620 0.2218
vn -0.4239 -0.6866 0.5907
vn -0.5652 -0.2453 0.7876
vn -0.2502 0.8934 -0.3732
vn -0.2502 0.8934 -0.3731
vn -0.6376 0.2412 -0.7317
vn -0.6375 0.2412 -0.7317
vn -0.3926 -0.7168 -0.5763
vn -0.3925 -0.7168 -0.5762
vn -0.3926 -0.7168 -0.5762
vn -0.1877 0.9803 0.0621
vn -0.1876 0.9803 0.0621
vn -0.9431 0.2601 0.2070
vn -0.3747 -0.9233 0.0839
vn -0.3748 -0.9233 0.0839
vn 0.0384 0.6685 -0.7428
vn -0.0247 0.9566 0.2902
vn -0.0240 0.9568 0.2897
vn -0.0333 0.9551 0.2945
vn -0.1162 0.2338 0.9653
vn -0.1162 0.2339 0.9653
vn -0.0334 -0.8231 0.5669
vn -0.0384 -0.6685 0.7428
vn 0.0384 -0.6685 -0.7428
vn 0.2923 0.9491 0.1173
vn 0.9147 0.2616 0.3081
vn 0.9147 0.2616 0.3080
vn 0.4637 -0.8666 0.1842
vn 0.3086 0.8741 -0.3752
vn 0.3087 0.8741 -0.3752
vn 0.3087 0.8740 -0.3752
vn 0.3086 0.8741 -0.3751
vn 0.6822 0.2472 -0.6881
vn 0.4802 -0.6609 -0.5767
vn 0.4802 -0.6608 -0.5768
vn 0.4802 -0.6609 -0.5768
vt 0.600000 0.500000
vt 0.800000 0.500000
vt 0.800000 0.416667
vt 0.600000 0.416667
vt 0.800000 0.333333
vt 0.600000 0.333333
vt 0.800000 0.250000
vt 0.600000 0.250000
vt 0.800000 0.166667
vt 0.600000 0.166667
vt 0.800000 0.083333
vt 0.600000 0.083333
vt 0.800000 0.000000
vt 0.600000 0.000000
vt 0.600000 1.000000
vt 0.800000 1.000000
vt 0.800000 0.916667
vt 0.600000 0.916667
vt 0.800000 0.833333
vt 0.600000 0.833333
vt 0.800000 0.750000
vt 0.600000 0.750000
vt 0.800000 0.666667
vt 0.600000 0.666667
vt 0.800000 0.583333
vt 0.600000 0.583333
vt 1.000000 0.500000
vt 1.000000 0.416667
vt 1.000000 0.333333
vt 1.000000 0.250000
vt 1.000000 0.166667
vt 1.000000 0.083333
vt 1.000000 0.000000
vt 1.000000 1.000000
vt 1.000000 0.916667
vt 1.000000 0.833333
vt 1.000000 0.750000
vt 1.000000 0.666667
vt 1.000000 0.583333
vt 0.000000 0.500000
vt 0.200000 0.500000
vt 0.200000 0.416667
vt 0.000000 0.416667
vt 0.200000 0.333333
vt 0.000000 0.333333
vt 0.200000 0.250000
vt 0.000000 0.250000
vt 0.200000 0.166667
vt 0.000000 0.166667
vt 0.200000 0.083333
vt 0.000000 0.083333
vt 0.200000 0.000000
vt 0.000000 0.000000
vt 0.000000 1.000000
vt 0.200000 1.000000
vt 0.200000 0.916667
vt 0.000000 0.916667
vt 0.200000 0.833333
vt 0.000000 0.833333
vt 0.200000 0.750000
vt 0.000000 0.750000
vt 0.200000 0.666667
vt 0.000000 0.666667
vt 0.200000 0.583333
vt 0.000000 0.583333
vt 0.400000 0.500000
vt 0.400000 0.416667
vt 0.400000 0.333333
vt 0.400000 0.250000
vt 0.400000 0.166667
vt 0.400000 0.083333
vt 0.400000 0.000000
vt 0.400000 1.000000
vt 0.400000 0.916667
vt 0.400000 0.833333
vt 0.400000 0.750000
vt 0.400000 0.666667
vt 0.400000 0.583333
s 0
usemtl white
f 8977/2459/1985 8978/2460/1985 8979/2461/1985
f 8977/2459/1985 8979/2461/1985 8980/2462/1985
f 8981/2462/1986 8982/2461/1986 8983/2463/1986
f 8981/2462/1986 8983/2463/1986 8984/2464/1986
f 8985/2464/1987 8986/2463/1987 8987/2465/1987
f 8985/2464/1987 8987/2465/1987 8988/2466/1987
f 8989/2466/1988 8990/2465/1988 8991/2467/1988
f 8989/2466/1988 8991/2467/1988 8992/2468/1988
s 1
f 8993/2468/1989 8994/2467/1990 8995/2469/1991
f 8993/2468/1989 8995/2469/1991 8996/2470/1992
f 8997/2470/1993 8998/2469/1994 8999/2471/1993
f 8997/2470/1993 8999/2471/1993 9000/2472/1993
f 9001/2473/1995 9002/2474/1996 9003/2475/1996
f 9001/2473/1995 9003/2475/1996 9004/2476/1996
s 0
f 9005/2476/1997 9006/2475/1997 9007/2477/1997
f 9005/2476/1997 9007/2477/1997 9008/2478/1997
f 9009/2478/1998 9010/2477/1998 9011/2479/1998
f 9009/2478/1998 9011/2479/1998 9012/2480/1998
f 9013/2480/1999 9014/2479/1999 9015/2481/1999
f 9013/2480/1999 9015/2481/1999 9016/2482/1999
f 9017/2482/2000 9018/2481/2000 9019/2483/2000
f 9017/2482/2000 9019/2483/2000 9020/2484/2000
f 9021/2484/2001 9022/2483/2001 9023/2460/2001
f 9021/2484/2001 9023/2460/2001 9024/2459/2001
f 9025/2460/2002 9026/2485/2002 9027/2486/2002
f 9025/2460/2002 9027/2486/2002 9028/2461/2002
s 1
f 9029/2461/2003 9030/2486/2003 9031/2487/2003
s 0
f 9029/2461/2003 9031/2487/2003 9032/2463/2003
f 9033/2463/2004 9034/2487/2004 9035/2488/2004
f 9033/2463/2004 9035/2488/2004 9036/2465/2004
f 9037/2465/2005 9038/2488/2005 9039/2489/2005
f 9037/2465/2005 9039/2489/2005 9040/2467/2005
s 1
f 9041/2467/2006 9042/2489/2006 9043/2490/2006
f 9041/2467/2006 9043/2490/2006 9044/2469/2006
f 9045/2469/2007 9046/2490/2008 9047/2491/2008
f 9045/2469/2007 9047/2491/2008 9048/2471/2009
f 9049/2474/2010 9050/2492/2010 9051/2493/2010
f 9049/2474/2010 9051/2493/2010 9052/2475/2011
f 9053/2475/2012 9054/2493/2012 9055/2494/2012
s 0
f 9053/2475/2012 9055/2494/2012 9056/2477/2012
f 9057/2477/2013 9058/2494/2013 9059/2495/2013
f 9057/2477/2013 9059/2495/2013 9060/2479/2013
f 9061/2479/2014 9062/2495/2014 9063/2496/2014
f 9061/2479/2014 9063/2496/2014 9064/2481/2014
f 9065/2481/2015 9066/2496/2015 9067/2497/2015
f 9065/2481/2015 9067/2497/2015 9068/2483/2015
f 9069/2483/2016 9070/2497/2016 9071/2485/2016
f 9069/2483/2016 9071/2485/2016 9072/2460/2016
f 9073/2498/2017 9074/2499/2017 9075/2500/2017
f 9073/2498/2017 9075/2500/2017 9076/2501/2017
s 1
f 9077/2501/2018 9078/2500/2018 9079/2502/2018
s 0
f 9077/2501/2018 9079/2502/2018 9080/2503/2018
f 9081/2503/2019 9082/2502/2019 9083/2504/2019
f 9081/2503/2019 9083/2504/2019 9084/2505/2019
f 9085/2505/2020 9086/2504/2020 9087/2506/2020
f 9085/2505/2020 9087/2506/2020 9088/2507/2020
s 1
f 9089/2507/2021 9090/2506/2022 9091/2508/2022
f 9089/2507/2021 9091/2508/2022 9092/2509/2021
f 9093/2509/2023 9094/2508/2024 9095/2510/2025
f 9093/2509/2023 9095/2510/2025 9096/2511/2026
f 9097/2512/2027 9098/2513/2027 9099/2514/2027
f 9097/2512/2027 9099/2514/2027 9100/2515/2027
s 0
f 9101/2515/2028 9102/2514/2028 9103/2516/2028
f 9101/2515/2028 9103/2516/2028 9104/2517/2028
f 9105/2517/2029 9106/2516/2029 9107/2518/2029
f 9105/2517/2029 9107/2518/2029 9108/2519/2029
f 9109/2519/2030 9110/2518/2030 9111/2520/2030
f 9109/2519/2030 9111/2520/2030 9112/2521/2030
f 9113/2521/2031 9114/2520/2031 9115/2522/2031
f 9113/2521/2031 9115/2522/2031 9116/2523/2031
s 1
f 9117/2523/2032 9118/2522/2032 9119/2499/2032
s 0
f 9117/2523/2032 9119/2499/2032 9120/2498/2032
f 9121/2499/2033 9122/2524/2033 9123/2525/2033
f 9121/2499/2033 9123/2525/2033 9124/2500/2033
f 9125/2500/2034 9126/2525/2034 9127/2526/2034
f 9125/2500/2034 9127/2526/2034 9128/2502/2034
f 9129/2502/2035 9130/2526/2035 9131/2527/2035
f 9129/2502/2035 9131/2527/2035 9132/2504/2035
f 9133/2504/2036 9134/2527/2036 9135/2528/2036
f 9133/2504/2036 9135/2528/2036 9136/2506/2036
s 1
f 9137/2506/2037 9138/2528/2037 9139/2529/2037
f 9137/2506/2037 9139/2529/2037 9140/2508/2037
f 9141/2508/2038 9142/2529/2039 9143/2530/2038
f 9141/2508/2038 9143/2530/2038 9144/2510/2040
f 9145/2513/2041 9146/2531/2042 9147/2532/2042
f 9145/2513/2041 9147/2532/2042 9148/2514/2043
s 0
f 9149/2514/2044 9150/2532/2044 9151/2533/2044
f 9149/2514/2044 9151/2533/2044 9152/2516/2044
f 9153/2516/2045 9154/2533/2045 9155/2534/2045
f 9153/2516/2045 9155/2534/2045 9156/2518/2045
f 9157/2518/2046 9158/2534/2046 9159/2535/2046
f 9157/2518/2046 9159/2535/2046 9160/2520/2046
f 9161/2520/2047 9162/2535/2047 9163/2536/2047
f 9161/2520/2047 9163/2536/2047 9164/2522/2047
f 9165/2522/2048 9166/2536/2048 9167/2524/2048
f 9165/2522/2048 9167/2524/2048 9168/2499/2048
f 9169/2524/2049 9170/2459/2049 9171/2462/2049
f 9169/2524/2049 9171/2462/2049 9172/2525/2049
f 9173/2525/2050 9174/2462/2050 9175/2464/2050
f 9173/2525/2050 9175/2464/2050 9176/2526/2050
f 9177/2526/2051 9178/2464/2051 9179/2466/2051
f 9177/2526/2051 9179/2466/2051 9180/2527/2051
f 9181/2527/2052 9182/2466/2052 9183/2468/2052
f 9181/2527/2052 9183/2468/2052 9184/2528/2052
s 1
f 9185/2528/2053 9186/2468/2054 9187/2470/2054
f 9185/2528/2053 9187/2470/2054 9188/2529/2053
f 9189/2529/2055 9190/2470/2055 9191/2472/2056
f 9189/2529/2055 9191/2472/2056 9192/2530/2055
f 9193/2531/2057 9194/2473/2058 9195/2476/2058
f 9193/2531/2057 9195/2476/2058 9196/2532/2059
s 0
f 9197/2532/2060 9198/2476/2060 9199/2478/2060
f 9197/2532/2060 9199/2478/2060 9200/2533/2060
f 9201/2533/2061 9202/2478/2061 9203/2480/2061
f 9201/2533/2061 9203/2480/2061 9204/2534/2061
f 9205/2534/2062 9206/2480/2062 9207/2482/2062
f 9205/2534/2062 9207/2482/2062 9208/2535/2062
f 9209/2535/2063 9210/2482/2063 9211/2484/2063
f 9209/2535/2063 9211/2484/2063 9212/2536/2063
f 9213/2536/2064 9214/2484/2064 9215/2459/2064
f 9213/2536/2064 9215/2459/2064 9216/2524/2064
f 9217/2459/1985 9218/2460/1985 9219/2461/1985
f 9217/2459/1985 9219/2461/1985 9220/2462/1985
f 9221/2462/1986 9222/2461/1986 9223/2463/1986
f 9221/2462/1986 9223/2463/1986 9224/2464/1986
f 9225/2464/1987 9226/2463/1987 9227/2465/1987
f 9225/2464/1987 9227/2465/1987 9228/2466/1987
f 9229/2466/1988 9230/2465/1988 9231/2467/1988
f 9229/2466/1988 9231/2467/1988 9232/2468/1988
s 1
f 9233/2468/2065 9234/2467/2066 9235/2469/2065
f 9233/2468/2065 9235/2469/2065 9236/2470/2065
f 9237/2470/2067 9238/2469/2068 9239/2471/2067
f 9237/2470/2067 9239/2471/2067 9240/2472/2067
f 9241/2473/2069 9242/2474/2070 9243/2475/2071
f 9241/2473/2069 9243/2475/2071 9244/2476/2071
s 0
f 9245/2476/1997 9246/2475/1997 9247/2477/1997
f 9245/2476/1997 9247/2477/1997 9248/2478/1997
f 9249/2478/1998 9250/2477/1998 9251/2479/1998
f 9249/2478/1998 9251/2479/1998 9252/2480/1998
f 9253/2480/1999 9254/2479/1999 9255/2481/1999
f 9253/2480/1999 9255/2481/1999 9256/2482/1999
f 9257/2482/2000 9258/2481/2000 9259/2483/2000
f 9257/2482/2000 9259/2483/2000 9260/2484/2000
f 9261/2484/2001 9262/2483/2001 9263/2460/2001
f 9261/2484/2001 9263/2460/2001 9264/2459/2001
f 9265/2460/2002 9266/2485/2002 9267/2486/2002
f 9265/2460/2002 9267/2486/2002 9268/2461/2002
f 9269/2461/2003 9270/2486/2003 9271/2487/2003
f 9269/2461/2003 9271/2487/2003 9272/2463/2003
f 9273/2463/2004 9274/2487/2004 9275/2488/2004
f 9273/2463/2004 9275/2488/2004 9276/2465/2004
f 9277/2465/2005 9278/2488/2005 9279/2489/2005
f 9277/2465/2005 9279/2489/2005 9280/2467/2005
s 1
f 9281/2467/2072 9282/2489/2072 9283/2490/2073
f 9281/2467/2072 9283/2490/2073 9284/2469/2072
f 9285/2469/2074 9286/2490/2074 9287/2491/2074
f 9285/2469/2074 9287/2491/2074 9288/2471/2074
f 9289/2474/2075 9290/2492/2076 9291/2493/2076
f 9289/2474/2075 9291/2493/2076 9292/2475/2075
s 0
f 9293/2475/2012 9294/2493/2012 9295/2494/2012
f 9293/2475/2012 9295/2494/2012 9296/2477/2012
f 9297/2477/2013 9298/2494/2013 9299/2495/2013
f 9297/2477/2013 9299/2495/2013 9300/2479/2013
f 9301/2479/2014 9302/2495/2014 9303/2496/2014
f 9301/2479/2014 9303/2496/2014 9304/2481/2014
f 9305/2481/2015 9306/2496/2015 9307/2497/2015
f 9305/2481/2015 9307/2497/2015 9308/2483/2015
f 9309/2483/2016 9310/2497/2016 9311/2485/2016
f 9309/2483/2016 9311/2485/2016 9312/2460/2016
f 9313/2498/2017 9314/2499/2017 9315/2500/2017
f 9313/2498/2017 9315/2500/2017 9316/2501/2017
f 9317/2501/2077 9318/2500/2077 9319/2502/2077
f 9317/2501/2018 9319/2502/2018 9320/2503/2018
f 9321/2503/2019 9322/2502/2019 9323/2504/2019
f 9321/2503/2019 9323/2504/2019 9324/2505/2019
s 1
f 9325/2505/2020 9326/2504/2020 9327/2506/2078
f 9325/2505/2020 9327/2506/2078 9328/2507/2079
f 9328/2507/2079 9327/2506/2078 9329/2508/2080
f 9328/2507/2079 9329/2508/2080 9330/2509/2080
f 9331/2509/2081 9332/2508/2081 9333/2510/2082
f 9331/2509/2081 9333/2510/2082 9334/2511/2081
f 9335/2512/2083 9336/2513/2083 9337/2514/2083
f 9335/2512/2083 9337/2514/2083 9338/2515/2083
s 0
f 9339/2515/2084 9340/2514/2084 9341/2516/2084
f 9339/2515/2084 9341/2516/2084 9342/2517/2084
f 9343/2517/2029 9344/2516/2029 9345/2518/2029
f 9343/2517/2029 9345/2518/2029 9346/2519/2029
f 9347/2519/2030 9348/2518/2030 9349/2520/2030
f 9347/2519/2030 9349/2520/2030 9350/2521/2030
f 9351/2521/2085 9352/2520/2085 9353/2522/2085
f 9351/2521/2031 9353/2522/2031 9354/2523/2031
f 9355/2523/2032 9356/2522/2032 9357/2499/2032
f 9355/2523/2032 9357/2499/2032 9358/2498/2032
f 9359/2499/2033 9360/2524/2033 9361/2525/2033
f 9359/2499/2033 9361/2525/2033 9362/2500/2033
f 9363/2500/2034 9364/2525/2034 9365/2526/2034
f 9363/2500/2034 9365/2526/2034 9366/2502/2034
f 9367/2502/2035 9368/2526/2035 9369/2527/2035
f 9367/2502/2035 9369/2527/2035 9370/2504/2035
f 9371/2504/2036 9372/2527/2036 9373/2528/2036
f 9371/2504/2036 9373/2528/2036 9374/2506/2036
s 1
f 9375/2506/2086 9376/2528/2086 9377/2529/2086
f 9375/2506/2086 9377/2529/2086 9378/2508/2086
f 9379/2508/2087 9380/2529/2088 9381/2530/2087
f 9379/2508/2087 9381/2530/2087 9382/2510/2087
f 9383/2513/2089 9384/2531/2089 9385/2532/2089
f 9383/2513/2089 9385/2532/2089 9386/2514/2089
s 0
f 9387/2514/2044 9388/2532/2044 9389/2533/2044
f 9387/2514/2044 9389/2533/2044 9390/2516/2044
s 1
f 9391/2516/2045 9392/2533/2045 9393/2534/2045
s 0
f 9391/2516/2045 9393/2534/2045 9394/2518/2045
f 9395/2518/2046 9396/2534/2046 9397/2535/2046
f 9395/2518/2046 9397/2535/2046 9398/2520/2046
f 9399/2520/2047 9400/2535/2047 9401/2536/2047
f 9399/2520/2047 9401/2536/2047 9402/2522/2047
f 9403/2522/2048 9404/2536/2048 9405/2524/2048
f 9403/2522/2048 9405/2524/2048 9406/2499/2048
f 9407/2524/2049 9408/2459/2049 9409/2462/2049
f 9407/2524/2049 9409/2462/2049 9410/2525/2049
f 9411/2525/2050 9412/2462/2050 9413/2464/2050
f 9411/2525/2050 9413/2464/2050 9414/2526/2050
f 9415/2526/2051 9416/2464/2051 9417/2466/2051
f 9415/2526/2051 9417/2466/2051 9418/2527/2051
f 9419/2527/2052 9420/2466/2052 9421/2468/2052
f 9419/2527/2052 9421/2468/2052 9422/2528/2052
s 1
f 9423/2528/2090 9424/2468/2091 9425/2470/2092
f 9423/2528/2090 9425/2470/2092 9426/2529/2093
f 9427/2529/2094 9428/2470/2094 9429/2472/2094
f 9427/2529/2094 9429/2472/2094 9430/2530/2094
f 9431/2531/2095 9432/2473/2095 9433/2476/2096
f 9431/2531/2095 9433/2476/2096 9434/2532/2097
s 0
f 9435/2532/2060 9436/2476/2060 9437/2478/2060
s 1
f 9435/2532/2060 9437/2478/2060 9438/2533/2060
s 0
f 9439/2533/2061 9440/2478/2061 9441/2480/2061
f 9439/2533/2061 9441/2480/2061 9442/2534/2061
f 9443/2534/2062 9444/2480/2062 9445/2482/2062
f 9443/2534/2062 9445/2482/2062 9446/2535/2062
f 9447/2535/2063 9448/2482/2063 9449/2484/2063
f 9447/2535/2063 9449/2484/2063 9450/2536/2063
f 9451/2536/2064 9452/2484/2064 9453/2459/2064
f 9451/2536/2064 9453/2459/2064 9454/2524/2064
o blockage.006_Material.016_0
v -2.195925 0.175867 5.552070
v -2.128293 0.840487 5.556069
v -2.198357 0.840487 5.670556
v -2.228425 0.175867 5.605175
v -2.228425 0.175867 5.605175
v -2.198357 0.840487 5.670556
v -2.324503 0.840487 5.663096
v -2.286939 0.175867 5.601715
v -2.286939 0.175867 5.601715
v -2.324503 0.840487 5.663096
v -2.380585 0.840487 5.541149
v -2.312954 0.175867 5.545149
v -2.312954 0.175867 5.545149
v -2.380585 0.840487 5.541149
v -2.310521 0.840487 5.426663
v -2.280454 0.175867 5.492043
v -2.280454 0.175867 5.492043
v -2.310521 0.840487 5.426663
v -2.184375 0.840487 5.434123
v -2.221939 0.175867 5.495503
v -2.221939 0.175867 5.495503
v -2.184375 0.840487 5.434123
v -2.128293 0.840487 5.556069
v -2.195925 0.175867 5.552070
v -2.198357 0.840487 5.670556
v -2.128293 0.840487 5.556069
v -2.184375 0.840487 5.434123
v -2.310521 0.840487 5.426663
v -2.380585 0.840487 5.541149
v -2.324503 0.840487 5.663096
v -2.195925 0.175867 5.552070
v -2.228425 0.175867 5.605175
v -2.286939 0.175867 5.601715
v -2.312954 0.175867 5.545149
v -2.280454 0.175867 5.492043
v -2.221939 0.175867 5.495503
vn 0.8495 -0.0896 0.5199
vn -0.0588 -0.0951 0.9937
vn -0.9049 -0.0896 0.4161
vn -0.8495 -0.0896 -0.5199
vn 0.0588 -0.0951 -0.9937
vn 0.9049 -0.0896 -0.4161
vn -0.0000 1.0000 -0.0000
vn -0.0000 -1.0000 -0.0000
vt 1.000000 0.500000
vt 1.000000 0.000000
vt 0.833333 0.000000
vt 0.833333 0.500000
vt 0.666667 0.000000
vt 0.666667 0.500000
vt 0.500000 0.000000
vt 0.500000 0.500000
vt 0.333333 0.000000
vt 0.333333 0.500000
vt 0.166667 0.000000
vt 0.166667 0.500000
vt -0.000000 0.000000
vt -0.000000 0.500000
vt 0.250000 0.990000
vt 0.042154 0.630000
vt 0.042154 0.870000
vt 0.250000 0.510000
vt 0.457846 0.870000
vt 0.457846 0.630000
vt 0.542154 0.630000
vt 0.750000 0.990000
vt 0.542154 0.870000
vt 0.750000 0.510000
vt 0.957846 0.870000
vt 0.957846 0.630000
s 0
usemtl Material.016
f 9455/2537/2098 9456/2538/2098 9457/2539/2098
f 9455/2537/2098 9457/2539/2098 9458/2540/2098
f 9459/2540/2099 9460/2539/2099 9461/2541/2099
f 9459/2540/2099 9461/2541/2099 9462/2542/2099
f 9463/2542/2100 9464/2541/2100 9465/2543/2100
f 9463/2542/2100 9465/2543/2100 9466/2544/2100
f 9467/2544/2101 9468/2543/2101 9469/2545/2101
f 9467/2544/2101 9469/2545/2101 9470/2546/2101
f 9471/2546/2102 9472/2545/2102 9473/2547/2102
f 9471/2546/2102 9473/2547/2102 9474/2548/2102
f 9475/2548/2103 9476/2547/2103 9477/2549/2103
f 9475/2548/2103 9477/2549/2103 9478/2550/2103
f 9483/2551/2104 9481/2552/2104 9482/2553/2104
f 9481/2552/2104 9483/2551/2104 9480/2554/2104
f 9480/2554/2104 9483/2551/2104 9484/2555/2104
f 9480/2554/2104 9484/2555/2104 9479/2556/2104
f 9490/2557/2105 9488/2558/2105 9489/2559/2105
f 9488/2558/2105 9490/2557/2105 9485/2560/2105
f 9488/2558/2105 9485/2560/2105 9487/2561/2105
f 9487/2561/2105 9485/2560/2105 9486/2562/2105
o blockage.006_white_0
v -2.260928 0.643186 5.734759
v -2.033752 0.643186 5.607685
v -2.039476 0.661246 5.605726
v -2.260565 0.661246 5.729395
v -2.260565 0.661246 5.729395
v -2.039476 0.661246 5.605726
v -2.055115 0.674466 5.600373
v -2.259573 0.674466 5.714739
v -2.259573 0.674466 5.714739
v -2.055115 0.674466 5.600373
v -2.076478 0.679306 5.593060
v -2.258219 0.679306 5.694720
v -2.258219 0.679306 5.694720
v -2.076478 0.679306 5.593060
v -2.097842 0.674466 5.585748
v -2.256864 0.674466 5.674700
v -2.256864 0.674466 5.674700
v -2.097842 0.674466 5.585748
v -2.165068 0.661246 5.580395
v -2.255873 0.661246 5.660044
v -2.255873 0.661246 5.660044
v -2.165068 0.661246 5.580395
v -2.170934 0.643186 5.578468
v -2.255510 0.643186 5.654680
v -2.255510 0.643186 5.654680
v -2.170934 0.643186 5.578468
v -2.113480 0.625126 5.580395
v -2.255873 0.625126 5.660044
v -2.255873 0.625126 5.660044
v -2.113480 0.625126 5.580395
v -2.097842 0.611905 5.585748
v -2.256864 0.611905 5.674700
v -2.256864 0.611905 5.674700
v -2.097842 0.611905 5.585748
v -2.076478 0.607065 5.593060
v -2.258219 0.607065 5.694720
v -2.258219 0.607065 5.694720
v -2.076478 0.607065 5.593060
v -2.055115 0.611905 5.600373
v -2.259573 0.611905 5.714739
v -2.259573 0.611905 5.714739
v -2.055115 0.611905 5.600373
v -2.039476 0.625126 5.605726
v -2.260565 0.625126 5.729395
v -2.260565 0.625126 5.729395
v -2.039476 0.625126 5.605726
v -2.033752 0.643186 5.607685
v -2.260928 0.643186 5.734759
v -2.033752 0.643186 5.607685
v -2.101808 0.643186 5.379555
v -2.105709 0.661246 5.383708
v -2.039476 0.661246 5.605726
v -2.039476 0.661246 5.605726
v -2.105709 0.661246 5.383708
v -2.116366 0.674467 5.395055
v -2.055115 0.674466 5.600373
v -2.055115 0.674466 5.600373
v -2.116366 0.674467 5.395055
v -2.130923 0.679306 5.410556
v -2.076478 0.679306 5.593060
v -2.076478 0.679306 5.593060
v -2.130923 0.679306 5.410556
v -2.145481 0.674467 5.426056
v -2.097842 0.674466 5.585748
v -2.097842 0.674466 5.585748
v -2.145481 0.674467 5.426056
v -2.156138 0.661246 5.437404
v -2.165068 0.661246 5.580395
v -2.165068 0.661246 5.580395
v -2.156138 0.661246 5.437404
v -2.193232 0.646955 5.468942
v -2.170934 0.643186 5.578468
v -2.170934 0.643186 5.578468
v -2.193232 0.646955 5.468942
v -2.156138 0.625126 5.437404
v -2.113480 0.625126 5.580395
v -2.113480 0.625126 5.580395
v -2.156138 0.625126 5.437404
v -2.145481 0.611905 5.426056
v -2.097842 0.611905 5.585748
v -2.097842 0.611905 5.585748
v -2.145481 0.611905 5.426056
v -2.130923 0.607065 5.410556
v -2.076478 0.607065 5.593060
v -2.076478 0.607065 5.593060
v -2.130923 0.607065 5.410556
v -2.116366 0.611905 5.395055
v -2.055115 0.611905 5.600373
v -2.055115 0.611905 5.600373
v -2.116366 0.611905 5.395055
v -2.105709 0.625126 5.383708
v -2.039476 0.625126 5.605726
v -2.039476 0.625126 5.605726
v -2.105709 0.625126 5.383708
v -2.101808 0.643186 5.379555
v -2.033752 0.643186 5.607685
v -2.101808 0.643186 5.379555
v -2.371044 0.643186 5.365637
v -2.367731 0.661246 5.370163
v -2.105709 0.661246 5.383708
v -2.105709 0.661246 5.383708
v -2.367731 0.661246 5.370163
v -2.358678 0.674467 5.382529
v -2.116366 0.674467 5.395055
v -2.116366 0.674467 5.395055
v -2.358678 0.674467 5.382529
v -2.346312 0.679306 5.399422
v -2.130923 0.679306 5.410556
v -2.130923 0.679306 5.410556
v -2.346312 0.679306 5.399422
v -2.333946 0.674467 5.416314
v -2.145481 0.674467 5.426056
v -2.145481 0.674467 5.426056
v -2.333946 0.674467 5.416314
v -2.311292 0.661246 5.450873
v -2.156138 0.661246 5.437404
v -2.156138 0.661246 5.437404
v -2.311292 0.661246 5.450873
v -2.307979 0.643186 5.455400
v -2.193232 0.646955 5.468942
v -2.193232 0.646955 5.468942
v -2.307979 0.643186 5.455400
v -2.324893 0.625126 5.428680
v -2.156138 0.625126 5.437404
v -2.156138 0.625126 5.437404
v -2.324893 0.625126 5.428680
v -2.333946 0.611905 5.416314
v -2.145481 0.611905 5.426056
v -2.145481 0.611905 5.426056
v -2.333946 0.611905 5.416314
v -2.346312 0.607065 5.399422
v -2.130923 0.607065 5.410556
v -2.130923 0.607065 5.410556
v -2.346312 0.607065 5.399422
v -2.358678 0.611905 5.382529
v -2.116366 0.611905 5.395055
v -2.116366 0.611905 5.395055
v -2.358678 0.611905 5.382529
v -2.367731 0.625126 5.370163
v -2.105709 0.625126 5.383708
v -2.105709 0.625126 5.383708
v -2.367731 0.625126 5.370163
v -2.371044 0.643186 5.365637
v -2.101808 0.643186 5.379555
v -2.371044 0.643186 5.365637
v -2.469386 0.643186 5.585166
v -2.463437 0.661246 5.583809
v -2.367731 0.661246 5.370163
v -2.367731 0.661246 5.370163
v -2.463437 0.661246 5.583809
v -2.447186 0.674466 5.580105
v -2.358678 0.674467 5.382529
v -2.358678 0.674467 5.382529
v -2.447186 0.674466 5.580105
v -2.424985 0.679306 5.575045
v -2.346312 0.679306 5.399422
v -2.346312 0.679306 5.399422
v -2.424985 0.679306 5.575045
v -2.402785 0.674466 5.569984
v -2.333946 0.674467 5.416314
v -2.333946 0.674467 5.416314
v -2.402785 0.674466 5.569984
v -2.349975 0.661246 5.566279
v -2.311292 0.661246 5.450873
v -2.311292 0.661246 5.450873
v -2.349975 0.661246 5.566279
v -2.344027 0.643186 5.564923
v -2.307979 0.643186 5.455400
v -2.307979 0.643186 5.455400
v -2.344027 0.643186 5.564923
v -2.386533 0.625126 5.566279
v -2.324893 0.625126 5.428680
v -2.324893 0.625126 5.428680
v -2.386533 0.625126 5.566279
v -2.402785 0.611905 5.569984
v -2.333946 0.611905 5.416314
v -2.333946 0.611905 5.416314
v -2.402785 0.611905 5.569984
v -2.424985 0.607065 5.575045
v -2.346312 0.607065 5.399422
v -2.346312 0.607065 5.399422
v -2.424985 0.607065 5.575045
v -2.447186 0.611905 5.580105
v -2.358678 0.611905 5.382529
v -2.358678 0.611905 5.382529
v -2.447186 0.611905 5.580105
v -2.463437 0.625126 5.583809
v -2.367731 0.625126 5.370163
v -2.367731 0.625126 5.370163
v -2.463437 0.625126 5.583809
v -2.469386 0.643186 5.585166
v -2.371044 0.643186 5.365637
v -2.469386 0.643186 5.585166
v -2.260928 0.643186 5.734759
v -2.260565 0.661246 5.729395
v -2.463437 0.661246 5.583809
v -2.463437 0.661246 5.583809
v -2.260565 0.661246 5.729395
v -2.259573 0.674466 5.714739
v -2.447186 0.674466 5.580105
v -2.447186 0.674466 5.580105
v -2.259573 0.674466 5.714739
v -2.258219 0.679306 5.694720
v -2.424985 0.679306 5.575045
v -2.424985 0.679306 5.575045
v -2.258219 0.679306 5.694720
v -2.256864 0.674466 5.674700
v -2.402785 0.674466 5.569984
v -2.402785 0.674466 5.569984
v -2.256864 0.674466 5.674700
v -2.255873 0.661246 5.660044
v -2.349975 0.661246 5.566279
v -2.349975 0.661246 5.566279
v -2.255873 0.661246 5.660044
v -2.255510 0.643186 5.654680
v -2.344027 0.643186 5.564923
v -2.344027 0.643186 5.564923
v -2.255510 0.643186 5.654680
v -2.255873 0.625126 5.660044
v -2.386533 0.625126 5.566279
v -2.386533 0.625126 5.566279
v -2.255873 0.625126 5.660044
v -2.256864 0.611905 5.674700
v -2.402785 0.611905 5.569984
v -2.402785 0.611905 5.569984
v -2.256864 0.611905 5.674700
v -2.258219 0.607065 5.694720
v -2.424985 0.607065 5.575045
v -2.424985 0.607065 5.575045
v -2.258219 0.607065 5.694720
v -2.259573 0.611905 5.714739
v -2.447186 0.611905 5.580105
v -2.447186 0.611905 5.580105
v -2.259573 0.611905 5.714739
v -2.260565 0.625126 5.729395
v -2.463437 0.625126 5.583809
v -2.463437 0.625126 5.583809
v -2.260565 0.625126 5.729395
v -2.260928 0.643186 5.734759
v -2.469386 0.643186 5.585166
v -2.261401 0.691472 5.741757
v -2.026285 0.691472 5.610241
v -2.032209 0.710164 5.608213
v -2.261025 0.710164 5.736205
v -2.261025 0.710164 5.736205
v -2.032209 0.710164 5.608213
v -2.048395 0.723847 5.602673
v -2.259999 0.723846 5.721037
v -2.259999 0.723846 5.721037
v -2.048395 0.723847 5.602673
v -2.070505 0.728855 5.595105
v -2.258597 0.728855 5.700317
v -2.258597 0.728855 5.700317
v -2.070505 0.728855 5.595105
v -2.092615 0.723847 5.587537
v -2.257196 0.723847 5.679598
v -2.257196 0.723847 5.679598
v -2.092615 0.723847 5.587537
v -2.160530 0.710164 5.582030
v -2.256170 0.710164 5.664430
v -2.256170 0.710164 5.664430
v -2.160530 0.710164 5.582030
v -2.166312 0.691472 5.579968
v -2.255794 0.691472 5.658878
v -2.255794 0.691472 5.658878
v -2.166312 0.691472 5.579968
v -2.108800 0.672781 5.581996
v -2.256170 0.672781 5.664430
v -2.256170 0.672781 5.664430
v -2.108800 0.672781 5.581996
v -2.092615 0.659098 5.587537
v -2.257196 0.659098 5.679598
v -2.257196 0.659098 5.679598
v -2.092615 0.659098 5.587537
v -2.070505 0.654090 5.595105
v -2.258597 0.654090 5.700317
v -2.258597 0.654090 5.700317
v -2.070505 0.654090 5.595105
v -2.048395 0.659098 5.602673
v -2.259999 0.659098 5.721037
v -2.259999 0.659098 5.721037
v -2.048395 0.659098 5.602673
v -2.032209 0.672781 5.608213
v -2.261025 0.672781 5.736205
v -2.261025 0.672781 5.736205
v -2.032209 0.672781 5.608213
v -2.026285 0.691472 5.610241
v -2.261401 0.691472 5.741757
v -2.026285 0.691472 5.610241
v -2.096720 0.691472 5.374137
v -2.100757 0.710163 5.378436
v -2.032209 0.710164 5.608213
v -2.032209 0.710164 5.608213
v -2.100757 0.710163 5.378436
v -2.111786 0.723846 5.390179
v -2.048395 0.723847 5.602673
v -2.048395 0.723847 5.602673
v -2.111786 0.723846 5.390179
v -2.126853 0.728855 5.406221
v -2.070505 0.728855 5.595105
v -2.070505 0.728855 5.595105
v -2.126853 0.728855 5.406221
v -2.141919 0.723846 5.422264
v -2.092615 0.723847 5.587537
v -2.092615 0.723847 5.587537
v -2.141919 0.723846 5.422264
v -2.186142 0.713933 5.461392
v -2.160530 0.710164 5.582030
v -2.160530 0.710164 5.582030
v -2.186142 0.713933 5.461392
v -2.190179 0.695241 5.465691
v -2.166312 0.691472 5.579968
v -2.166312 0.691472 5.579968
v -2.190179 0.695241 5.465691
v -2.152948 0.672781 5.434008
v -2.108800 0.672781 5.581996
v -2.108800 0.672781 5.581996
v -2.152948 0.672781 5.434008
v -2.141919 0.659098 5.422264
v -2.092615 0.659098 5.587537
v -2.092615 0.659098 5.587537
v -2.141919 0.659098 5.422264
v -2.126853 0.654090 5.406221
v -2.070505 0.654090 5.595105
v -2.070505 0.654090 5.595105
v -2.126853 0.654090 5.406221
v -2.111786 0.659098 5.390179
v -2.048395 0.659098 5.602673
v -2.048395 0.659098 5.602673
v -2.111786 0.659098 5.390179
v -2.100757 0.672781 5.378436
v -2.032209 0.672781 5.608213
v -2.032209 0.672781 5.608213
v -2.100757 0.672781 5.378436
v -2.096720 0.691472 5.374137
v -2.026285 0.691472 5.610241
v -2.096720 0.691472 5.374137
v -2.375367 0.691472 5.359733
v -2.371937 0.710163 5.364417
v -2.100757 0.710163 5.378436
v -2.100757 0.710163 5.378436
v -2.371937 0.710163 5.364417
v -2.362568 0.723846 5.377215
v -2.111786 0.723846 5.390179
v -2.111786 0.723846 5.390179
v -2.362568 0.723846 5.377215
v -2.349770 0.728855 5.394698
v -2.126853 0.728855 5.406221
v -2.126853 0.728855 5.406221
v -2.349770 0.728855 5.394698
v -2.336972 0.723846 5.412181
v -2.141919 0.723846 5.422264
v -2.314002 0.710163 5.447173
v -2.186142 0.713933 5.461392
v -2.186142 0.713933 5.461392
v -2.314002 0.710163 5.447173
v -2.310572 0.691472 5.451857
v -2.190179 0.695241 5.465691
v -2.190179 0.695241 5.465691
v -2.310572 0.691472 5.451857
v -2.327603 0.672781 5.424979
v -2.152948 0.672781 5.434008
v -2.152948 0.672781 5.434008
v -2.327603 0.672781 5.424979
v -2.336972 0.659098 5.412181
v -2.141919 0.659098 5.422264
v -2.141919 0.659098 5.422264
v -2.336972 0.659098 5.412181
v -2.349770 0.654090 5.394698
v -2.126853 0.654090 5.406221
v -2.126853 0.654090 5.406221
v -2.349770 0.654090 5.394698
v -2.362568 0.659098 5.377215
v -2.111786 0.659098 5.390179
v -2.111786 0.659098 5.390179
v -2.362568 0.659098 5.377215
v -2.371937 0.672781 5.364417
v -2.100757 0.672781 5.378436
v -2.100757 0.672781 5.378436
v -2.371937 0.672781 5.364417
v -2.375367 0.691472 5.359733
v -2.096720 0.691472 5.374137
v -2.375367 0.691472 5.359733
v -2.477145 0.691472 5.586934
v -2.470989 0.710164 5.585531
v -2.371937 0.710163 5.364417
v -2.371937 0.710163 5.364417
v -2.470989 0.710164 5.585531
v -2.454169 0.723847 5.581697
v -2.362568 0.723846 5.377215
v -2.362568 0.723846 5.377215
v -2.454169 0.723847 5.581697
v -2.431193 0.728855 5.576459
v -2.349770 0.728855 5.394698
v -2.349770 0.728855 5.394698
v -2.431193 0.728855 5.576459
v -2.408217 0.723847 5.571222
v -2.336972 0.723846 5.412181
v -2.336972 0.723846 5.412181
v -2.408217 0.723847 5.571222
v -2.354839 0.710164 5.567388
v -2.314002 0.710163 5.447173
v -2.314002 0.710163 5.447173
v -2.354839 0.710164 5.567388
v -2.348682 0.691472 5.565985
v -2.310572 0.691472 5.451857
v -2.310572 0.691472 5.451857
v -2.348682 0.691472 5.565985
v -2.391397 0.672781 5.567388
v -2.327603 0.672781 5.424979
v -2.327603 0.672781 5.424979
v -2.391397 0.672781 5.567388
v -2.408217 0.659098 5.571222
v -2.336972 0.659098 5.412181
v -2.336972 0.659098 5.412181
v -2.408217 0.659098 5.571222
v -2.431193 0.654090 5.576459
v -2.349770 0.654090 5.394698
v -2.349770 0.654090 5.394698
v -2.431193 0.654090 5.576459
v -2.454169 0.659098 5.581697
v -2.362568 0.659098 5.377215
v -2.362568 0.659098 5.377215
v -2.454169 0.659098 5.581697
v -2.470989 0.672781 5.585531
v -2.371937 0.672781 5.364417
v -2.371937 0.672781 5.364417
v -2.470989 0.672781 5.585531
v -2.477145 0.691472 5.586934
v -2.375367 0.691472 5.359733
v -2.477145 0.691472 5.586934
v -2.261401 0.691472 5.741757
v -2.261025 0.710164 5.736205
v -2.470989 0.710164 5.585531
v -2.470989 0.710164 5.585531
v -2.261025 0.710164 5.736205
v -2.259999 0.723846 5.721037
v -2.454169 0.723847 5.581697
v -2.454169 0.723847 5.581697
v -2.259999 0.723846 5.721037
v -2.258597 0.728855 5.700317
v -2.431193 0.728855 5.576459
v -2.431193 0.728855 5.576459
v -2.258597 0.728855 5.700317
v -2.257196 0.723847 5.679598
v -2.408217 0.723847 5.571222
v -2.408217 0.723847 5.571222
v -2.257196 0.723847 5.679598
v -2.256170 0.710164 5.664430
v -2.354839 0.710164 5.567388
v -2.354839 0.710164 5.567388
v -2.256170 0.710164 5.664430
v -2.255794 0.691472 5.658878
v -2.348682 0.691472 5.565985
v -2.348682 0.691472 5.565985
v -2.255794 0.691472 5.658878
v -2.256170 0.672781 5.664430
v -2.391397 0.672781 5.567388
v -2.391397 0.672781 5.567388
v -2.256170 0.672781 5.664430
v -2.257196 0.659098 5.679598
v -2.408217 0.659098 5.571222
v -2.408217 0.659098 5.571222
v -2.257196 0.659098 5.679598
v -2.258597 0.654090 5.700317
v -2.431193 0.654090 5.576459
v -2.431193 0.654090 5.576459
v -2.258597 0.654090 5.700317
v -2.259999 0.659098 5.721037
v -2.454169 0.659098 5.581697
v -2.454169 0.659098 5.581697
v -2.259999 0.659098 5.721037
v -2.261025 0.672781 5.736205
v -2.470989 0.672781 5.585531
v -2.470989 0.672781 5.585531
v -2.261025 0.672781 5.736205
v -2.261401 0.691472 5.741757
v -2.477145 0.691472 5.586934
vn 0.4737 0.2420 0.8468
vn 0.3573 0.6813 0.6388
vn 0.1350 0.9610 0.2414
vn -0.1350 0.9610 -0.2414
vn -0.2474 0.8969 -0.3665
vn -0.2473 0.8970 -0.3665
vn -0.2473 0.8969 -0.3665
vn -0.2474 0.8969 -0.3666
vn -0.6441 0.2444 -0.7248
vn -0.6443 0.2445 -0.7246
vn -0.3882 -0.7277 -0.5654
vn -0.3883 -0.7278 -0.5653
vn -0.3573 -0.6813 -0.6388
vn -0.1350 -0.9610 -0.2414
vn 0.1350 -0.9610 0.2414
vn 0.3573 -0.6813 0.6388
vn 0.4737 -0.2420 0.8468
vn 0.9245 0.2631 -0.2758
vn 0.6716 0.7133 -0.2004
vn 0.2440 0.9670 -0.0728
vn -0.2440 0.9670 0.0728
vn -0.3184 0.9471 0.0407
vn -0.5820 0.8121 0.0429
vn -0.5819 0.8121 0.0429
vn -0.5819 0.8121 0.0430
vn -0.3660 -0.9271 0.0803
vn -0.3660 -0.9272 0.0803
vn -0.6716 -0.7133 0.2004
vn -0.2440 -0.9670 0.0728
vn 0.2440 -0.9670 -0.0728
vn 0.6716 -0.7133 -0.2004
vn 0.9245 -0.2631 -0.2758
vn 0.0502 0.2341 -0.9709
vn 0.0384 0.6684 -0.7428
vn 0.0147 0.9583 -0.2853
vn -0.0147 0.9583 0.2853
vn 0.0054 0.8671 0.4981
vn 0.0054 0.8671 0.4980
vn -0.0107 0.7493 0.6621
vn -0.0107 0.7493 0.6622
vn -0.0106 0.7493 0.6622
vn -0.0106 0.7493 0.6621
vn -0.0327 -0.8299 0.5569
vn -0.0384 -0.6684 0.7428
vn -0.0147 -0.9583 0.2853
vn 0.0147 -0.9583 -0.2853
vn 0.0384 -0.6684 -0.7428
vn 0.0502 -0.2341 -0.9709
vn -0.8811 0.2606 -0.3947
vn -0.6430 0.7097 -0.2880
vn -0.2346 0.9664 -0.1051
vn 0.2346 0.9664 0.1051
vn 0.2865 0.9512 0.1145
vn 0.9159 0.2616 0.3043
vn 0.9160 0.2616 0.3042
vn 0.9160 0.2616 0.3043
vn 0.4540 -0.8728 0.1795
vn 0.4539 -0.8728 0.1794
vn 0.4539 -0.8728 0.1795
vn 0.6430 -0.7097 0.2880
vn 0.2346 -0.9664 0.1051
vn -0.2346 -0.9664 -0.1051
vn -0.6430 -0.7097 -0.2880
vn -0.8811 -0.2606 -0.3947
vn -0.5652 0.2453 0.7876
vn -0.4239 0.6866 0.5907
vn -0.1591 0.9620 0.2218
vn 0.1591 0.9620 -0.2218
vn 0.3053 0.8777 -0.3692
vn 0.3054 0.8777 -0.3693
vn 0.6869 0.2472 -0.6835
vn 0.6868 0.2472 -0.6835
vn 0.4761 -0.6709 -0.5686
vn 0.4761 -0.6708 -0.5686
vn 0.4760 -0.6709 -0.5686
vn 0.4239 -0.6866 -0.5907
vn 0.1591 -0.9620 -0.2218
vn -0.1591 -0.9620 0.2218
vn -0.4239 -0.6866 0.5907
vn -0.5652 -0.2453 0.7876
vn -0.2502 0.8934 -0.3732
vn -0.2502 0.8934 -0.3731
vn -0.6376 0.2412 -0.7317
vn -0.6375 0.2412 -0.7317
vn -0.3926 -0.7168 -0.5763
vn -0.3925 -0.7168 -0.5762
vn -0.3926 -0.7168 -0.5762
vn -0.1877 0.9803 0.0621
vn -0.1876 0.9803 0.0621
vn -0.9431 0.2601 0.2070
vn -0.3747 -0.9233 0.0839
vn -0.3748 -0.9233 0.0839
vn 0.0384 0.6685 -0.7428
vn -0.0247 0.9566 0.2902
vn -0.0240 0.9568 0.2897
vn -0.0333 0.9551 0.2945
vn -0.1162 0.2338 0.9653
vn -0.1162 0.2339 0.9653
vn -0.0334 -0.8231 0.5669
vn -0.0384 -0.6685 0.7428
vn 0.0384 -0.6685 -0.7428
vn 0.2923 0.9491 0.1173
vn 0.9147 0.2616 0.3081
vn 0.9147 0.2616 0.3080
vn 0.4637 -0.8666 0.1842
vn 0.3086 0.8741 -0.3752
vn 0.3087 0.8741 -0.3752
vn 0.3087 0.8740 -0.3752
vn 0.3086 0.8741 -0.3751
vn 0.6822 0.2472 -0.6881
vn 0.4802 -0.6609 -0.5767
vn 0.4802 -0.6608 -0.5768
vn 0.4802 -0.6609 -0.5768
vt 0.600000 0.500000
vt 0.800000 0.500000
vt 0.800000 0.416667
vt 0.600000 0.416667
vt 0.800000 0.333333
vt 0.600000 0.333333
vt 0.800000 0.250000
vt 0.600000 0.250000
vt 0.800000 0.166667
vt 0.600000 0.166667
vt 0.800000 0.083333
vt 0.600000 0.083333
vt 0.800000 0.000000
vt 0.600000 0.000000
vt 0.600000 1.000000
vt 0.800000 1.000000
vt 0.800000 0.916667
vt 0.600000 0.916667
vt 0.800000 0.833333
vt 0.600000 0.833333
vt 0.800000 0.750000
vt 0.600000 0.750000
vt 0.800000 0.666667
vt 0.600000 0.666667
vt 0.800000 0.583333
vt 0.600000 0.583333
vt 1.000000 0.500000
vt 1.000000 0.416667
vt 1.000000 0.333333
vt 1.000000 0.250000
vt 1.000000 0.166667
vt 1.000000 0.083333
vt 1.000000 0.000000
vt 1.000000 1.000000
vt 1.000000 0.916667
vt 1.000000 0.833333
vt 1.000000 0.750000
vt 1.000000 0.666667
vt 1.000000 0.583333
vt 0.000000 0.500000
vt 0.200000 0.500000
vt 0.200000 0.416667
vt 0.000000 0.416667
vt 0.200000 0.333333
vt 0.000000 0.333333
vt 0.200000 0.250000
vt 0.000000 0.250000
vt 0.200000 0.166667
vt 0.000000 0.166667
vt 0.200000 0.083333
vt 0.000000 0.083333
vt 0.200000 0.000000
vt 0.000000 0.000000
vt 0.000000 1.000000
vt 0.200000 1.000000
vt 0.200000 0.916667
vt 0.000000 0.916667
vt 0.200000 0.833333
vt 0.000000 0.833333
vt 0.200000 0.750000
vt 0.000000 0.750000
vt 0.200000 0.666667
vt 0.000000 0.666667
vt 0.200000 0.583333
vt 0.000000 0.583333
vt 0.400000 0.500000
vt 0.400000 0.416667
vt 0.400000 0.333333
vt 0.400000 0.250000
vt 0.400000 0.166667
vt 0.400000 0.083333
vt 0.400000 0.000000
vt 0.400000 1.000000
vt 0.400000 0.916667
vt 0.400000 0.833333
vt 0.400000 0.750000
vt 0.400000 0.666667
vt 0.400000 0.583333
s 0
usemtl white
f 9491/2563/2106 9492/2564/2106 9493/2565/2106
f 9491/2563/2106 9493/2565/2106 9494/2566/2106
f 9495/2566/2107 9496/2565/2107 9497/2567/2107
f 9495/2566/2107 9497/2567/2107 9498/2568/2107
f 9499/2568/2108 9500/2567/2108 9501/2569/2108
f 9499/2568/2108 9501/2569/2108 9502/2570/2108
f 9503/2570/2109 9504/2569/2109 9505/2571/2109
f 9503/2570/2109 9505/2571/2109 9506/2572/2109
s 1
f 9507/2572/2110 9508/2571/2111 9509/2573/2112
f 9507/2572/2110 9509/2573/2112 9510/2574/2113
f 9511/2574/2114 9512/2573/2115 9513/2575/2114
f 9511/2574/2114 9513/2575/2114 9514/2576/2114
f 9515/2577/2116 9516/2578/2117 9517/2579/2117
f 9515/2577/2116 9517/2579/2117 9518/2580/2117
s 0
f 9519/2580/2118 9520/2579/2118 9521/2581/2118
f 9519/2580/2118 9521/2581/2118 9522/2582/2118
f 9523/2582/2119 9524/2581/2119 9525/2583/2119
f 9523/2582/2119 9525/2583/2119 9526/2584/2119
f 9527/2584/2120 9528/2583/2120 9529/2585/2120
f 9527/2584/2120 9529/2585/2120 9530/2586/2120
f 9531/2586/2121 9532/2585/2121 9533/2587/2121
f 9531/2586/2121 9533/2587/2121 9534/2588/2121
f 9535/2588/2122 9536/2587/2122 9537/2564/2122
f 9535/2588/2122 9537/2564/2122 9538/2563/2122
f 9539/2564/2123 9540/2589/2123 9541/2590/2123
f 9539/2564/2123 9541/2590/2123 9542/2565/2123
s 1
f 9543/2565/2124 9544/2590/2124 9545/2591/2124
s 0
f 9543/2565/2124 9545/2591/2124 9546/2567/2124
f 9547/2567/2125 9548/2591/2125 9549/2592/2125
f 9547/2567/2125 9549/2592/2125 9550/2569/2125
f 9551/2569/2126 9552/2592/2126 9553/2593/2126
f 9551/2569/2126 9553/2593/2126 9554/2571/2126
s 1
f 9555/2571/2127 9556/2593/2127 9557/2594/2127
f 9555/2571/2127 9557/2594/2127 9558/2573/2127
f 9559/2573/2128 9560/2594/2129 9561/2595/2129
f 9559/2573/2128 9561/2595/2129 9562/2575/2130
f 9563/2578/2131 9564/2596/2131 9565/2597/2131
f 9563/2578/2131 9565/2597/2131 9566/2579/2132
f 9567/2579/2133 9568/2597/2133 9569/2598/2133
s 0
f 9567/2579/2133 9569/2598/2133 9570/2581/2133
f 9571/2581/2134 9572/2598/2134 9573/2599/2134
f 9571/2581/2134 9573/2599/2134 9574/2583/2134
f 9575/2583/2135 9576/2599/2135 9577/2600/2135
f 9575/2583/2135 9577/2600/2135 9578/2585/2135
f 9579/2585/2136 9580/2600/2136 9581/2601/2136
f 9579/2585/2136 9581/2601/2136 9582/2587/2136
f 9583/2587/2137 9584/2601/2137 9585/2589/2137
f 9583/2587/2137 9585/2589/2137 9586/2564/2137
f 9587/2602/2138 9588/2603/2138 9589/2604/2138
f 9587/2602/2138 9589/2604/2138 9590/2605/2138
s 1
f 9591/2605/2139 9592/2604/2139 9593/2606/2139
s 0
f 9591/2605/2139 9593/2606/2139 9594/2607/2139
f 9595/2607/2140 9596/2606/2140 9597/2608/2140
f 9595/2607/2140 9597/2608/2140 9598/2609/2140
f 9599/2609/2141 9600/2608/2141 9601/2610/2141
f 9599/2609/2141 9601/2610/2141 9602/2611/2141
s 1
f 9603/2611/2142 9604/2610/2143 9605/2612/2143
f 9603/2611/2142 9605/2612/2143 9606/2613/2142
f 9607/2613/2144 9608/2612/2145 9609/2614/2146
f 9607/2613/2144 9609/2614/2146 9610/2615/2147
f 9611/2616/2148 9612/2617/2148 9613/2618/2148
f 9611/2616/2148 9613/2618/2148 9614/2619/2148
s 0
f 9615/2619/2149 9616/2618/2149 9617/2620/2149
f 9615/2619/2149 9617/2620/2149 9618/2621/2149
f 9619/2621/2150 9620/2620/2150 9621/2622/2150
f 9619/2621/2150 9621/2622/2150 9622/2623/2150
f 9623/2623/2151 9624/2622/2151 9625/2624/2151
f 9623/2623/2151 9625/2624/2151 9626/2625/2151
f 9627/2625/2152 9628/2624/2152 9629/2626/2152
f 9627/2625/2152 9629/2626/2152 9630/2627/2152
s 1
f 9631/2627/2153 9632/2626/2153 9633/2603/2153
s 0
f 9631/2627/2153 9633/2603/2153 9634/2602/2153
f 9635/2603/2154 9636/2628/2154 9637/2629/2154
f 9635/2603/2154 9637/2629/2154 9638/2604/2154
f 9639/2604/2155 9640/2629/2155 9641/2630/2155
f 9639/2604/2155 9641/2630/2155 9642/2606/2155
f 9643/2606/2156 9644/2630/2156 9645/2631/2156
f 9643/2606/2156 9645/2631/2156 9646/2608/2156
f 9647/2608/2157 9648/2631/2157 9649/2632/2157
f 9647/2608/2157 9649/2632/2157 9650/2610/2157
s 1
f 9651/2610/2158 9652/2632/2158 9653/2633/2158
f 9651/2610/2158 9653/2633/2158 9654/2612/2158
f 9655/2612/2159 9656/2633/2160 9657/2634/2159
f 9655/2612/2159 9657/2634/2159 9658/2614/2161
f 9659/2617/2162 9660/2635/2163 9661/2636/2163
f 9659/2617/2162 9661/2636/2163 9662/2618/2164
s 0
f 9663/2618/2165 9664/2636/2165 9665/2637/2165
f 9663/2618/2165 9665/2637/2165 9666/2620/2165
f 9667/2620/2166 9668/2637/2166 9669/2638/2166
f 9667/2620/2166 9669/2638/2166 9670/2622/2166
f 9671/2622/2167 9672/2638/2167 9673/2639/2167
f 9671/2622/2167 9673/2639/2167 9674/2624/2167
f 9675/2624/2168 9676/2639/2168 9677/2640/2168
f 9675/2624/2168 9677/2640/2168 9678/2626/2168
f 9679/2626/2169 9680/2640/2169 9681/2628/2169
f 9679/2626/2169 9681/2628/2169 9682/2603/2169
f 9683/2628/2170 9684/2563/2170 9685/2566/2170
f 9683/2628/2170 9685/2566/2170 9686/2629/2170
f 9687/2629/2171 9688/2566/2171 9689/2568/2171
f 9687/2629/2171 9689/2568/2171 9690/2630/2171
f 9691/2630/2172 9692/2568/2172 9693/2570/2172
f 9691/2630/2172 9693/2570/2172 9694/2631/2172
f 9695/2631/2173 9696/2570/2173 9697/2572/2173
f 9695/2631/2173 9697/2572/2173 9698/2632/2173
s 1
f 9699/2632/2174 9700/2572/2175 9701/2574/2175
f 9699/2632/2174 9701/2574/2175 9702/2633/2174
f 9703/2633/2176 9704/2574/2176 9705/2576/2177
f 9703/2633/2176 9705/2576/2177 9706/2634/2176
f 9707/2635/2178 9708/2577/2179 9709/2580/2179
f 9707/2635/2178 9709/2580/2179 9710/2636/2180
s 0
f 9711/2636/2181 9712/2580/2181 9713/2582/2181
f 9711/2636/2181 9713/2582/2181 9714/2637/2181
f 9715/2637/2182 9716/2582/2182 9717/2584/2182
f 9715/2637/2182 9717/2584/2182 9718/2638/2182
f 9719/2638/2183 9720/2584/2183 9721/2586/2183
f 9719/2638/2183 9721/2586/2183 9722/2639/2183
f 9723/2639/2184 9724/2586/2184 9725/2588/2184
f 9723/2639/2184 9725/2588/2184 9726/2640/2184
f 9727/2640/2185 9728/2588/2185 9729/2563/2185
f 9727/2640/2185 9729/2563/2185 9730/2628/2185
f 9731/2563/2106 9732/2564/2106 9733/2565/2106
f 9731/2563/2106 9733/2565/2106 9734/2566/2106
f 9735/2566/2107 9736/2565/2107 9737/2567/2107
f 9735/2566/2107 9737/2567/2107 9738/2568/2107
f 9739/2568/2108 9740/2567/2108 9741/2569/2108
f 9739/2568/2108 9741/2569/2108 9742/2570/2108
f 9743/2570/2109 9744/2569/2109 9745/2571/2109
f 9743/2570/2109 9745/2571/2109 9746/2572/2109
s 1
f 9747/2572/2186 9748/2571/2187 9749/2573/2186
f 9747/2572/2186 9749/2573/2186 9750/2574/2186
f 9751/2574/2188 9752/2573/2189 9753/2575/2188
f 9751/2574/2188 9753/2575/2188 9754/2576/2188
f 9755/2577/2190 9756/2578/2191 9757/2579/2192
f 9755/2577/2190 9757/2579/2192 9758/2580/2192
s 0
f 9759/2580/2118 9760/2579/2118 9761/2581/2118
f 9759/2580/2118 9761/2581/2118 9762/2582/2118
f 9763/2582/2119 9764/2581/2119 9765/2583/2119
f 9763/2582/2119 9765/2583/2119 9766/2584/2119
f 9767/2584/2120 9768/2583/2120 9769/2585/2120
f 9767/2584/2120 9769/2585/2120 9770/2586/2120
f 9771/2586/2121 9772/2585/2121 9773/2587/2121
f 9771/2586/2121 9773/2587/2121 9774/2588/2121
f 9775/2588/2122 9776/2587/2122 9777/2564/2122
f 9775/2588/2122 9777/2564/2122 9778/2563/2122
f 9779/2564/2123 9780/2589/2123 9781/2590/2123
f 9779/2564/2123 9781/2590/2123 9782/2565/2123
f 9783/2565/2124 9784/2590/2124 9785/2591/2124
f 9783/2565/2124 9785/2591/2124 9786/2567/2124
f 9787/2567/2125 9788/2591/2125 9789/2592/2125
f 9787/2567/2125 9789/2592/2125 9790/2569/2125
f 9791/2569/2126 9792/2592/2126 9793/2593/2126
f 9791/2569/2126 9793/2593/2126 9794/2571/2126
s 1
f 9795/2571/2193 9796/2593/2193 9797/2594/2194
f 9795/2571/2193 9797/2594/2194 9798/2573/2193
f 9799/2573/2195 9800/2594/2195 9801/2595/2195
f 9799/2573/2195 9801/2595/2195 9802/2575/2195
f 9803/2578/2196 9804/2596/2197 9805/2597/2197
f 9803/2578/2196 9805/2597/2197 9806/2579/2196
s 0
f 9807/2579/2133 9808/2597/2133 9809/2598/2133
f 9807/2579/2133 9809/2598/2133 9810/2581/2133
f 9811/2581/2134 9812/2598/2134 9813/2599/2134
f 9811/2581/2134 9813/2599/2134 9814/2583/2134
f 9815/2583/2135 9816/2599/2135 9817/2600/2135
f 9815/2583/2135 9817/2600/2135 9818/2585/2135
f 9819/2585/2136 9820/2600/2136 9821/2601/2136
f 9819/2585/2136 9821/2601/2136 9822/2587/2136
f 9823/2587/2137 9824/2601/2137 9825/2589/2137
f 9823/2587/2137 9825/2589/2137 9826/2564/2137
f 9827/2602/2138 9828/2603/2138 9829/2604/2138
f 9827/2602/2138 9829/2604/2138 9830/2605/2138
f 9831/2605/2198 9832/2604/2198 9833/2606/2198
f 9831/2605/2139 9833/2606/2139 9834/2607/2139
f 9835/2607/2140 9836/2606/2140 9837/2608/2140
f 9835/2607/2140 9837/2608/2140 9838/2609/2140
s 1
f 9839/2609/2141 9840/2608/2141 9841/2610/2199
f 9839/2609/2141 9841/2610/2199 9842/2611/2200
f 9842/2611/2200 9841/2610/2199 9843/2612/2201
f 9842/2611/2200 9843/2612/2201 9844/2613/2201
f 9845/2613/2202 9846/2612/2202 9847/2614/2203
f 9845/2613/2202 9847/2614/2203 9848/2615/2202
f 9849/2616/2204 9850/2617/2204 9851/2618/2204
f 9849/2616/2204 9851/2618/2204 9852/2619/2204
s 0
f 9853/2619/2205 9854/2618/2205 9855/2620/2205
f 9853/2619/2205 9855/2620/2205 9856/2621/2205
f 9857/2621/2150 9858/2620/2150 9859/2622/2150
f 9857/2621/2150 9859/2622/2150 9860/2623/2150
f 9861/2623/2151 9862/2622/2151 9863/2624/2151
f 9861/2623/2151 9863/2624/2151 9864/2625/2151
f 9865/2625/2206 9866/2624/2206 9867/2626/2206
f 9865/2625/2152 9867/2626/2152 9868/2627/2152
f 9869/2627/2153 9870/2626/2153 9871/2603/2153
f 9869/2627/2153 9871/2603/2153 9872/2602/2153
f 9873/2603/2154 9874/2628/2154 9875/2629/2154
f 9873/2603/2154 9875/2629/2154 9876/2604/2154
f 9877/2604/2155 9878/2629/2155 9879/2630/2155
f 9877/2604/2155 9879/2630/2155 9880/2606/2155
f 9881/2606/2156 9882/2630/2156 9883/2631/2156
f 9881/2606/2156 9883/2631/2156 9884/2608/2156
f 9885/2608/2157 9886/2631/2157 9887/2632/2157
f 9885/2608/2157 9887/2632/2157 9888/2610/2157
s 1
f 9889/2610/2207 9890/2632/2207 9891/2633/2207
f 9889/2610/2207 9891/2633/2207 9892/2612/2207
f 9893/2612/2208 9894/2633/2209 9895/2634/2208
f 9893/2612/2208 9895/2634/2208 9896/2614/2208
f 9897/2617/2210 9898/2635/2210 9899/2636/2210
f 9897/2617/2210 9899/2636/2210 9900/2618/2210
s 0
f 9901/2618/2165 9902/2636/2165 9903/2637/2165
f 9901/2618/2165 9903/2637/2165 9904/2620/2165
s 1
f 9905/2620/2166 9906/2637/2166 9907/2638/2166
s 0
f 9905/2620/2166 9907/2638/2166 9908/2622/2166
f 9909/2622/2167 9910/2638/2167 9911/2639/2167
f 9909/2622/2167 9911/2639/2167 9912/2624/2167
f 9913/2624/2168 9914/2639/2168 9915/2640/2168
f 9913/2624/2168 9915/2640/2168 9916/2626/2168
f 9917/2626/2169 9918/2640/2169 9919/2628/2169
f 9917/2626/2169 9919/2628/2169 9920/2603/2169
f 9921/2628/2170 9922/2563/2170 9923/2566/2170
f 9921/2628/2170 9923/2566/2170 9924/2629/2170
f 9925/2629/2171 9926/2566/2171 9927/2568/2171
f 9925/2629/2171 9927/2568/2171 9928/2630/2171
f 9929/2630/2172 9930/2568/2172 9931/2570/2172
f 9929/2630/2172 9931/2570/2172 9932/2631/2172
f 9933/2631/2173 9934/2570/2173 9935/2572/2173
f 9933/2631/2173 9935/2572/2173 9936/2632/2173
s 1
f 9937/2632/2211 9938/2572/2212 9939/2574/2213
f 9937/2632/2211 9939/2574/2213 9940/2633/2214
f 9941/2633/2215 9942/2574/2215 9943/2576/2215
f 9941/2633/2215 9943/2576/2215 9944/2634/2215
f 9945/2635/2216 9946/2577/2216 9947/2580/2217
f 9945/2635/2216 9947/2580/2217 9948/2636/2218
s 0
f 9949/2636/2181 9950/2580/2181 9951/2582/2181
s 1
f 9949/2636/2181 9951/2582/2181 9952/2637/2181
s 0
f 9953/2637/2182 9954/2582/2182 9955/2584/2182
f 9953/2637/2182 9955/2584/2182 9956/2638/2182
f 9957/2638/2183 9958/2584/2183 9959/2586/2183
f 9957/2638/2183 9959/2586/2183 9960/2639/2183
f 9961/2639/2184 9962/2586/2184 9963/2588/2184
f 9961/2639/2184 9963/2588/2184 9964/2640/2184
f 9965/2640/2185 9966/2588/2185 9967/2563/2185
f 9965/2640/2185 9967/2563/2185 9968/2628/2185
o blockage.007_Material.016_0
v -2.279433 0.175867 6.221076
v -2.211801 0.840487 6.225076
v -2.281865 0.840487 6.339562
v -2.311933 0.175867 6.274182
v -2.311933 0.175867 6.274182
v -2.281865 0.840487 6.339562
v -2.408011 0.840487 6.332102
v -2.370447 0.175867 6.270721
v -2.370447 0.175867 6.270721
v -2.408011 0.840487 6.332102
v -2.464093 0.840487 6.210155
v -2.396462 0.175867 6.214155
v -2.396462 0.175867 6.214155
v -2.464093 0.840487 6.210155
v -2.394029 0.840487 6.095669
v -2.363962 0.175867 6.161049
v -2.363962 0.175867 6.161049
v -2.394029 0.840487 6.095669
v -2.267883 0.840487 6.103129
v -2.305447 0.175867 6.164509
v -2.305447 0.175867 6.164509
v -2.267883 0.840487 6.103129
v -2.211801 0.840487 6.225076
v -2.279433 0.175867 6.221076
v -2.281865 0.840487 6.339562
v -2.211801 0.840487 6.225076
v -2.267883 0.840487 6.103129
v -2.394029 0.840487 6.095669
v -2.464093 0.840487 6.210155
v -2.408011 0.840487 6.332102
v -2.279433 0.175867 6.221076
v -2.311933 0.175867 6.274182
v -2.370447 0.175867 6.270721
v -2.396462 0.175867 6.214155
v -2.363962 0.175867 6.161049
v -2.305447 0.175867 6.164509
vn 0.8495 -0.0896 0.5199
vn -0.0588 -0.0951 0.9937
vn -0.9049 -0.0896 0.4161
vn -0.8495 -0.0896 -0.5199
vn 0.0588 -0.0951 -0.9937
vn 0.9049 -0.0896 -0.4161
vn -0.0000 1.0000 -0.0000
vn -0.0000 -1.0000 -0.0000
vt 1.000000 0.500000
vt 1.000000 0.000000
vt 0.833333 0.000000
vt 0.833333 0.500000
vt 0.666667 0.000000
vt 0.666667 0.500000
vt 0.500000 0.000000
vt 0.500000 0.500000
vt 0.333333 0.000000
vt 0.333333 0.500000
vt 0.166667 0.000000
vt 0.166667 0.500000
vt -0.000000 0.000000
vt -0.000000 0.500000
vt 0.250000 0.990000
vt 0.042154 0.630000
vt 0.042154 0.870000
vt 0.250000 0.510000
vt 0.457846 0.870000
vt 0.457846 0.630000
vt 0.542154 0.630000
vt 0.750000 0.990000
vt 0.542154 0.870000
vt 0.750000 0.510000
vt 0.957846 0.870000
vt 0.957846 0.630000
s 0
usemtl Material.016
f 9969/2641/2219 9970/2642/2219 9971/2643/2219
f 9969/2641/2219 9971/2643/2219 9972/2644/2219
f 9973/2644/2220 9974/2643/2220 9975/2645/2220
f 9973/2644/2220 9975/2645/2220 9976/2646/2220
f 9977/2646/2221 9978/2645/2221 9979/2647/2221
f 9977/2646/2221 9979/2647/2221 9980/2648/2221
f 9981/2648/2222 9982/2647/2222 9983/2649/2222
f 9981/2648/2222 9983/2649/2222 9984/2650/2222
f 9985/2650/2223 9986/2649/2223 9987/2651/2223
f 9985/2650/2223 9987/2651/2223 9988/2652/2223
f 9989/2652/2224 9990/2651/2224 9991/2653/2224
f 9989/2652/2224 9991/2653/2224 9992/2654/2224
f 9997/2655/2225 9995/2656/2225 9996/2657/2225
f 9995/2656/2225 9997/2655/2225 9994/2658/2225
f 9994/2658/2225 9997/2655/2225 9998/2659/2225
f 9994/2658/2225 9998/2659/2225 9993/2660/2225
f 10004/2661/2226 10002/2662/2226 10003/2663/2226
f 10002/2662/2226 10004/2661/2226 9999/2664/2226
f 10002/2662/2226 9999/2664/2226 10001/2665/2226
f 10001/2665/2226 9999/2664/2226 10000/2666/2226
o blockage.007_white_0
v -2.344436 0.643186 6.403766
v -2.117260 0.643186 6.276691
v -2.122984 0.661246 6.274732
v -2.344073 0.661246 6.398401
v -2.344073 0.661246 6.398401
v -2.122984 0.661246 6.274732
v -2.138623 0.674466 6.269379
v -2.343081 0.674466 6.383746
v -2.343081 0.674466 6.383746
v -2.138623 0.674466 6.269379
v -2.159986 0.679306 6.262066
v -2.341727 0.679306 6.363726
v -2.341727 0.679306 6.363726
v -2.159986 0.679306 6.262066
v -2.181350 0.674466 6.254754
v -2.340372 0.674466 6.343706
v -2.340372 0.674466 6.343706
v -2.181350 0.674466 6.254754
v -2.248576 0.661246 6.249401
v -2.339381 0.661246 6.329051
v -2.339381 0.661246 6.329051
v -2.248576 0.661246 6.249401
v -2.254442 0.643186 6.247475
v -2.339018 0.643186 6.323686
v -2.339018 0.643186 6.323686
v -2.254442 0.643186 6.247475
v -2.196988 0.625126 6.249401
v -2.339381 0.625126 6.329051
v -2.339381 0.625126 6.329051
v -2.196988 0.625126 6.249401
v -2.181350 0.611905 6.254754
v -2.340372 0.611905 6.343706
v -2.340372 0.611905 6.343706
v -2.181350 0.611905 6.254754
v -2.159986 0.607065 6.262066
v -2.341727 0.607065 6.363726
v -2.341727 0.607065 6.363726
v -2.159986 0.607065 6.262066
v -2.138623 0.611905 6.269379
v -2.343081 0.611905 6.383746
v -2.343081 0.611905 6.383746
v -2.138623 0.611905 6.269379
v -2.122984 0.625126 6.274732
v -2.344073 0.625126 6.398401
v -2.344073 0.625126 6.398401
v -2.122984 0.625126 6.274732
v -2.117260 0.643186 6.276691
v -2.344436 0.643186 6.403766
v -2.117260 0.643186 6.276691
v -2.185316 0.643186 6.048561
v -2.189217 0.661246 6.052714
v -2.122984 0.661246 6.274732
v -2.122984 0.661246 6.274732
v -2.189217 0.661246 6.052714
v -2.199874 0.674467 6.064062
v -2.138623 0.674466 6.269379
v -2.138623 0.674466 6.269379
v -2.199874 0.674467 6.064062
v -2.214431 0.679306 6.079562
v -2.159986 0.679306 6.262066
v -2.159986 0.679306 6.262066
v -2.214431 0.679306 6.079562
v -2.228989 0.674467 6.095063
v -2.181350 0.674466 6.254754
v -2.181350 0.674466 6.254754
v -2.228989 0.674467 6.095063
v -2.239646 0.661246 6.106410
v -2.248576 0.661246 6.249401
v -2.248576 0.661246 6.249401
v -2.239646 0.661246 6.106410
v -2.276740 0.646955 6.137948
v -2.254442 0.643186 6.247475
v -2.254442 0.643186 6.247475
v -2.276740 0.646955 6.137948
v -2.239646 0.625126 6.106410
v -2.196988 0.625126 6.249401
v -2.196988 0.625126 6.249401
v -2.239646 0.625126 6.106410
v -2.228989 0.611905 6.095063
v -2.181350 0.611905 6.254754
v -2.181350 0.611905 6.254754
v -2.228989 0.611905 6.095063
v -2.214431 0.607065 6.079562
v -2.159986 0.607065 6.262066
v -2.159986 0.607065 6.262066
v -2.214431 0.607065 6.079562
v -2.199874 0.611905 6.064062
v -2.138623 0.611905 6.269379
v -2.138623 0.611905 6.269379
v -2.199874 0.611905 6.064062
v -2.189217 0.625126 6.052714
v -2.122984 0.625126 6.274732
v -2.122984 0.625126 6.274732
v -2.189217 0.625126 6.052714
v -2.185316 0.643186 6.048561
v -2.117260 0.643186 6.276691
v -2.185316 0.643186 6.048561
v -2.454552 0.643186 6.034643
v -2.451239 0.661246 6.039169
v -2.189217 0.661246 6.052714
v -2.189217 0.661246 6.052714
v -2.451239 0.661246 6.039169
v -2.442186 0.674467 6.051536
v -2.199874 0.674467 6.064062
v -2.199874 0.674467 6.064062
v -2.442186 0.674467 6.051536
v -2.429820 0.679306 6.068428
v -2.214431 0.679306 6.079562
v -2.214431 0.679306 6.079562
v -2.429820 0.679306 6.068428
v -2.417454 0.674467 6.085320
v -2.228989 0.674467 6.095063
v -2.228989 0.674467 6.095063
v -2.417454 0.674467 6.085320
v -2.394800 0.661246 6.119880
v -2.239646 0.661246 6.106410
v -2.239646 0.661246 6.106410
v -2.394800 0.661246 6.119880
v -2.391487 0.643186 6.124406
v -2.276740 0.646955 6.137948
v -2.276740 0.646955 6.137948
v -2.391487 0.643186 6.124406
v -2.408401 0.625126 6.097686
v -2.239646 0.625126 6.106410
v -2.239646 0.625126 6.106410
v -2.408401 0.625126 6.097686
v -2.417454 0.611905 6.085320
v -2.228989 0.611905 6.095063
v -2.228989 0.611905 6.095063
v -2.417454 0.611905 6.085320
v -2.429820 0.607065 6.068428
v -2.214431 0.607065 6.079562
v -2.214431 0.607065 6.079562
v -2.429820 0.607065 6.068428
v -2.442186 0.611905 6.051536
v -2.199874 0.611905 6.064062
v -2.199874 0.611905 6.064062
v -2.442186 0.611905 6.051536
v -2.451239 0.625126 6.039169
v -2.189217 0.625126 6.052714
v -2.189217 0.625126 6.052714
v -2.451239 0.625126 6.039169
v -2.454552 0.643186 6.034643
v -2.185316 0.643186 6.048561
v -2.454552 0.643186 6.034643
v -2.552894 0.643186 6.254172
v -2.546945 0.661246 6.252816
v -2.451239 0.661246 6.039169
v -2.451239 0.661246 6.039169
v -2.546945 0.661246 6.252816
v -2.530694 0.674466 6.249111
v -2.442186 0.674467 6.051536
v -2.442186 0.674467 6.051536
v -2.530694 0.674466 6.249111
v -2.508493 0.679306 6.244051
v -2.429820 0.679306 6.068428
v -2.429820 0.679306 6.068428
v -2.508493 0.679306 6.244051
v -2.486293 0.674466 6.238990
v -2.417454 0.674467 6.085320
v -2.417454 0.674467 6.085320
v -2.486293 0.674466 6.238990
v -2.433483 0.661246 6.235286
v -2.394800 0.661246 6.119880
v -2.394800 0.661246 6.119880
v -2.433483 0.661246 6.235286
v -2.427535 0.643186 6.233930
v -2.391487 0.643186 6.124406
v -2.391487 0.643186 6.124406
v -2.427535 0.643186 6.233930
v -2.470042 0.625126 6.235286
v -2.408401 0.625126 6.097686
v -2.408401 0.625126 6.097686
v -2.470042 0.625126 6.235286
v -2.486293 0.611905 6.238990
v -2.417454 0.611905 6.085320
v -2.417454 0.611905 6.085320
v -2.486293 0.611905 6.238990
v -2.508493 0.607065 6.244051
v -2.429820 0.607065 6.068428
v -2.429820 0.607065 6.068428
v -2.508493 0.607065 6.244051
v -2.530694 0.611905 6.249111
v -2.442186 0.611905 6.051536
v -2.442186 0.611905 6.051536
v -2.530694 0.611905 6.249111
v -2.546945 0.625126 6.252816
v -2.451239 0.625126 6.039169
v -2.451239 0.625126 6.039169
v -2.546945 0.625126 6.252816
v -2.552894 0.643186 6.254172
v -2.454552 0.643186 6.034643
v -2.552894 0.643186 6.254172
v -2.344436 0.643186 6.403766
v -2.344073 0.661246 6.398401
v -2.546945 0.661246 6.252816
v -2.546945 0.661246 6.252816
v -2.344073 0.661246 6.398401
v -2.343081 0.674466 6.383746
v -2.530694 0.674466 6.249111
v -2.530694 0.674466 6.249111
v -2.343081 0.674466 6.383746
v -2.341727 0.679306 6.363726
v -2.508493 0.679306 6.244051
v -2.508493 0.679306 6.244051
v -2.341727 0.679306 6.363726
v -2.340372 0.674466 6.343706
v -2.486293 0.674466 6.238990
v -2.486293 0.674466 6.238990
v -2.340372 0.674466 6.343706
v -2.339381 0.661246 6.329051
v -2.433483 0.661246 6.235286
v -2.433483 0.661246 6.235286
v -2.339381 0.661246 6.329051
v -2.339018 0.643186 6.323686
v -2.427535 0.643186 6.233930
v -2.427535 0.643186 6.233930
v -2.339018 0.643186 6.323686
v -2.339381 0.625126 6.329051
v -2.470042 0.625126 6.235286
v -2.470042 0.625126 6.235286
v -2.339381 0.625126 6.329051
v -2.340372 0.611905 6.343706
v -2.486293 0.611905 6.238990
v -2.486293 0.611905 6.238990
v -2.340372 0.611905 6.343706
v -2.341727 0.607065 6.363726
v -2.508493 0.607065 6.244051
v -2.508493 0.607065 6.244051
v -2.341727 0.607065 6.363726
v -2.343081 0.611905 6.383746
v -2.530694 0.611905 6.249111
v -2.530694 0.611905 6.249111
v -2.343081 0.611905 6.383746
v -2.344073 0.625126 6.398401
v -2.546945 0.625126 6.252816
v -2.546945 0.625126 6.252816
v -2.344073 0.625126 6.398401
v -2.344436 0.643186 6.403766
v -2.552894 0.643186 6.254172
v -2.344909 0.691472 6.410763
v -2.109793 0.691472 6.279247
v -2.115717 0.710164 6.277219
v -2.344533 0.710164 6.405211
v -2.344533 0.710164 6.405211
v -2.115717 0.710164 6.277219
v -2.131903 0.723847 6.271679
v -2.343507 0.723846 6.390044
v -2.343507 0.723846 6.390044
v -2.131903 0.723847 6.271679
v -2.154013 0.728855 6.264111
v -2.342105 0.728855 6.369324
v -2.342105 0.728855 6.369324
v -2.154013 0.728855 6.264111
v -2.176123 0.723847 6.256543
v -2.340704 0.723847 6.348604
v -2.340704 0.723847 6.348604
v -2.176123 0.723847 6.256543
v -2.244038 0.710164 6.251036
v -2.339678 0.710164 6.333436
v -2.339678 0.710164 6.333436
v -2.244038 0.710164 6.251036
v -2.249820 0.691472 6.248975
v -2.339302 0.691472 6.327885
v -2.339302 0.691472 6.327885
v -2.249820 0.691472 6.248975
v -2.192308 0.672781 6.251003
v -2.339678 0.672781 6.333436
v -2.339678 0.672781 6.333436
v -2.192308 0.672781 6.251003
v -2.176123 0.659098 6.256543
v -2.340704 0.659098 6.348604
v -2.340704 0.659098 6.348604
v -2.176123 0.659098 6.256543
v -2.154013 0.654090 6.264111
v -2.342105 0.654090 6.369324
v -2.342105 0.654090 6.369324
v -2.154013 0.654090 6.264111
v -2.131903 0.659098 6.271679
v -2.343507 0.659098 6.390044
v -2.343507 0.659098 6.390044
v -2.131903 0.659098 6.271679
v -2.115717 0.672781 6.277219
v -2.344533 0.672781 6.405211
v -2.344533 0.672781 6.405211
v -2.115717 0.672781 6.277219
v -2.109793 0.691472 6.279247
v -2.344909 0.691472 6.410763
v -2.109793 0.691472 6.279247
v -2.180228 0.691472 6.043143
v -2.184265 0.710163 6.047442
v -2.115717 0.710164 6.277219
v -2.115717 0.710164 6.277219
v -2.184265 0.710163 6.047442
v -2.195294 0.723846 6.059186
v -2.131903 0.723847 6.271679
v -2.131903 0.723847 6.271679
v -2.195294 0.723846 6.059186
v -2.210361 0.728855 6.075228
v -2.154013 0.728855 6.264111
v -2.154013 0.728855 6.264111
v -2.210361 0.728855 6.075228
v -2.225427 0.723846 6.091270
v -2.176123 0.723847 6.256543
v -2.176123 0.723847 6.256543
v -2.225427 0.723846 6.091270
v -2.269650 0.713933 6.130399
v -2.244038 0.710164 6.251036
v -2.244038 0.710164 6.251036
v -2.269650 0.713933 6.130399
v -2.273687 0.695241 6.134697
v -2.249820 0.691472 6.248975
v -2.249820 0.691472 6.248975
v -2.273687 0.695241 6.134697
v -2.236456 0.672781 6.103014
v -2.192308 0.672781 6.251003
v -2.192308 0.672781 6.251003
v -2.236456 0.672781 6.103014
v -2.225427 0.659098 6.091270
v -2.176123 0.659098 6.256543
v -2.176123 0.659098 6.256543
v -2.225427 0.659098 6.091270
v -2.210361 0.654090 6.075228
v -2.154013 0.654090 6.264111
v -2.154013 0.654090 6.264111
v -2.210361 0.654090 6.075228
v -2.195294 0.659098 6.059186
v -2.131903 0.659098 6.271679
v -2.131903 0.659098 6.271679
v -2.195294 0.659098 6.059186
v -2.184265 0.672781 6.047442
v -2.115717 0.672781 6.277219
v -2.115717 0.672781 6.277219
v -2.184265 0.672781 6.047442
v -2.180228 0.691472 6.043143
v -2.109793 0.691472 6.279247
v -2.180228 0.691472 6.043143
v -2.458875 0.691472 6.028739
v -2.455445 0.710163 6.033423
v -2.184265 0.710163 6.047442
v -2.184265 0.710163 6.047442
v -2.455445 0.710163 6.033423
v -2.446076 0.723846 6.046222
v -2.195294 0.723846 6.059186
v -2.195294 0.723846 6.059186
v -2.446076 0.723846 6.046222
v -2.433278 0.728855 6.063704
v -2.210361 0.728855 6.075228
v -2.210361 0.728855 6.075228
v -2.433278 0.728855 6.063704
v -2.420480 0.723846 6.081187
v -2.225427 0.723846 6.091270
v -2.397510 0.710163 6.116179
v -2.269650 0.713933 6.130399
v -2.269650 0.713933 6.130399
v -2.397510 0.710163 6.116179
v -2.394080 0.691472 6.120863
v -2.273687 0.695241 6.134697
v -2.273687 0.695241 6.134697
v -2.394080 0.691472 6.120863
v -2.411111 0.672781 6.093986
v -2.236456 0.672781 6.103014
v -2.236456 0.672781 6.103014
v -2.411111 0.672781 6.093986
v -2.420480 0.659098 6.081187
v -2.225427 0.659098 6.091270
v -2.225427 0.659098 6.091270
v -2.420480 0.659098 6.081187
v -2.433278 0.654090 6.063704
v -2.210361 0.654090 6.075228
v -2.210361 0.654090 6.075228
v -2.433278 0.654090 6.063704
v -2.446076 0.659098 6.046222
v -2.195294 0.659098 6.059186
v -2.195294 0.659098 6.059186
v -2.446076 0.659098 6.046222
v -2.455445 0.672781 6.033423
v -2.184265 0.672781 6.047442
v -2.184265 0.672781 6.047442
v -2.455445 0.672781 6.033423
v -2.458875 0.691472 6.028739
v -2.180228 0.691472 6.043143
v -2.458875 0.691472 6.028739
v -2.560653 0.691472 6.255940
v -2.554497 0.710164 6.254537
v -2.455445 0.710163 6.033423
v -2.455445 0.710163 6.033423
v -2.554497 0.710164 6.254537
v -2.537677 0.723847 6.250703
v -2.446076 0.723846 6.046222
v -2.446076 0.723846 6.046222
v -2.537677 0.723847 6.250703
v -2.514701 0.728855 6.245466
v -2.433278 0.728855 6.063704
v -2.433278 0.728855 6.063704
v -2.514701 0.728855 6.245466
v -2.491725 0.723847 6.240229
v -2.420480 0.723846 6.081187
v -2.420480 0.723846 6.081187
v -2.491725 0.723847 6.240229
v -2.438347 0.710164 6.236394
v -2.397510 0.710163 6.116179
v -2.397510 0.710163 6.116179
v -2.438347 0.710164 6.236394
v -2.432190 0.691472 6.234991
v -2.394080 0.691472 6.120863
v -2.394080 0.691472 6.120863
v -2.432190 0.691472 6.234991
v -2.474905 0.672781 6.236394
v -2.411111 0.672781 6.093986
v -2.411111 0.672781 6.093986
v -2.474905 0.672781 6.236394
v -2.491725 0.659098 6.240229
v -2.420480 0.659098 6.081187
v -2.420480 0.659098 6.081187
v -2.491725 0.659098 6.240229
v -2.514701 0.654090 6.245466
v -2.433278 0.654090 6.063704
v -2.433278 0.654090 6.063704
v -2.514701 0.654090 6.245466
v -2.537677 0.659098 6.250703
v -2.446076 0.659098 6.046222
v -2.446076 0.659098 6.046222
v -2.537677 0.659098 6.250703
v -2.554497 0.672781 6.254537
v -2.455445 0.672781 6.033423
v -2.455445 0.672781 6.033423
v -2.554497 0.672781 6.254537
v -2.560653 0.691472 6.255940
v -2.458875 0.691472 6.028739
v -2.560653 0.691472 6.255940
v -2.344909 0.691472 6.410763
v -2.344533 0.710164 6.405211
v -2.554497 0.710164 6.254537
v -2.554497 0.710164 6.254537
v -2.344533 0.710164 6.405211
v -2.343507 0.723846 6.390044
v -2.537677 0.723847 6.250703
v -2.537677 0.723847 6.250703
v -2.343507 0.723846 6.390044
v -2.342105 0.728855 6.369324
v -2.514701 0.728855 6.245466
v -2.514701 0.728855 6.245466
v -2.342105 0.728855 6.369324
v -2.340704 0.723847 6.348604
v -2.491725 0.723847 6.240229
v -2.491725 0.723847 6.240229
v -2.340704 0.723847 6.348604
v -2.339678 0.710164 6.333436
v -2.438347 0.710164 6.236394
v -2.438347 0.710164 6.236394
v -2.339678 0.710164 6.333436
v -2.339302 0.691472 6.327885
v -2.432190 0.691472 6.234991
v -2.432190 0.691472 6.234991
v -2.339302 0.691472 6.327885
v -2.339678 0.672781 6.333436
v -2.474905 0.672781 6.236394
v -2.474905 0.672781 6.236394
v -2.339678 0.672781 6.333436
v -2.340704 0.659098 6.348604
v -2.491725 0.659098 6.240229
v -2.491725 0.659098 6.240229
v -2.340704 0.659098 6.348604
v -2.342105 0.654090 6.369324
v -2.514701 0.654090 6.245466
v -2.514701 0.654090 6.245466
v -2.342105 0.654090 6.369324
v -2.343507 0.659098 6.390044
v -2.537677 0.659098 6.250703
v -2.537677 0.659098 6.250703
v -2.343507 0.659098 6.390044
v -2.344533 0.672781 6.405211
v -2.554497 0.672781 6.254537
v -2.554497 0.672781 6.254537
v -2.344533 0.672781 6.405211
v -2.344909 0.691472 6.410763
v -2.560653 0.691472 6.255940
vn 0.4737 0.2420 0.8468
vn 0.3573 0.6813 0.6388
vn 0.1350 0.9610 0.2414
vn -0.1350 0.9610 -0.2414
vn -0.2474 0.8969 -0.3665
vn -0.2473 0.8970 -0.3665
vn -0.2473 0.8969 -0.3665
vn -0.2474 0.8969 -0.3666
vn -0.6441 0.2444 -0.7248
vn -0.6443 0.2445 -0.7246
vn -0.3882 -0.7277 -0.5654
vn -0.3883 -0.7278 -0.5653
vn -0.3573 -0.6813 -0.6388
vn -0.1350 -0.9610 -0.2414
vn 0.1350 -0.9610 0.2414
vn 0.3573 -0.6813 0.6388
vn 0.4737 -0.2420 0.8468
vn 0.9245 0.2631 -0.2758
vn 0.6716 0.7133 -0.2004
vn 0.2440 0.9670 -0.0728
vn -0.2440 0.9670 0.0728
vn -0.3184 0.9471 0.0407
vn -0.5820 0.8121 0.0429
vn -0.5819 0.8121 0.0429
vn -0.5819 0.8121 0.0430
vn -0.3660 -0.9271 0.0803
vn -0.3660 -0.9272 0.0803
vn -0.6716 -0.7133 0.2004
vn -0.2440 -0.9670 0.0728
vn 0.2440 -0.9670 -0.0728
vn 0.6716 -0.7133 -0.2004
vn 0.9245 -0.2631 -0.2758
vn 0.0502 0.2341 -0.9709
vn 0.0384 0.6684 -0.7428
vn 0.0147 0.9583 -0.2853
vn -0.0147 0.9583 0.2853
vn 0.0054 0.8671 0.4981
vn 0.0054 0.8671 0.4980
vn -0.0107 0.7493 0.6621
vn -0.0107 0.7493 0.6622
vn -0.0106 0.7493 0.6622
vn -0.0106 0.7493 0.6621
vn -0.0327 -0.8299 0.5569
vn -0.0384 -0.6684 0.7428
vn -0.0147 -0.9583 0.2853
vn 0.0147 -0.9583 -0.2853
vn 0.0384 -0.6684 -0.7428
vn 0.0502 -0.2341 -0.9709
vn -0.8811 0.2606 -0.3947
vn -0.6430 0.7097 -0.2880
vn -0.2346 0.9664 -0.1051
vn 0.2346 0.9664 0.1051
vn 0.2865 0.9512 0.1145
vn 0.9159 0.2616 0.3043
vn 0.9160 0.2616 0.3042
vn 0.9160 0.2616 0.3043
vn 0.4540 -0.8728 0.1795
vn 0.4539 -0.8728 0.1794
vn 0.4539 -0.8728 0.1795
vn 0.6430 -0.7097 0.2880
vn 0.2346 -0.9664 0.1051
vn -0.2346 -0.9664 -0.1051
vn -0.6430 -0.7097 -0.2880
vn -0.8811 -0.2606 -0.3947
vn -0.5652 0.2453 0.7876
vn -0.4239 0.6866 0.5907
vn -0.1591 0.9620 0.2218
vn 0.1591 0.9620 -0.2218
vn 0.3053 0.8777 -0.3692
vn 0.3054 0.8777 -0.3693
vn 0.6869 0.2472 -0.6835
vn 0.6868 0.2472 -0.6835
vn 0.4761 -0.6709 -0.5686
vn 0.4761 -0.6708 -0.5686
vn 0.4760 -0.6709 -0.5686
vn 0.4239 -0.6866 -0.5907
vn 0.1591 -0.9620 -0.2218
vn -0.1591 -0.9620 0.2218
vn -0.4239 -0.6866 0.5907
vn -0.5652 -0.2453 0.7876
vn -0.2502 0.8934 -0.3732
vn -0.2502 0.8934 -0.3731
vn -0.6376 0.2412 -0.7317
vn -0.6375 0.2412 -0.7317
vn -0.3926 -0.7168 -0.5763
vn -0.3925 -0.7168 -0.5762
vn -0.3926 -0.7168 -0.5762
vn -0.1877 0.9803 0.0621
vn -0.1876 0.9803 0.0621
vn -0.9431 0.2601 0.2070
vn -0.3747 -0.9233 0.0839
vn -0.3748 -0.9233 0.0839
vn 0.0384 0.6685 -0.7428
vn -0.0247 0.9566 0.2902
vn -0.0240 0.9568 0.2897
vn -0.0333 0.9551 0.2945
vn -0.1162 0.2338 0.9653
vn -0.1162 0.2339 0.9653
vn -0.0334 -0.8231 0.5669
vn -0.0384 -0.6685 0.7428
vn 0.0384 -0.6685 -0.7428
vn 0.2923 0.9491 0.1173
vn 0.9147 0.2616 0.3081
vn 0.9147 0.2616 0.3080
vn 0.4637 -0.8666 0.1842
vn 0.3086 0.8741 -0.3752
vn 0.3087 0.8741 -0.3752
vn 0.3087 0.8740 -0.3752
vn 0.3086 0.8741 -0.3751
vn 0.6822 0.2472 -0.6881
vn 0.4802 -0.6609 -0.5767
vn 0.4802 -0.6608 -0.5768
vn 0.4802 -0.6609 -0.5768
vt 0.600000 0.500000
vt 0.800000 0.500000
vt 0.800000 0.416667
vt 0.600000 0.416667
vt 0.800000 0.333333
vt 0.600000 0.333333
vt 0.800000 0.250000
vt 0.600000 0.250000
vt 0.800000 0.166667
vt 0.600000 0.166667
vt 0.800000 0.083333
vt 0.600000 0.083333
vt 0.800000 0.000000
vt 0.600000 0.000000
vt 0.600000 1.000000
vt 0.800000 1.000000
vt 0.800000 0.916667
vt 0.600000 0.916667
vt 0.800000 0.833333
vt 0.600000 0.833333
vt 0.800000 0.750000
vt 0.600000 0.750000
vt 0.800000 0.666667
vt 0.600000 0.666667
vt 0.800000 0.583333
vt 0.600000 0.583333
vt 1.000000 0.500000
vt 1.000000 0.416667
vt 1.000000 0.333333
vt 1.000000 0.250000
vt 1.000000 0.166667
vt 1.000000 0.083333
vt 1.000000 0.000000
vt 1.000000 1.000000
vt 1.000000 0.916667
vt 1.000000 0.833333
vt 1.000000 0.750000
vt 1.000000 0.666667
vt 1.000000 0.583333
vt 0.000000 0.500000
vt 0.200000 0.500000
vt 0.200000 0.416667
vt 0.000000 0.416667
vt 0.200000 0.333333
vt 0.000000 0.333333
vt 0.200000 0.250000
vt 0.000000 0.250000
vt 0.200000 0.166667
vt 0.000000 0.166667
vt 0.200000 0.083333
vt 0.000000 0.083333
vt 0.200000 0.000000
vt 0.000000 0.000000
vt 0.000000 1.000000
vt 0.200000 1.000000
vt 0.200000 0.916667
vt 0.000000 0.916667
vt 0.200000 0.833333
vt 0.000000 0.833333
vt 0.200000 0.750000
vt 0.000000 0.750000
vt 0.200000 0.666667
vt 0.000000 0.666667
vt 0.200000 0.583333
vt 0.000000 0.583333
vt 0.400000 0.500000
vt 0.400000 0.416667
vt 0.400000 0.333333
vt 0.400000 0.250000
vt 0.400000 0.166667
vt 0.400000 0.083333
vt 0.400000 0.000000
vt 0.400000 1.000000
vt 0.400000 0.916667
vt 0.400000 0.833333
vt 0.400000 0.750000
vt 0.400000 0.666667
vt 0.400000 0.583333
s 0
usemtl white
f 10005/2667/2227 10006/2668/2227 10007/2669/2227
f 10005/2667/2227 10007/2669/2227 10008/2670/2227
f 10009/2670/2228 10010/2669/2228 10011/2671/2228
f 10009/2670/2228 10011/2671/2228 10012/2672/2228
f 10013/2672/2229 10014/2671/2229 10015/2673/2229
f 10013/2672/2229 10015/2673/2229 10016/2674/2229
f 10017/2674/2230 10018/2673/2230 10019/2675/2230
f 10017/2674/2230 10019/2675/2230 10020/2676/2230
s 1
f 10021/2676/2231 10022/2675/2232 10023/2677/2233
f 10021/2676/2231 10023/2677/2233 10024/2678/2234
f 10025/2678/2235 10026/2677/2236 10027/2679/2235
f 10025/2678/2235 10027/2679/2235 10028/2680/2235
f 10029/2681/2237 10030/2682/2238 10031/2683/2238
f 10029/2681/2237 10031/2683/2238 10032/2684/2238
s 0
f 10033/2684/2239 10034/2683/2239 10035/2685/2239
f 10033/2684/2239 10035/2685/2239 10036/2686/2239
f 10037/2686/2240 10038/2685/2240 10039/2687/2240
f 10037/2686/2240 10039/2687/2240 10040/2688/2240
f 10041/2688/2241 10042/2687/2241 10043/2689/2241
f 10041/2688/2241 10043/2689/2241 10044/2690/2241
f 10045/2690/2242 10046/2689/2242 10047/2691/2242
f 10045/2690/2242 10047/2691/2242 10048/2692/2242
f 10049/2692/2243 10050/2691/2243 10051/2668/2243
f 10049/2692/2243 10051/2668/2243 10052/2667/2243
f 10053/2668/2244 10054/2693/2244 10055/2694/2244
f 10053/2668/2244 10055/2694/2244 10056/2669/2244
s 1
f 10057/2669/2245 10058/2694/2245 10059/2695/2245
s 0
f 10057/2669/2245 10059/2695/2245 10060/2671/2245
f 10061/2671/2246 10062/2695/2246 10063/2696/2246
f 10061/2671/2246 10063/2696/2246 10064/2673/2246
f 10065/2673/2247 10066/2696/2247 10067/2697/2247
f 10065/2673/2247 10067/2697/2247 10068/2675/2247
s 1
f 10069/2675/2248 10070/2697/2248 10071/2698/2248
f 10069/2675/2248 10071/2698/2248 10072/2677/2248
f 10073/2677/2249 10074/2698/2250 10075/2699/2250
f 10073/2677/2249 10075/2699/2250 10076/2679/2251
f 10077/2682/2252 10078/2700/2252 10079/2701/2252
f 10077/2682/2252 10079/2701/2252 10080/2683/2253
f 10081/2683/2254 10082/2701/2254 10083/2702/2254
s 0
f 10081/2683/2254 10083/2702/2254 10084/2685/2254
f 10085/2685/2255 10086/2702/2255 10087/2703/2255
f 10085/2685/2255 10087/2703/2255 10088/2687/2255
f 10089/2687/2256 10090/2703/2256 10091/2704/2256
f 10089/2687/2256 10091/2704/2256 10092/2689/2256
f 10093/2689/2257 10094/2704/2257 10095/2705/2257
f 10093/2689/2257 10095/2705/2257 10096/2691/2257
f 10097/2691/2258 10098/2705/2258 10099/2693/2258
f 10097/2691/2258 10099/2693/2258 10100/2668/2258
f 10101/2706/2259 10102/2707/2259 10103/2708/2259
f 10101/2706/2259 10103/2708/2259 10104/2709/2259
s 1
f 10105/2709/2260 10106/2708/2260 10107/2710/2260
s 0
f 10105/2709/2260 10107/2710/2260 10108/2711/2260
f 10109/2711/2261 10110/2710/2261 10111/2712/2261
f 10109/2711/2261 10111/2712/2261 10112/2713/2261
f 10113/2713/2262 10114/2712/2262 10115/2714/2262
f 10113/2713/2262 10115/2714/2262 10116/2715/2262
s 1
f 10117/2715/2263 10118/2714/2264 10119/2716/2264
f 10117/2715/2263 10119/2716/2264 10120/2717/2263
f 10121/2717/2265 10122/2716/2266 10123/2718/2267
f 10121/2717/2265 10123/2718/2267 10124/2719/2268
f 10125/2720/2269 10126/2721/2269 10127/2722/2269
f 10125/2720/2269 10127/2722/2269 10128/2723/2269
s 0
f 10129/2723/2270 10130/2722/2270 10131/2724/2270
f 10129/2723/2270 10131/2724/2270 10132/2725/2270
f 10133/2725/2271 10134/2724/2271 10135/2726/2271
f 10133/2725/2271 10135/2726/2271 10136/2727/2271
f 10137/2727/2272 10138/2726/2272 10139/2728/2272
f 10137/2727/2272 10139/2728/2272 10140/2729/2272
f 10141/2729/2273 10142/2728/2273 10143/2730/2273
f 10141/2729/2273 10143/2730/2273 10144/2731/2273
s 1
f 10145/2731/2274 10146/2730/2274 10147/2707/2274
s 0
f 10145/2731/2274 10147/2707/2274 10148/2706/2274
f 10149/2707/2275 10150/2732/2275 10151/2733/2275
f 10149/2707/2275 10151/2733/2275 10152/2708/2275
f 10153/2708/2276 10154/2733/2276 10155/2734/2276
f 10153/2708/2276 10155/2734/2276 10156/2710/2276
f 10157/2710/2277 10158/2734/2277 10159/2735/2277
f 10157/2710/2277 10159/2735/2277 10160/2712/2277
f 10161/2712/2278 10162/2735/2278 10163/2736/2278
f 10161/2712/2278 10163/2736/2278 10164/2714/2278
s 1
f 10165/2714/2279 10166/2736/2279 10167/2737/2279
f 10165/2714/2279 10167/2737/2279 10168/2716/2279
f 10169/2716/2280 10170/2737/2281 10171/2738/2280
f 10169/2716/2280 10171/2738/2280 10172/2718/2282
f 10173/2721/2283 10174/2739/2284 10175/2740/2284
f 10173/2721/2283 10175/2740/2284 10176/2722/2285
s 0
f 10177/2722/2286 10178/2740/2286 10179/2741/2286
f 10177/2722/2286 10179/2741/2286 10180/2724/2286
f 10181/2724/2287 10182/2741/2287 10183/2742/2287
f 10181/2724/2287 10183/2742/2287 10184/2726/2287
f 10185/2726/2288 10186/2742/2288 10187/2743/2288
f 10185/2726/2288 10187/2743/2288 10188/2728/2288
f 10189/2728/2289 10190/2743/2289 10191/2744/2289
f 10189/2728/2289 10191/2744/2289 10192/2730/2289
f 10193/2730/2290 10194/2744/2290 10195/2732/2290
f 10193/2730/2290 10195/2732/2290 10196/2707/2290
f 10197/2732/2291 10198/2667/2291 10199/2670/2291
f 10197/2732/2291 10199/2670/2291 10200/2733/2291
f 10201/2733/2292 10202/2670/2292 10203/2672/2292
f 10201/2733/2292 10203/2672/2292 10204/2734/2292
f 10205/2734/2293 10206/2672/2293 10207/2674/2293
f 10205/2734/2293 10207/2674/2293 10208/2735/2293
f 10209/2735/2294 10210/2674/2294 10211/2676/2294
f 10209/2735/2294 10211/2676/2294 10212/2736/2294
s 1
f 10213/2736/2295 10214/2676/2296 10215/2678/2296
f 10213/2736/2295 10215/2678/2296 10216/2737/2295
f 10217/2737/2297 10218/2678/2297 10219/2680/2298
f 10217/2737/2297 10219/2680/2298 10220/2738/2297
f 10221/2739/2299 10222/2681/2300 10223/2684/2300
f 10221/2739/2299 10223/2684/2300 10224/2740/2301
s 0
f 10225/2740/2302 10226/2684/2302 10227/2686/2302
f 10225/2740/2302 10227/2686/2302 10228/2741/2302
f 10229/2741/2303 10230/2686/2303 10231/2688/2303
f 10229/2741/2303 10231/2688/2303 10232/2742/2303
f 10233/2742/2304 10234/2688/2304 10235/2690/2304
f 10233/2742/2304 10235/2690/2304 10236/2743/2304
f 10237/2743/2305 10238/2690/2305 10239/2692/2305
f 10237/2743/2305 10239/2692/2305 10240/2744/2305
f 10241/2744/2306 10242/2692/2306 10243/2667/2306
f 10241/2744/2306 10243/2667/2306 10244/2732/2306
f 10245/2667/2227 10246/2668/2227 10247/2669/2227
f 10245/2667/2227 10247/2669/2227 10248/2670/2227
f 10249/2670/2228 10250/2669/2228 10251/2671/2228
f 10249/2670/2228 10251/2671/2228 10252/2672/2228
f 10253/2672/2229 10254/2671/2229 10255/2673/2229
f 10253/2672/2229 10255/2673/2229 10256/2674/2229
f 10257/2674/2230 10258/2673/2230 10259/2675/2230
f 10257/2674/2230 10259/2675/2230 10260/2676/2230
s 1
f 10261/2676/2307 10262/2675/2308 10263/2677/2307
f 10261/2676/2307 10263/2677/2307 10264/2678/2307
f 10265/2678/2309 10266/2677/2310 10267/2679/2309
f 10265/2678/2309 10267/2679/2309 10268/2680/2309
f 10269/2681/2311 10270/2682/2312 10271/2683/2313
f 10269/2681/2311 10271/2683/2313 10272/2684/2313
s 0
f 10273/2684/2239 10274/2683/2239 10275/2685/2239
f 10273/2684/2239 10275/2685/2239 10276/2686/2239
f 10277/2686/2240 10278/2685/2240 10279/2687/2240
f 10277/2686/2240 10279/2687/2240 10280/2688/2240
f 10281/2688/2241 10282/2687/2241 10283/2689/2241
f 10281/2688/2241 10283/2689/2241 10284/2690/2241
f 10285/2690/2242 10286/2689/2242 10287/2691/2242
f 10285/2690/2242 10287/2691/2242 10288/2692/2242
f 10289/2692/2243 10290/2691/2243 10291/2668/2243
f 10289/2692/2243 10291/2668/2243 10292/2667/2243
f 10293/2668/2244 10294/2693/2244 10295/2694/2244
f 10293/2668/2244 10295/2694/2244 10296/2669/2244
f 10297/2669/2245 10298/2694/2245 10299/2695/2245
f 10297/2669/2245 10299/2695/2245 10300/2671/2245
f 10301/2671/2246 10302/2695/2246 10303/2696/2246
f 10301/2671/2246 10303/2696/2246 10304/2673/2246
f 10305/2673/2247 10306/2696/2247 10307/2697/2247
f 10305/2673/2247 10307/2697/2247 10308/2675/2247
s 1
f 10309/2675/2314 10310/2697/2314 10311/2698/2315
f 10309/2675/2314 10311/2698/2315 10312/2677/2314
f 10313/2677/2316 10314/2698/2316 10315/2699/2316
f 10313/2677/2316 10315/2699/2316 10316/2679/2316
f 10317/2682/2317 10318/2700/2318 10319/2701/2318
f 10317/2682/2317 10319/2701/2318 10320/2683/2317
s 0
f 10321/2683/2254 10322/2701/2254 10323/2702/2254
f 10321/2683/2254 10323/2702/2254 10324/2685/2254
f 10325/2685/2255 10326/2702/2255 10327/2703/2255
f 10325/2685/2255 10327/2703/2255 10328/2687/2255
f 10329/2687/2256 10330/2703/2256 10331/2704/2256
f 10329/2687/2256 10331/2704/2256 10332/2689/2256
f 10333/2689/2257 10334/2704/2257 10335/2705/2257
f 10333/2689/2257 10335/2705/2257 10336/2691/2257
f 10337/2691/2258 10338/2705/2258 10339/2693/2258
f 10337/2691/2258 10339/2693/2258 10340/2668/2258
f 10341/2706/2259 10342/2707/2259 10343/2708/2259
f 10341/2706/2259 10343/2708/2259 10344/2709/2259
f 10345/2709/2319 10346/2708/2319 10347/2710/2319
f 10345/2709/2260 10347/2710/2260 10348/2711/2260
f 10349/2711/2261 10350/2710/2261 10351/2712/2261
f 10349/2711/2261 10351/2712/2261 10352/2713/2261
s 1
f 10353/2713/2262 10354/2712/2262 10355/2714/2320
f 10353/2713/2262 10355/2714/2320 10356/2715/2321
f 10356/2715/2321 10355/2714/2320 10357/2716/2322
f 10356/2715/2321 10357/2716/2322 10358/2717/2322
f 10359/2717/2323 10360/2716/2323 10361/2718/2324
f 10359/2717/2323 10361/2718/2324 10362/2719/2323
f 10363/2720/2325 10364/2721/2325 10365/2722/2325
f 10363/2720/2325 10365/2722/2325 10366/2723/2325
s 0
f 10367/2723/2326 10368/2722/2326 10369/2724/2326
f 10367/2723/2326 10369/2724/2326 10370/2725/2326
f 10371/2725/2271 10372/2724/2271 10373/2726/2271
f 10371/2725/2271 10373/2726/2271 10374/2727/2271
f 10375/2727/2272 10376/2726/2272 10377/2728/2272
f 10375/2727/2272 10377/2728/2272 10378/2729/2272
f 10379/2729/2327 10380/2728/2327 10381/2730/2327
f 10379/2729/2273 10381/2730/2273 10382/2731/2273
f 10383/2731/2274 10384/2730/2274 10385/2707/2274
f 10383/2731/2274 10385/2707/2274 10386/2706/2274
f 10387/2707/2275 10388/2732/2275 10389/2733/2275
f 10387/2707/2275 10389/2733/2275 10390/2708/2275
f 10391/2708/2276 10392/2733/2276 10393/2734/2276
f 10391/2708/2276 10393/2734/2276 10394/2710/2276
f 10395/2710/2277 10396/2734/2277 10397/2735/2277
f 10395/2710/2277 10397/2735/2277 10398/2712/2277
f 10399/2712/2278 10400/2735/2278 10401/2736/2278
f 10399/2712/2278 10401/2736/2278 10402/2714/2278
s 1
f 10403/2714/2328 10404/2736/2328 10405/2737/2328
f 10403/2714/2328 10405/2737/2328 10406/2716/2328
f 10407/2716/2329 10408/2737/2330 10409/2738/2329
f 10407/2716/2329 10409/2738/2329 10410/2718/2329
f 10411/2721/2331 10412/2739/2331 10413/2740/2331
f 10411/2721/2331 10413/2740/2331 10414/2722/2331
s 0
f 10415/2722/2286 10416/2740/2286 10417/2741/2286
f 10415/2722/2286 10417/2741/2286 10418/2724/2286
s 1
f 10419/2724/2287 10420/2741/2287 10421/2742/2287
s 0
f 10419/2724/2287 10421/2742/2287 10422/2726/2287
f 10423/2726/2288 10424/2742/2288 10425/2743/2288
f 10423/2726/2288 10425/2743/2288 10426/2728/2288
f 10427/2728/2289 10428/2743/2289 10429/2744/2289
f 10427/2728/2289 10429/2744/2289 10430/2730/2289
f 10431/2730/2290 10432/2744/2290 10433/2732/2290
f 10431/2730/2290 10433/2732/2290 10434/2707/2290
f 10435/2732/2291 10436/2667/2291 10437/2670/2291
f 10435/2732/2291 10437/2670/2291 10438/2733/2291
f 10439/2733/2292 10440/2670/2292 10441/2672/2292
f 10439/2733/2292 10441/2672/2292 10442/2734/2292
f 10443/2734/2293 10444/2672/2293 10445/2674/2293
f 10443/2734/2293 10445/2674/2293 10446/2735/2293
f 10447/2735/2294 10448/2674/2294 10449/2676/2294
f 10447/2735/2294 10449/2676/2294 10450/2736/2294
s 1
f 10451/2736/2332 10452/2676/2333 10453/2678/2334
f 10451/2736/2332 10453/2678/2334 10454/2737/2335
f 10455/2737/2336 10456/2678/2336 10457/2680/2336
f 10455/2737/2336 10457/2680/2336 10458/2738/2336
f 10459/2739/2337 10460/2681/2337 10461/2684/2338
f 10459/2739/2337 10461/2684/2338 10462/2740/2339
s 0
f 10463/2740/2302 10464/2684/2302 10465/2686/2302
s 1
f 10463/2740/2302 10465/2686/2302 10466/2741/2302
s 0
f 10467/2741/2303 10468/2686/2303 10469/2688/2303
f 10467/2741/2303 10469/2688/2303 10470/2742/2303
f 10471/2742/2304 10472/2688/2304 10473/2690/2304
f 10471/2742/2304 10473/2690/2304 10474/2743/2304
f 10475/2743/2305 10476/2690/2305 10477/2692/2305
f 10475/2743/2305 10477/2692/2305 10478/2744/2305
f 10479/2744/2306 10480/2692/2306 10481/2667/2306
f 10479/2744/2306 10481/2667/2306 10482/2732/2306
o blockage.008_Material.016_0
v -2.306624 0.175867 6.898535
v -2.238992 0.840487 6.902534
v -2.309057 0.840487 7.017021
v -2.339124 0.175867 6.951641
v -2.339124 0.175867 6.951641
v -2.309057 0.840487 7.017021
v -2.435203 0.840487 7.009561
v -2.397639 0.175867 6.948180
v -2.397639 0.175867 6.948180
v -2.435203 0.840487 7.009561
v -2.491285 0.840487 6.887614
v -2.423653 0.175867 6.891614
v -2.423653 0.175867 6.891614
v -2.491285 0.840487 6.887614
v -2.421221 0.840487 6.773128
v -2.391153 0.175867 6.838508
v -2.391153 0.175867 6.838508
v -2.421221 0.840487 6.773128
v -2.295074 0.840487 6.780588
v -2.332639 0.175867 6.841968
v -2.332639 0.175867 6.841968
v -2.295074 0.840487 6.780588
v -2.238992 0.840487 6.902534
v -2.306624 0.175867 6.898535
v -2.309057 0.840487 7.017021
v -2.238992 0.840487 6.902534
v -2.295074 0.840487 6.780588
v -2.421221 0.840487 6.773128
v -2.491285 0.840487 6.887614
v -2.435203 0.840487 7.009561
v -2.306624 0.175867 6.898535
v -2.339124 0.175867 6.951641
v -2.397639 0.175867 6.948180
v -2.423653 0.175867 6.891614
v -2.391153 0.175867 6.838508
v -2.332639 0.175867 6.841968
vn 0.8495 -0.0896 0.5199
vn -0.0588 -0.0951 0.9937
vn -0.9049 -0.0896 0.4161
vn -0.8495 -0.0896 -0.5199
vn 0.0588 -0.0951 -0.9937
vn 0.9049 -0.0896 -0.4161
vn -0.0000 1.0000 -0.0000
vn -0.0000 -1.0000 -0.0000
vt 1.000000 0.500000
vt 1.000000 0.000000
vt 0.833333 0.000000
vt 0.833333 0.500000
vt 0.666667 0.000000
vt 0.666667 0.500000
vt 0.500000 0.000000
vt 0.500000 0.500000
vt 0.333333 0.000000
vt 0.333333 0.500000
vt 0.166667 0.000000
vt 0.166667 0.500000
vt -0.000000 0.000000
vt -0.000000 0.500000
vt 0.250000 0.990000
vt 0.042154 0.630000
vt 0.042154 0.870000
vt 0.250000 0.510000
vt 0.457846 0.870000
vt 0.457846 0.630000
vt 0.542154 0.630000
vt 0.750000 0.990000
vt 0.542154 0.870000
vt 0.750000 0.510000
vt 0.957846 0.870000
vt 0.957846 0.630000
s 0
usemtl Material.016
f 10483/2745/2340 10484/2746/2340 10485/2747/2340
f 10483/2745/2340 10485/2747/2340 10486/2748/2340
f 10487/2748/2341 10488/2747/2341 10489/2749/2341
f 10487/2748/2341 10489/2749/2341 10490/2750/2341
f 10491/2750/2342 10492/2749/2342 10493/2751/2342
f 10491/2750/2342 10493/2751/2342 10494/2752/2342
f 10495/2752/2343 10496/2751/2343 10497/2753/2343
f 10495/2752/2343 10497/2753/2343 10498/2754/2343
f 10499/2754/2344 10500/2753/2344 10501/2755/2344
f 10499/2754/2344 10501/2755/2344 10502/2756/2344
f 10503/2756/2345 10504/2755/2345 10505/2757/2345
f 10503/2756/2345 10505/2757/2345 10506/2758/2345
f 10511/2759/2346 10509/2760/2346 10510/2761/2346
f 10509/2760/2346 10511/2759/2346 10508/2762/2346
f 10508/2762/2346 10511/2759/2346 10512/2763/2346
f 10508/2762/2346 10512/2763/2346 10507/2764/2346
f 10518/2765/2347 10516/2766/2347 10517/2767/2347
f 10516/2766/2347 10518/2765/2347 10513/2768/2347
f 10516/2766/2347 10513/2768/2347 10515/2769/2347
f 10515/2769/2347 10513/2768/2347 10514/2770/2347
o blockage.008_white_0
v -2.371627 0.643186 7.081224
v -2.144451 0.643186 6.954150
v -2.150176 0.661246 6.952191
v -2.371264 0.661246 7.075860
v -2.371264 0.661246 7.075860
v -2.150176 0.661246 6.952191
v -2.165814 0.674466 6.946838
v -2.370272 0.674466 7.061204
v -2.370272 0.674466 7.061204
v -2.165814 0.674466 6.946838
v -2.187177 0.679306 6.939525
v -2.368918 0.679306 7.041185
v -2.368918 0.679306 7.041185
v -2.187177 0.679306 6.939525
v -2.208541 0.674466 6.932213
v -2.367563 0.674466 7.021165
v -2.367563 0.674466 7.021165
v -2.208541 0.674466 6.932213
v -2.275768 0.661246 6.926860
v -2.366572 0.661246 7.006509
v -2.366572 0.661246 7.006509
v -2.275768 0.661246 6.926860
v -2.281633 0.643186 6.924933
v -2.366209 0.643186 7.001145
v -2.366209 0.643186 7.001145
v -2.281633 0.643186 6.924933
v -2.224180 0.625126 6.926860
v -2.366572 0.625126 7.006509
v -2.366572 0.625126 7.006509
v -2.224180 0.625126 6.926860
v -2.208541 0.611905 6.932213
v -2.367563 0.611905 7.021165
v -2.367563 0.611905 7.021165
v -2.208541 0.611905 6.932213
v -2.187177 0.607065 6.939525
v -2.368918 0.607065 7.041185
v -2.368918 0.607065 7.041185
v -2.187177 0.607065 6.939525
v -2.165814 0.611905 6.946838
v -2.370272 0.611905 7.061204
v -2.370272 0.611905 7.061204
v -2.165814 0.611905 6.946838
v -2.150176 0.625126 6.952191
v -2.371264 0.625126 7.075860
v -2.371264 0.625126 7.075860
v -2.150176 0.625126 6.952191
v -2.144451 0.643186 6.954150
v -2.371627 0.643186 7.081224
v -2.144451 0.643186 6.954150
v -2.212507 0.643186 6.726020
v -2.216408 0.661246 6.730173
v -2.150176 0.661246 6.952191
v -2.150176 0.661246 6.952191
v -2.216408 0.661246 6.730173
v -2.227065 0.674467 6.741520
v -2.165814 0.674466 6.946838
v -2.165814 0.674466 6.946838
v -2.227065 0.674467 6.741520
v -2.241622 0.679306 6.757021
v -2.187177 0.679306 6.939525
v -2.187177 0.679306 6.939525
v -2.241622 0.679306 6.757021
v -2.256180 0.674467 6.772521
v -2.208541 0.674466 6.932213
v -2.208541 0.674466 6.932213
v -2.256180 0.674467 6.772521
v -2.266837 0.661246 6.783869
v -2.275768 0.661246 6.926860
v -2.275768 0.661246 6.926860
v -2.266837 0.661246 6.783869
v -2.303931 0.646955 6.815407
v -2.281633 0.643186 6.924933
v -2.281633 0.643186 6.924933
v -2.303931 0.646955 6.815407
v -2.266837 0.625126 6.783869
v -2.224180 0.625126 6.926860
v -2.224180 0.625126 6.926860
v -2.266837 0.625126 6.783869
v -2.256180 0.611905 6.772521
v -2.208541 0.611905 6.932213
v -2.208541 0.611905 6.932213
v -2.256180 0.611905 6.772521
v -2.241622 0.607065 6.757021
v -2.187177 0.607065 6.939525
v -2.187177 0.607065 6.939525
v -2.241622 0.607065 6.757021
v -2.227065 0.611905 6.741520
v -2.165814 0.611905 6.946838
v -2.165814 0.611905 6.946838
v -2.227065 0.611905 6.741520
v -2.216408 0.625126 6.730173
v -2.150176 0.625126 6.952191
v -2.150176 0.625126 6.952191
v -2.216408 0.625126 6.730173
v -2.212507 0.643186 6.726020
v -2.144451 0.643186 6.954150
v -2.212507 0.643186 6.726020
v -2.481744 0.643186 6.712102
v -2.478430 0.661246 6.716628
v -2.216408 0.661246 6.730173
v -2.216408 0.661246 6.730173
v -2.478430 0.661246 6.716628
v -2.469378 0.674467 6.728994
v -2.227065 0.674467 6.741520
v -2.227065 0.674467 6.741520
v -2.469378 0.674467 6.728994
v -2.457011 0.679306 6.745887
v -2.241622 0.679306 6.757021
v -2.241622 0.679306 6.757021
v -2.457011 0.679306 6.745887
v -2.444645 0.674467 6.762779
v -2.256180 0.674467 6.772521
v -2.256180 0.674467 6.772521
v -2.444645 0.674467 6.762779
v -2.421992 0.661246 6.797338
v -2.266837 0.661246 6.783869
v -2.266837 0.661246 6.783869
v -2.421992 0.661246 6.797338
v -2.418678 0.643186 6.801865
v -2.303931 0.646955 6.815407
v -2.303931 0.646955 6.815407
v -2.418678 0.643186 6.801865
v -2.435593 0.625126 6.775145
v -2.266837 0.625126 6.783869
v -2.266837 0.625126 6.783869
v -2.435593 0.625126 6.775145
v -2.444645 0.611905 6.762779
v -2.256180 0.611905 6.772521
v -2.256180 0.611905 6.772521
v -2.444645 0.611905 6.762779
v -2.457011 0.607065 6.745887
v -2.241622 0.607065 6.757021
v -2.241622 0.607065 6.757021
v -2.457011 0.607065 6.745887
v -2.469378 0.611905 6.728994
v -2.227065 0.611905 6.741520
v -2.227065 0.611905 6.741520
v -2.469378 0.611905 6.728994
v -2.478430 0.625126 6.716628
v -2.216408 0.625126 6.730173
v -2.216408 0.625126 6.730173
v -2.478430 0.625126 6.716628
v -2.481744 0.643186 6.712102
v -2.212507 0.643186 6.726020
v -2.481744 0.643186 6.712102
v -2.580085 0.643186 6.931631
v -2.574136 0.661246 6.930274
v -2.478430 0.661246 6.716628
v -2.478430 0.661246 6.716628
v -2.574136 0.661246 6.930274
v -2.557885 0.674466 6.926570
v -2.469378 0.674467 6.728994
v -2.469378 0.674467 6.728994
v -2.557885 0.674466 6.926570
v -2.535685 0.679306 6.921510
v -2.457011 0.679306 6.745887
v -2.457011 0.679306 6.745887
v -2.535685 0.679306 6.921510
v -2.513484 0.674466 6.916449
v -2.444645 0.674467 6.762779
v -2.444645 0.674467 6.762779
v -2.513484 0.674466 6.916449
v -2.460674 0.661246 6.912745
v -2.421992 0.661246 6.797338
v -2.421992 0.661246 6.797338
v -2.460674 0.661246 6.912745
v -2.454726 0.643186 6.911388
v -2.418678 0.643186 6.801865
v -2.418678 0.643186 6.801865
v -2.454726 0.643186 6.911388
v -2.497233 0.625126 6.912745
v -2.435593 0.625126 6.775145
v -2.435593 0.625126 6.775145
v -2.497233 0.625126 6.912745
v -2.513484 0.611905 6.916449
v -2.444645 0.611905 6.762779
v -2.444645 0.611905 6.762779
v -2.513484 0.611905 6.916449
v -2.535685 0.607065 6.921510
v -2.457011 0.607065 6.745887
v -2.457011 0.607065 6.745887
v -2.535685 0.607065 6.921510
v -2.557885 0.611905 6.926570
v -2.469378 0.611905 6.728994
v -2.469378 0.611905 6.728994
v -2.557885 0.611905 6.926570
v -2.574136 0.625126 6.930274
v -2.478430 0.625126 6.716628
v -2.478430 0.625126 6.716628
v -2.574136 0.625126 6.930274
v -2.580085 0.643186 6.931631
v -2.481744 0.643186 6.712102
v -2.580085 0.643186 6.931631
v -2.371627 0.643186 7.081224
v -2.371264 0.661246 7.075860
v -2.574136 0.661246 6.930274
v -2.574136 0.661246 6.930274
v -2.371264 0.661246 7.075860
v -2.370272 0.674466 7.061204
v -2.557885 0.674466 6.926570
v -2.557885 0.674466 6.926570
v -2.370272 0.674466 7.061204
v -2.368918 0.679306 7.041185
v -2.535685 0.679306 6.921510
v -2.535685 0.679306 6.921510
v -2.368918 0.679306 7.041185
v -2.367563 0.674466 7.021165
v -2.513484 0.674466 6.916449
v -2.513484 0.674466 6.916449
v -2.367563 0.674466 7.021165
v -2.366572 0.661246 7.006509
v -2.460674 0.661246 6.912745
v -2.460674 0.661246 6.912745
v -2.366572 0.661246 7.006509
v -2.366209 0.643186 7.001145
v -2.454726 0.643186 6.911388
v -2.454726 0.643186 6.911388
v -2.366209 0.643186 7.001145
v -2.366572 0.625126 7.006509
v -2.497233 0.625126 6.912745
v -2.497233 0.625126 6.912745
v -2.366572 0.625126 7.006509
v -2.367563 0.611905 7.021165
v -2.513484 0.611905 6.916449
v -2.513484 0.611905 6.916449
v -2.367563 0.611905 7.021165
v -2.368918 0.607065 7.041185
v -2.535685 0.607065 6.921510
v -2.535685 0.607065 6.921510
v -2.368918 0.607065 7.041185
v -2.370272 0.611905 7.061204
v -2.557885 0.611905 6.926570
v -2.557885 0.611905 6.926570
v -2.370272 0.611905 7.061204
v -2.371264 0.625126 7.075860
v -2.574136 0.625126 6.930274
v -2.574136 0.625126 6.930274
v -2.371264 0.625126 7.075860
v -2.371627 0.643186 7.081224
v -2.580085 0.643186 6.931631
v -2.372100 0.691472 7.088222
v -2.136984 0.691472 6.956706
v -2.142909 0.710164 6.954678
v -2.371725 0.710164 7.082670
v -2.371725 0.710164 7.082670
v -2.142909 0.710164 6.954678
v -2.159094 0.723847 6.949138
v -2.370698 0.723846 7.067502
v -2.370698 0.723846 7.067502
v -2.159094 0.723847 6.949138
v -2.181204 0.728855 6.941570
v -2.369297 0.728855 7.046782
v -2.369297 0.728855 7.046782
v -2.181204 0.728855 6.941570
v -2.203314 0.723847 6.934002
v -2.367895 0.723847 7.026063
v -2.367895 0.723847 7.026063
v -2.203314 0.723847 6.934002
v -2.271229 0.710164 6.928495
v -2.366869 0.710164 7.010895
v -2.366869 0.710164 7.010895
v -2.271229 0.710164 6.928495
v -2.277012 0.691472 6.926434
v -2.366493 0.691472 7.005343
v -2.366493 0.691472 7.005343
v -2.277012 0.691472 6.926434
v -2.219499 0.672781 6.928462
v -2.366869 0.672781 7.010895
v -2.366869 0.672781 7.010895
v -2.219499 0.672781 6.928462
v -2.203314 0.659098 6.934002
v -2.367895 0.659098 7.026063
v -2.367895 0.659098 7.026063
v -2.203314 0.659098 6.934002
v -2.181204 0.654090 6.941570
v -2.369297 0.654090 7.046782
v -2.369297 0.654090 7.046782
v -2.181204 0.654090 6.941570
v -2.159094 0.659098 6.949138
v -2.370698 0.659098 7.067502
v -2.370698 0.659098 7.067502
v -2.159094 0.659098 6.949138
v -2.142909 0.672781 6.954678
v -2.371725 0.672781 7.082670
v -2.371725 0.672781 7.082670
v -2.142909 0.672781 6.954678
v -2.136984 0.691472 6.956706
v -2.372100 0.691472 7.088222
v -2.136984 0.691472 6.956706
v -2.207419 0.691472 6.720602
v -2.211456 0.710163 6.724901
v -2.142909 0.710164 6.954678
v -2.142909 0.710164 6.954678
v -2.211456 0.710163 6.724901
v -2.222486 0.723846 6.736644
v -2.159094 0.723847 6.949138
v -2.159094 0.723847 6.949138
v -2.222486 0.723846 6.736644
v -2.237552 0.728855 6.752687
v -2.181204 0.728855 6.941570
v -2.181204 0.728855 6.941570
v -2.237552 0.728855 6.752687
v -2.252618 0.723846 6.768729
v -2.203314 0.723847 6.934002
v -2.203314 0.723847 6.934002
v -2.252618 0.723846 6.768729
v -2.296841 0.713933 6.807858
v -2.271229 0.710164 6.928495
v -2.271229 0.710164 6.928495
v -2.296841 0.713933 6.807858
v -2.300879 0.695241 6.812156
v -2.277012 0.691472 6.926434
v -2.277012 0.691472 6.926434
v -2.300879 0.695241 6.812156
v -2.263648 0.672781 6.780473
v -2.219499 0.672781 6.928462
v -2.219499 0.672781 6.928462
v -2.263648 0.672781 6.780473
v -2.252618 0.659098 6.768729
v -2.203314 0.659098 6.934002
v -2.203314 0.659098 6.934002
v -2.252618 0.659098 6.768729
v -2.237552 0.654090 6.752687
v -2.181204 0.654090 6.941570
v -2.181204 0.654090 6.941570
v -2.237552 0.654090 6.752687
v -2.222486 0.659098 6.736644
v -2.159094 0.659098 6.949138
v -2.159094 0.659098 6.949138
v -2.222486 0.659098 6.736644
v -2.211456 0.672781 6.724901
v -2.142909 0.672781 6.954678
v -2.142909 0.672781 6.954678
v -2.211456 0.672781 6.724901
v -2.207419 0.691472 6.720602
v -2.136984 0.691472 6.956706
v -2.207419 0.691472 6.720602
v -2.486066 0.691472 6.706198
v -2.482636 0.710163 6.710882
v -2.211456 0.710163 6.724901
v -2.211456 0.710163 6.724901
v -2.482636 0.710163 6.710882
v -2.473268 0.723846 6.723680
v -2.222486 0.723846 6.736644
v -2.222486 0.723846 6.736644
v -2.473268 0.723846 6.723680
v -2.460469 0.728855 6.741163
v -2.237552 0.728855 6.752687
v -2.237552 0.728855 6.752687
v -2.460469 0.728855 6.741163
v -2.447671 0.723846 6.758646
v -2.252618 0.723846 6.768729
v -2.424701 0.710163 6.793638
v -2.296841 0.713933 6.807858
v -2.296841 0.713933 6.807858
v -2.424701 0.710163 6.793638
v -2.421271 0.691472 6.798322
v -2.300879 0.695241 6.812156
v -2.300879 0.695241 6.812156
v -2.421271 0.691472 6.798322
v -2.438302 0.672781 6.771444
v -2.263648 0.672781 6.780473
v -2.263648 0.672781 6.780473
v -2.438302 0.672781 6.771444
v -2.447671 0.659098 6.758646
v -2.252618 0.659098 6.768729
v -2.252618 0.659098 6.768729
v -2.447671 0.659098 6.758646
v -2.460469 0.654090 6.741163
v -2.237552 0.654090 6.752687
v -2.237552 0.654090 6.752687
v -2.460469 0.654090 6.741163
v -2.473268 0.659098 6.723680
v -2.222486 0.659098 6.736644
v -2.222486 0.659098 6.736644
v -2.473268 0.659098 6.723680
v -2.482636 0.672781 6.710882
v -2.211456 0.672781 6.724901
v -2.211456 0.672781 6.724901
v -2.482636 0.672781 6.710882
v -2.486066 0.691472 6.706198
v -2.207419 0.691472 6.720602
v -2.486066 0.691472 6.706198
v -2.587844 0.691472 6.933399
v -2.581688 0.710164 6.931996
v -2.482636 0.710163 6.710882
v -2.482636 0.710163 6.710882
v -2.581688 0.710164 6.931996
v -2.564868 0.723847 6.928162
v -2.473268 0.723846 6.723680
v -2.473268 0.723846 6.723680
v -2.564868 0.723847 6.928162
v -2.541892 0.728855 6.922925
v -2.460469 0.728855 6.741163
v -2.460469 0.728855 6.741163
v -2.541892 0.728855 6.922925
v -2.518916 0.723847 6.917687
v -2.447671 0.723846 6.758646
v -2.447671 0.723846 6.758646
v -2.518916 0.723847 6.917687
v -2.465538 0.710164 6.913853
v -2.424701 0.710163 6.793638
v -2.424701 0.710163 6.793638
v -2.465538 0.710164 6.913853
v -2.459381 0.691472 6.912450
v -2.421271 0.691472 6.798322
v -2.421271 0.691472 6.798322
v -2.459381 0.691472 6.912450
v -2.502096 0.672781 6.913853
v -2.438302 0.672781 6.771444
v -2.438302 0.672781 6.771444
v -2.502096 0.672781 6.913853
v -2.518916 0.659098 6.917687
v -2.447671 0.659098 6.758646
v -2.447671 0.659098 6.758646
v -2.518916 0.659098 6.917687
v -2.541892 0.654090 6.922925
v -2.460469 0.654090 6.741163
v -2.460469 0.654090 6.741163
v -2.541892 0.654090 6.922925
v -2.564868 0.659098 6.928162
v -2.473268 0.659098 6.723680
v -2.473268 0.659098 6.723680
v -2.564868 0.659098 6.928162
v -2.581688 0.672781 6.931996
v -2.482636 0.672781 6.710882
v -2.482636 0.672781 6.710882
v -2.581688 0.672781 6.931996
v -2.587844 0.691472 6.933399
v -2.486066 0.691472 6.706198
v -2.587844 0.691472 6.933399
v -2.372100 0.691472 7.088222
v -2.371725 0.710164 7.082670
v -2.581688 0.710164 6.931996
v -2.581688 0.710164 6.931996
v -2.371725 0.710164 7.082670
v -2.370698 0.723846 7.067502
v -2.564868 0.723847 6.928162
v -2.564868 0.723847 6.928162
v -2.370698 0.723846 7.067502
v -2.369297 0.728855 7.046782
v -2.541892 0.728855 6.922925
v -2.541892 0.728855 6.922925
v -2.369297 0.728855 7.046782
v -2.367895 0.723847 7.026063
v -2.518916 0.723847 6.917687
v -2.518916 0.723847 6.917687
v -2.367895 0.723847 7.026063
v -2.366869 0.710164 7.010895
v -2.465538 0.710164 6.913853
v -2.465538 0.710164 6.913853
v -2.366869 0.710164 7.010895
v -2.366493 0.691472 7.005343
v -2.459381 0.691472 6.912450
v -2.459381 0.691472 6.912450
v -2.366493 0.691472 7.005343
v -2.366869 0.672781 7.010895
v -2.502096 0.672781 6.913853
v -2.502096 0.672781 6.913853
v -2.366869 0.672781 7.010895
v -2.367895 0.659098 7.026063
v -2.518916 0.659098 6.917687
v -2.518916 0.659098 6.917687
v -2.367895 0.659098 7.026063
v -2.369297 0.654090 7.046782
v -2.541892 0.654090 6.922925
v -2.541892 0.654090 6.922925
v -2.369297 0.654090 7.046782
v -2.370698 0.659098 7.067502
v -2.564868 0.659098 6.928162
v -2.564868 0.659098 6.928162
v -2.370698 0.659098 7.067502
v -2.371725 0.672781 7.082670
v -2.581688 0.672781 6.931996
v -2.581688 0.672781 6.931996
v -2.371725 0.672781 7.082670
v -2.372100 0.691472 7.088222
v -2.587844 0.691472 6.933399
vn 0.4737 0.2420 0.8468
vn 0.3573 0.6813 0.6388
vn 0.1350 0.9610 0.2414
vn -0.1350 0.9610 -0.2414
vn -0.2474 0.8969 -0.3665
vn -0.2473 0.8970 -0.3665
vn -0.2473 0.8969 -0.3665
vn -0.2474 0.8969 -0.3666
vn -0.6441 0.2444 -0.7248
vn -0.6443 0.2445 -0.7246
vn -0.3882 -0.7277 -0.5654
vn -0.3883 -0.7278 -0.5653
vn -0.3573 -0.6813 -0.6388
vn -0.1350 -0.9610 -0.2414
vn 0.1350 -0.9610 0.2414
vn 0.3573 -0.6813 0.6388
vn 0.4737 -0.2420 0.8468
vn 0.9245 0.2631 -0.2758
vn 0.6716 0.7133 -0.2004
vn 0.2440 0.9670 -0.0728
vn -0.2440 0.9670 0.0728
vn -0.3184 0.9471 0.0407
vn -0.5820 0.8121 0.0429
vn -0.5819 0.8121 0.0429
vn -0.5819 0.8121 0.0430
vn -0.3660 -0.9271 0.0803
vn -0.3660 -0.9272 0.0803
vn -0.6716 -0.7133 0.2004
vn -0.2440 -0.9670 0.0728
vn 0.2440 -0.9670 -0.0728
vn 0.6716 -0.7133 -0.2004
vn 0.9245 -0.2631 -0.2758
vn 0.0502 0.2341 -0.9709
vn 0.0384 0.6684 -0.7428
vn 0.0147 0.9583 -0.2853
vn -0.0147 0.9583 0.2853
vn 0.0054 0.8671 0.4981
vn 0.0054 0.8671 0.4980
vn -0.0107 0.7493 0.6621
vn -0.0107 0.7493 0.6622
vn -0.0106 0.7493 0.6622
vn -0.0106 0.7493 0.6621
vn -0.0327 -0.8299 0.5569
vn -0.0384 -0.6684 0.7428
vn -0.0147 -0.9583 0.2853
vn 0.0147 -0.9583 -0.2853
vn 0.0384 -0.6684 -0.7428
vn 0.0502 -0.2341 -0.9709
vn -0.8811 0.2606 -0.3947
vn -0.6430 0.7097 -0.2880
vn -0.2346 0.9664 -0.1051
vn 0.2346 0.9664 0.1051
vn 0.2865 0.9512 0.1145
vn 0.9159 0.2616 0.3043
vn 0.9160 0.2616 0.3042
vn 0.9160 0.2616 0.3043
vn 0.4540 -0.8728 0.1795
vn 0.4539 -0.8728 0.1794
vn 0.4539 -0.8728 0.1795
vn 0.6430 -0.7097 0.2880
vn 0.2346 -0.9664 0.1051
vn -0.2346 -0.9664 -0.1051
vn -0.6430 -0.7097 -0.2880
vn -0.8811 -0.2606 -0.3947
vn -0.5652 0.2453 0.7876
vn -0.4239 0.6866 0.5907
vn -0.1591 0.9620 0.2218
vn 0.1591 0.9620 -0.2218
vn 0.3053 0.8777 -0.3692
vn 0.3054 0.8777 -0.3693
vn 0.6869 0.2472 -0.6835
vn 0.6868 0.2472 -0.6835
vn 0.4761 -0.6709 -0.5686
vn 0.4761 -0.6708 -0.5686
vn 0.4760 -0.6709 -0.5686
vn 0.4239 -0.6866 -0.5907
vn 0.1591 -0.9620 -0.2218
vn -0.1591 -0.9620 0.2218
vn -0.4239 -0.6866 0.5907
vn -0.5652 -0.2453 0.7876
vn -0.2502 0.8934 -0.3732
vn -0.2502 0.8934 -0.3731
vn -0.6376 0.2412 -0.7317
vn -0.6375 0.2412 -0.7317
vn -0.3926 -0.7168 -0.5763
vn -0.3925 -0.7168 -0.5762
vn -0.3926 -0.7168 -0.5762
vn -0.1877 0.9803 0.0621
vn -0.1876 0.9803 0.0621
vn -0.9431 0.2601 0.2070
vn -0.3747 -0.9233 0.0839
vn -0.3748 -0.9233 0.0839
vn 0.0384 0.6685 -0.7428
vn -0.0247 0.9566 0.2902
vn -0.0240 0.9568 0.2897
vn -0.0333 0.9551 0.2945
vn -0.1162 0.2338 0.9653
vn -0.1162 0.2339 0.9653
vn -0.0334 -0.8231 0.5669
vn -0.0384 -0.6685 0.7428
vn 0.0384 -0.6685 -0.7428
vn 0.2923 0.9491 0.1173
vn 0.9147 0.2616 0.3081
vn 0.9147 0.2616 0.3080
vn 0.4637 -0.8666 0.1842
vn 0.3086 0.8741 -0.3752
vn 0.3087 0.8741 -0.3752
vn 0.3087 0.8740 -0.3752
vn 0.3086 0.8741 -0.3751
vn 0.6822 0.2472 -0.6881
vn 0.4802 -0.6609 -0.5767
vn 0.4802 -0.6608 -0.5768
vn 0.4802 -0.6609 -0.5768
vt 0.600000 0.500000
vt 0.800000 0.500000
vt 0.800000 0.416667
vt 0.600000 0.416667
vt 0.800000 0.333333
vt 0.600000 0.333333
vt 0.800000 0.250000
vt 0.600000 0.250000
vt 0.800000 0.166667
vt 0.600000 0.166667
vt 0.800000 0.083333
vt 0.600000 0.083333
vt 0.800000 0.000000
vt 0.600000 0.000000
vt 0.600000 1.000000
vt 0.800000 1.000000
vt 0.800000 0.916667
vt 0.600000 0.916667
vt 0.800000 0.833333
vt 0.600000 0.833333
vt 0.800000 0.750000
vt 0.600000 0.750000
vt 0.800000 0.666667
vt 0.600000 0.666667
vt 0.800000 0.583333
vt 0.600000 0.583333
vt 1.000000 0.500000
vt 1.000000 0.416667
vt 1.000000 0.333333
vt 1.000000 0.250000
vt 1.000000 0.166667
vt 1.000000 0.083333
vt 1.000000 0.000000
vt 1.000000 1.000000
vt 1.000000 0.916667
vt 1.000000 0.833333
vt 1.000000 0.750000
vt 1.000000 0.666667
vt 1.000000 0.583333
vt 0.000000 0.500000
vt 0.200000 0.500000
vt 0.200000 0.416667
vt 0.000000 0.416667
vt 0.200000 0.333333
vt 0.000000 0.333333
vt 0.200000 0.250000
vt 0.000000 0.250000
vt 0.200000 0.166667
vt 0.000000 0.166667
vt 0.200000 0.083333
vt 0.000000 0.083333
vt 0.200000 0.000000
vt 0.000000 0.000000
vt 0.000000 1.000000
vt 0.200000 1.000000
vt 0.200000 0.916667
vt 0.000000 0.916667
vt 0.200000 0.833333
vt 0.000000 0.833333
vt 0.200000 0.750000
vt 0.000000 0.750000
vt 0.200000 0.666667
vt 0.000000 0.666667
vt 0.200000 0.583333
vt 0.000000 0.583333
vt 0.400000 0.500000
vt 0.400000 0.416667
vt 0.400000 0.333333
vt 0.400000 0.250000
vt 0.400000 0.166667
vt 0.400000 0.083333
vt 0.400000 0.000000
vt 0.400000 1.000000
vt 0.400000 0.916667
vt 0.400000 0.833333
vt 0.400000 0.750000
vt 0.400000 0.666667
vt 0.400000 0.583333
s 0
usemtl white
f 10519/2771/2348 10520/2772/2348 10521/2773/2348
f 10519/2771/2348 10521/2773/2348 10522/2774/2348
f 10523/2774/2349 10524/2773/2349 10525/2775/2349
f 10523/2774/2349 10525/2775/2349 10526/2776/2349
f 10527/2776/2350 10528/2775/2350 10529/2777/2350
f 10527/2776/2350 10529/2777/2350 10530/2778/2350
f 10531/2778/2351 10532/2777/2351 10533/2779/2351
f 10531/2778/2351 10533/2779/2351 10534/2780/2351
s 1
f 10535/2780/2352 10536/2779/2353 10537/2781/2354
f 10535/2780/2352 10537/2781/2354 10538/2782/2355
f 10539/2782/2356 10540/2781/2357 10541/2783/2356
f 10539/2782/2356 10541/2783/2356 10542/2784/2356
f 10543/2785/2358 10544/2786/2359 10545/2787/2359
f 10543/2785/2358 10545/2787/2359 10546/2788/2359
s 0
f 10547/2788/2360 10548/2787/2360 10549/2789/2360
f 10547/2788/2360 10549/2789/2360 10550/2790/2360
f 10551/2790/2361 10552/2789/2361 10553/2791/2361
f 10551/2790/2361 10553/2791/2361 10554/2792/2361
f 10555/2792/2362 10556/2791/2362 10557/2793/2362
f 10555/2792/2362 10557/2793/2362 10558/2794/2362
f 10559/2794/2363 10560/2793/2363 10561/2795/2363
f 10559/2794/2363 10561/2795/2363 10562/2796/2363
f 10563/2796/2364 10564/2795/2364 10565/2772/2364
f 10563/2796/2364 10565/2772/2364 10566/2771/2364
f 10567/2772/2365 10568/2797/2365 10569/2798/2365
f 10567/2772/2365 10569/2798/2365 10570/2773/2365
s 1
f 10571/2773/2366 10572/2798/2366 10573/2799/2366
s 0
f 10571/2773/2366 10573/2799/2366 10574/2775/2366
f 10575/2775/2367 10576/2799/2367 10577/2800/2367
f 10575/2775/2367 10577/2800/2367 10578/2777/2367
f 10579/2777/2368 10580/2800/2368 10581/2801/2368
f 10579/2777/2368 10581/2801/2368 10582/2779/2368
s 1
f 10583/2779/2369 10584/2801/2369 10585/2802/2369
f 10583/2779/2369 10585/2802/2369 10586/2781/2369
f 10587/2781/2370 10588/2802/2371 10589/2803/2371
f 10587/2781/2370 10589/2803/2371 10590/2783/2372
f 10591/2786/2373 10592/2804/2373 10593/2805/2373
f 10591/2786/2373 10593/2805/2373 10594/2787/2374
f 10595/2787/2375 10596/2805/2375 10597/2806/2375
s 0
f 10595/2787/2375 10597/2806/2375 10598/2789/2375
f 10599/2789/2376 10600/2806/2376 10601/2807/2376
f 10599/2789/2376 10601/2807/2376 10602/2791/2376
f 10603/2791/2377 10604/2807/2377 10605/2808/2377
f 10603/2791/2377 10605/2808/2377 10606/2793/2377
f 10607/2793/2378 10608/2808/2378 10609/2809/2378
f 10607/2793/2378 10609/2809/2378 10610/2795/2378
f 10611/2795/2379 10612/2809/2379 10613/2797/2379
f 10611/2795/2379 10613/2797/2379 10614/2772/2379
f 10615/2810/2380 10616/2811/2380 10617/2812/2380
f 10615/2810/2380 10617/2812/2380 10618/2813/2380
s 1
f 10619/2813/2381 10620/2812/2381 10621/2814/2381
s 0
f 10619/2813/2381 10621/2814/2381 10622/2815/2381
f 10623/2815/2382 10624/2814/2382 10625/2816/2382
f 10623/2815/2382 10625/2816/2382 10626/2817/2382
f 10627/2817/2383 10628/2816/2383 10629/2818/2383
f 10627/2817/2383 10629/2818/2383 10630/2819/2383
s 1
f 10631/2819/2384 10632/2818/2385 10633/2820/2385
f 10631/2819/2384 10633/2820/2385 10634/2821/2384
f 10635/2821/2386 10636/2820/2387 10637/2822/2388
f 10635/2821/2386 10637/2822/2388 10638/2823/2389
f 10639/2824/2390 10640/2825/2390 10641/2826/2390
f 10639/2824/2390 10641/2826/2390 10642/2827/2390
s 0
f 10643/2827/2391 10644/2826/2391 10645/2828/2391
f 10643/2827/2391 10645/2828/2391 10646/2829/2391
f 10647/2829/2392 10648/2828/2392 10649/2830/2392
f 10647/2829/2392 10649/2830/2392 10650/2831/2392
f 10651/2831/2393 10652/2830/2393 10653/2832/2393
f 10651/2831/2393 10653/2832/2393 10654/2833/2393
f 10655/2833/2394 10656/2832/2394 10657/2834/2394
f 10655/2833/2394 10657/2834/2394 10658/2835/2394
s 1
f 10659/2835/2395 10660/2834/2395 10661/2811/2395
s 0
f 10659/2835/2395 10661/2811/2395 10662/2810/2395
f 10663/2811/2396 10664/2836/2396 10665/2837/2396
f 10663/2811/2396 10665/2837/2396 10666/2812/2396
f 10667/2812/2397 10668/2837/2397 10669/2838/2397
f 10667/2812/2397 10669/2838/2397 10670/2814/2397
f 10671/2814/2398 10672/2838/2398 10673/2839/2398
f 10671/2814/2398 10673/2839/2398 10674/2816/2398
f 10675/2816/2399 10676/2839/2399 10677/2840/2399
f 10675/2816/2399 10677/2840/2399 10678/2818/2399
s 1
f 10679/2818/2400 10680/2840/2400 10681/2841/2400
f 10679/2818/2400 10681/2841/2400 10682/2820/2400
f 10683/2820/2401 10684/2841/2402 10685/2842/2401
f 10683/2820/2401 10685/2842/2401 10686/2822/2403
f 10687/2825/2404 10688/2843/2405 10689/2844/2405
f 10687/2825/2404 10689/2844/2405 10690/2826/2406
s 0
f 10691/2826/2407 10692/2844/2407 10693/2845/2407
f 10691/2826/2407 10693/2845/2407 10694/2828/2407
f 10695/2828/2408 10696/2845/2408 10697/2846/2408
f 10695/2828/2408 10697/2846/2408 10698/2830/2408
f 10699/2830/2409 10700/2846/2409 10701/2847/2409
f 10699/2830/2409 10701/2847/2409 10702/2832/2409
f 10703/2832/2410 10704/2847/2410 10705/2848/2410
f 10703/2832/2410 10705/2848/2410 10706/2834/2410
f 10707/2834/2411 10708/2848/2411 10709/2836/2411
f 10707/2834/2411 10709/2836/2411 10710/2811/2411
f 10711/2836/2412 10712/2771/2412 10713/2774/2412
f 10711/2836/2412 10713/2774/2412 10714/2837/2412
f 10715/2837/2413 10716/2774/2413 10717/2776/2413
f 10715/2837/2413 10717/2776/2413 10718/2838/2413
f 10719/2838/2414 10720/2776/2414 10721/2778/2414
f 10719/2838/2414 10721/2778/2414 10722/2839/2414
f 10723/2839/2415 10724/2778/2415 10725/2780/2415
f 10723/2839/2415 10725/2780/2415 10726/2840/2415
s 1
f 10727/2840/2416 10728/2780/2417 10729/2782/2417
f 10727/2840/2416 10729/2782/2417 10730/2841/2416
f 10731/2841/2418 10732/2782/2418 10733/2784/2419
f 10731/2841/2418 10733/2784/2419 10734/2842/2418
f 10735/2843/2420 10736/2785/2421 10737/2788/2421
f 10735/2843/2420 10737/2788/2421 10738/2844/2422
s 0
f 10739/2844/2423 10740/2788/2423 10741/2790/2423
f 10739/2844/2423 10741/2790/2423 10742/2845/2423
f 10743/2845/2424 10744/2790/2424 10745/2792/2424
f 10743/2845/2424 10745/2792/2424 10746/2846/2424
f 10747/2846/2425 10748/2792/2425 10749/2794/2425
f 10747/2846/2425 10749/2794/2425 10750/2847/2425
f 10751/2847/2426 10752/2794/2426 10753/2796/2426
f 10751/2847/2426 10753/2796/2426 10754/2848/2426
f 10755/2848/2427 10756/2796/2427 10757/2771/2427
f 10755/2848/2427 10757/2771/2427 10758/2836/2427
f 10759/2771/2348 10760/2772/2348 10761/2773/2348
f 10759/2771/2348 10761/2773/2348 10762/2774/2348
f 10763/2774/2349 10764/2773/2349 10765/2775/2349
f 10763/2774/2349 10765/2775/2349 10766/2776/2349
f 10767/2776/2350 10768/2775/2350 10769/2777/2350
f 10767/2776/2350 10769/2777/2350 10770/2778/2350
f 10771/2778/2351 10772/2777/2351 10773/2779/2351
f 10771/2778/2351 10773/2779/2351 10774/2780/2351
s 1
f 10775/2780/2428 10776/2779/2429 10777/2781/2428
f 10775/2780/2428 10777/2781/2428 10778/2782/2428
f 10779/2782/2430 10780/2781/2431 10781/2783/2430
f 10779/2782/2430 10781/2783/2430 10782/2784/2430
f 10783/2785/2432 10784/2786/2433 10785/2787/2434
f 10783/2785/2432 10785/2787/2434 10786/2788/2434
s 0
f 10787/2788/2360 10788/2787/2360 10789/2789/2360
f 10787/2788/2360 10789/2789/2360 10790/2790/2360
f 10791/2790/2361 10792/2789/2361 10793/2791/2361
f 10791/2790/2361 10793/2791/2361 10794/2792/2361
f 10795/2792/2362 10796/2791/2362 10797/2793/2362
f 10795/2792/2362 10797/2793/2362 10798/2794/2362
f 10799/2794/2363 10800/2793/2363 10801/2795/2363
f 10799/2794/2363 10801/2795/2363 10802/2796/2363
f 10803/2796/2364 10804/2795/2364 10805/2772/2364
f 10803/2796/2364 10805/2772/2364 10806/2771/2364
f 10807/2772/2365 10808/2797/2365 10809/2798/2365
f 10807/2772/2365 10809/2798/2365 10810/2773/2365
f 10811/2773/2366 10812/2798/2366 10813/2799/2366
f 10811/2773/2366 10813/2799/2366 10814/2775/2366
f 10815/2775/2367 10816/2799/2367 10817/2800/2367
f 10815/2775/2367 10817/2800/2367 10818/2777/2367
f 10819/2777/2368 10820/2800/2368 10821/2801/2368
f 10819/2777/2368 10821/2801/2368 10822/2779/2368
s 1
f 10823/2779/2435 10824/2801/2435 10825/2802/2436
f 10823/2779/2435 10825/2802/2436 10826/2781/2435
f 10827/2781/2437 10828/2802/2437 10829/2803/2437
f 10827/2781/2437 10829/2803/2437 10830/2783/2437
f 10831/2786/2438 10832/2804/2439 10833/2805/2439
f 10831/2786/2438 10833/2805/2439 10834/2787/2438
s 0
f 10835/2787/2375 10836/2805/2375 10837/2806/2375
f 10835/2787/2375 10837/2806/2375 10838/2789/2375
f 10839/2789/2376 10840/2806/2376 10841/2807/2376
f 10839/2789/2376 10841/2807/2376 10842/2791/2376
f 10843/2791/2377 10844/2807/2377 10845/2808/2377
f 10843/2791/2377 10845/2808/2377 10846/2793/2377
f 10847/2793/2378 10848/2808/2378 10849/2809/2378
f 10847/2793/2378 10849/2809/2378 10850/2795/2378
f 10851/2795/2379 10852/2809/2379 10853/2797/2379
f 10851/2795/2379 10853/2797/2379 10854/2772/2379
f 10855/2810/2380 10856/2811/2380 10857/2812/2380
f 10855/2810/2380 10857/2812/2380 10858/2813/2380
f 10859/2813/2440 10860/2812/2440 10861/2814/2440
f 10859/2813/2381 10861/2814/2381 10862/2815/2381
f 10863/2815/2382 10864/2814/2382 10865/2816/2382
f 10863/2815/2382 10865/2816/2382 10866/2817/2382
s 1
f 10867/2817/2383 10868/2816/2383 10869/2818/2441
f 10867/2817/2383 10869/2818/2441 10870/2819/2442
f 10870/2819/2442 10869/2818/2441 10871/2820/2443
f 10870/2819/2442 10871/2820/2443 10872/2821/2443
f 10873/2821/2444 10874/2820/2444 10875/2822/2445
f 10873/2821/2444 10875/2822/2445 10876/2823/2444
f 10877/2824/2446 10878/2825/2446 10879/2826/2446
f 10877/2824/2446 10879/2826/2446 10880/2827/2446
s 0
f 10881/2827/2447 10882/2826/2447 10883/2828/2447
f 10881/2827/2447 10883/2828/2447 10884/2829/2447
f 10885/2829/2392 10886/2828/2392 10887/2830/2392
f 10885/2829/2392 10887/2830/2392 10888/2831/2392
f 10889/2831/2393 10890/2830/2393 10891/2832/2393
f 10889/2831/2393 10891/2832/2393 10892/2833/2393
f 10893/2833/2448 10894/2832/2448 10895/2834/2448
f 10893/2833/2394 10895/2834/2394 10896/2835/2394
f 10897/2835/2395 10898/2834/2395 10899/2811/2395
f 10897/2835/2395 10899/2811/2395 10900/2810/2395
f 10901/2811/2396 10902/2836/2396 10903/2837/2396
f 10901/2811/2396 10903/2837/2396 10904/2812/2396
f 10905/2812/2397 10906/2837/2397 10907/2838/2397
f 10905/2812/2397 10907/2838/2397 10908/2814/2397
f 10909/2814/2398 10910/2838/2398 10911/2839/2398
f 10909/2814/2398 10911/2839/2398 10912/2816/2398
f 10913/2816/2399 10914/2839/2399 10915/2840/2399
f 10913/2816/2399 10915/2840/2399 10916/2818/2399
s 1
f 10917/2818/2449 10918/2840/2449 10919/2841/2449
f 10917/2818/2449 10919/2841/2449 10920/2820/2449
f 10921/2820/2450 10922/2841/2451 10923/2842/2450
f 10921/2820/2450 10923/2842/2450 10924/2822/2450
f 10925/2825/2452 10926/2843/2452 10927/2844/2452
f 10925/2825/2452 10927/2844/2452 10928/2826/2452
s 0
f 10929/2826/2407 10930/2844/2407 10931/2845/2407
f 10929/2826/2407 10931/2845/2407 10932/2828/2407
s 1
f 10933/2828/2408 10934/2845/2408 10935/2846/2408
s 0
f 10933/2828/2408 10935/2846/2408 10936/2830/2408
f 10937/2830/2409 10938/2846/2409 10939/2847/2409
f 10937/2830/2409 10939/2847/2409 10940/2832/2409
f 10941/2832/2410 10942/2847/2410 10943/2848/2410
f 10941/2832/2410 10943/2848/2410 10944/2834/2410
f 10945/2834/2411 10946/2848/2411 10947/2836/2411
f 10945/2834/2411 10947/2836/2411 10948/2811/2411
f 10949/2836/2412 10950/2771/2412 10951/2774/2412
f 10949/2836/2412 10951/2774/2412 10952/2837/2412
f 10953/2837/2413 10954/2774/2413 10955/2776/2413
f 10953/2837/2413 10955/2776/2413 10956/2838/2413
f 10957/2838/2414 10958/2776/2414 10959/2778/2414
f 10957/2838/2414 10959/2778/2414 10960/2839/2414
f 10961/2839/2415 10962/2778/2415 10963/2780/2415
f 10961/2839/2415 10963/2780/2415 10964/2840/2415
s 1
f 10965/2840/2453 10966/2780/2454 10967/2782/2455
f 10965/2840/2453 10967/2782/2455 10968/2841/2456
f 10969/2841/2457 10970/2782/2457 10971/2784/2457
f 10969/2841/2457 10971/2784/2457 10972/2842/2457
f 10973/2843/2458 10974/2785/2458 10975/2788/2459
f 10973/2843/2458 10975/2788/2459 10976/2844/2460
s 0
f 10977/2844/2423 10978/2788/2423 10979/2790/2423
s 1
f 10977/2844/2423 10979/2790/2423 10980/2845/2423
s 0
f 10981/2845/2424 10982/2790/2424 10983/2792/2424
f 10981/2845/2424 10983/2792/2424 10984/2846/2424
f 10985/2846/2425 10986/2792/2425 10987/2794/2425
f 10985/2846/2425 10987/2794/2425 10988/2847/2425
f 10989/2847/2426 10990/2794/2426 10991/2796/2426
f 10989/2847/2426 10991/2796/2426 10992/2848/2426
f 10993/2848/2427 10994/2796/2427 10995/2771/2427
f 10993/2848/2427 10995/2771/2427 10996/2836/2427
o blockage.009_Material.016_0
v -2.315351 0.175867 7.586720
v -2.247720 0.840487 7.590720
v -2.317784 0.840487 7.705206
v -2.347851 0.175867 7.639826
v -2.347851 0.175867 7.639826
v -2.317784 0.840487 7.705206
v -2.443930 0.840487 7.697747
v -2.406366 0.175867 7.636366
v -2.406366 0.175867 7.636366
v -2.443930 0.840487 7.697747
v -2.500012 0.840487 7.575800
v -2.432380 0.175867 7.579800
v -2.432380 0.175867 7.579800
v -2.500012 0.840487 7.575800
v -2.429948 0.840487 7.461314
v -2.399880 0.175867 7.526694
v -2.399880 0.175867 7.526694
v -2.429948 0.840487 7.461314
v -2.303802 0.840487 7.468774
v -2.341366 0.175867 7.530154
v -2.341366 0.175867 7.530154
v -2.303802 0.840487 7.468774
v -2.247720 0.840487 7.590720
v -2.315351 0.175867 7.586720
v -2.317784 0.840487 7.705206
v -2.247720 0.840487 7.590720
v -2.303802 0.840487 7.468774
v -2.429948 0.840487 7.461314
v -2.500012 0.840487 7.575800
v -2.443930 0.840487 7.697747
v -2.315351 0.175867 7.586720
v -2.347851 0.175867 7.639826
v -2.406366 0.175867 7.636366
v -2.432380 0.175867 7.579800
v -2.399880 0.175867 7.526694
v -2.341366 0.175867 7.530154
vn 0.8495 -0.0896 0.5199
vn -0.0588 -0.0951 0.9937
vn -0.9049 -0.0896 0.4161
vn -0.8495 -0.0896 -0.5199
vn 0.0588 -0.0951 -0.9937
vn 0.9049 -0.0896 -0.4161
vn -0.0000 1.0000 -0.0000
vn -0.0000 -1.0000 -0.0000
vt 1.000000 0.500000
vt 1.000000 0.000000
vt 0.833333 0.000000
vt 0.833333 0.500000
vt 0.666667 0.000000
vt 0.666667 0.500000
vt 0.500000 0.000000
vt 0.500000 0.500000
vt 0.333333 0.000000
vt 0.333333 0.500000
vt 0.166667 0.000000
vt 0.166667 0.500000
vt -0.000000 0.000000
vt -0.000000 0.500000
vt 0.250000 0.990000
vt 0.042154 0.630000
vt 0.042154 0.870000
vt 0.250000 0.510000
vt 0.457846 0.870000
vt 0.457846 0.630000
vt 0.542154 0.630000
vt 0.750000 0.990000
vt 0.542154 0.870000
vt 0.750000 0.510000
vt 0.957846 0.870000
vt 0.957846 0.630000
s 0
usemtl Material.016
f 10997/2849/2461 10998/2850/2461 10999/2851/2461
f 10997/2849/2461 10999/2851/2461 11000/2852/2461
f 11001/2852/2462 11002/2851/2462 11003/2853/2462
f 11001/2852/2462 11003/2853/2462 11004/2854/2462
f 11005/2854/2463 11006/2853/2463 11007/2855/2463
f 11005/2854/2463 11007/2855/2463 11008/2856/2463
f 11009/2856/2464 11010/2855/2464 11011/2857/2464
f 11009/2856/2464 11011/2857/2464 11012/2858/2464
f 11013/2858/2465 11014/2857/2465 11015/2859/2465
f 11013/2858/2465 11015/2859/2465 11016/2860/2465
f 11017/2860/2466 11018/2859/2466 11019/2861/2466
f 11017/2860/2466 11019/2861/2466 11020/2862/2466
f 11025/2863/2467 11023/2864/2467 11024/2865/2467
f 11023/2864/2467 11025/2863/2467 11022/2866/2467
f 11022/2866/2467 11025/2863/2467 11026/2867/2467
f 11022/2866/2467 11026/2867/2467 11021/2868/2467
f 11032/2869/2468 11030/2870/2468 11031/2871/2468
f 11030/2870/2468 11032/2869/2468 11027/2872/2468
f 11030/2870/2468 11027/2872/2468 11029/2873/2468
f 11029/2873/2468 11027/2872/2468 11028/2874/2468
o blockage.009_white_0
v -2.380354 0.643186 7.769410
v -2.153178 0.643186 7.642336
v -2.158903 0.661246 7.640377
v -2.379991 0.661246 7.764046
v -2.379991 0.661246 7.764046
v -2.158903 0.661246 7.640377
v -2.174541 0.674466 7.635024
v -2.378999 0.674466 7.749390
v -2.378999 0.674466 7.749390
v -2.174541 0.674466 7.635024
v -2.195904 0.679306 7.627711
v -2.377645 0.679306 7.729371
v -2.377645 0.679306 7.729371
v -2.195904 0.679306 7.627711
v -2.217268 0.674466 7.620399
v -2.376291 0.674466 7.709351
v -2.376291 0.674466 7.709351
v -2.217268 0.674466 7.620399
v -2.284495 0.661246 7.615046
v -2.375299 0.661246 7.694695
v -2.375299 0.661246 7.694695
v -2.284495 0.661246 7.615046
v -2.290360 0.643186 7.613119
v -2.374936 0.643186 7.689331
v -2.374936 0.643186 7.689331
v -2.290360 0.643186 7.613119
v -2.232907 0.625126 7.615046
v -2.375299 0.625126 7.694695
v -2.375299 0.625126 7.694695
v -2.232907 0.625126 7.615046
v -2.217268 0.611905 7.620399
v -2.376291 0.611905 7.709351
v -2.376291 0.611905 7.709351
v -2.217268 0.611905 7.620399
v -2.195904 0.607065 7.627711
v -2.377645 0.607065 7.729371
v -2.377645 0.607065 7.729371
v -2.195904 0.607065 7.627711
v -2.174541 0.611905 7.635024
v -2.378999 0.611905 7.749390
v -2.378999 0.611905 7.749390
v -2.174541 0.611905 7.635024
v -2.158903 0.625126 7.640377
v -2.379991 0.625126 7.764046
v -2.379991 0.625126 7.764046
v -2.158903 0.625126 7.640377
v -2.153178 0.643186 7.642336
v -2.380354 0.643186 7.769410
v -2.153178 0.643186 7.642336
v -2.221234 0.643186 7.414206
v -2.225135 0.661246 7.418359
v -2.158903 0.661246 7.640377
v -2.158903 0.661246 7.640377
v -2.225135 0.661246 7.418359
v -2.235792 0.674467 7.429706
v -2.174541 0.674466 7.635024
v -2.174541 0.674466 7.635024
v -2.235792 0.674467 7.429706
v -2.250350 0.679306 7.445207
v -2.195904 0.679306 7.627711
v -2.195904 0.679306 7.627711
v -2.250350 0.679306 7.445207
v -2.264907 0.674467 7.460707
v -2.217268 0.674466 7.620399
v -2.217268 0.674466 7.620399
v -2.264907 0.674467 7.460707
v -2.275564 0.661246 7.472054
v -2.284495 0.661246 7.615046
v -2.284495 0.661246 7.615046
v -2.275564 0.661246 7.472054
v -2.312658 0.646955 7.503592
v -2.290360 0.643186 7.613119
v -2.290360 0.643186 7.613119
v -2.312658 0.646955 7.503592
v -2.275564 0.625126 7.472054
v -2.232907 0.625126 7.615046
v -2.232907 0.625126 7.615046
v -2.275564 0.625126 7.472054
v -2.264907 0.611905 7.460707
v -2.217268 0.611905 7.620399
v -2.217268 0.611905 7.620399
v -2.264907 0.611905 7.460707
v -2.250350 0.607065 7.445207
v -2.195904 0.607065 7.627711
v -2.195904 0.607065 7.627711
v -2.250350 0.607065 7.445207
v -2.235792 0.611905 7.429706
v -2.174541 0.611905 7.635024
v -2.174541 0.611905 7.635024
v -2.235792 0.611905 7.429706
v -2.225135 0.625126 7.418359
v -2.158903 0.625126 7.640377
v -2.158903 0.625126 7.640377
v -2.225135 0.625126 7.418359
v -2.221234 0.643186 7.414206
v -2.153178 0.643186 7.642336
v -2.221234 0.643186 7.414206
v -2.490471 0.643186 7.400288
v -2.487157 0.661246 7.404814
v -2.225135 0.661246 7.418359
v -2.225135 0.661246 7.418359
v -2.487157 0.661246 7.404814
v -2.478105 0.674467 7.417180
v -2.235792 0.674467 7.429706
v -2.235792 0.674467 7.429706
v -2.478105 0.674467 7.417180
v -2.465739 0.679306 7.434072
v -2.250350 0.679306 7.445207
v -2.250350 0.679306 7.445207
v -2.465739 0.679306 7.434072
v -2.453372 0.674467 7.450965
v -2.264907 0.674467 7.460707
v -2.264907 0.674467 7.460707
v -2.453372 0.674467 7.450965
v -2.430719 0.661246 7.485524
v -2.275564 0.661246 7.472054
v -2.275564 0.661246 7.472054
v -2.430719 0.661246 7.485524
v -2.427405 0.643186 7.490050
v -2.312658 0.646955 7.503592
v -2.312658 0.646955 7.503592
v -2.427405 0.643186 7.490050
v -2.444320 0.625126 7.463331
v -2.275564 0.625126 7.472054
v -2.275564 0.625126 7.472054
v -2.444320 0.625126 7.463331
v -2.453372 0.611905 7.450965
v -2.264907 0.611905 7.460707
v -2.264907 0.611905 7.460707
v -2.453372 0.611905 7.450965
v -2.465739 0.607065 7.434072
v -2.250350 0.607065 7.445207
v -2.250350 0.607065 7.445207
v -2.465739 0.607065 7.434072
v -2.478105 0.611905 7.417180
v -2.235792 0.611905 7.429706
v -2.235792 0.611905 7.429706
v -2.478105 0.611905 7.417180
v -2.487157 0.625126 7.404814
v -2.225135 0.625126 7.418359
v -2.225135 0.625126 7.418359
v -2.487157 0.625126 7.404814
v -2.490471 0.643186 7.400288
v -2.221234 0.643186 7.414206
v -2.490471 0.643186 7.400288
v -2.588812 0.643186 7.619816
v -2.582864 0.661246 7.618460
v -2.487157 0.661246 7.404814
v -2.487157 0.661246 7.404814
v -2.582864 0.661246 7.618460
v -2.566612 0.674466 7.614756
v -2.478105 0.674467 7.417180
v -2.478105 0.674467 7.417180
v -2.566612 0.674466 7.614756
v -2.544412 0.679306 7.609695
v -2.465739 0.679306 7.434072
v -2.465739 0.679306 7.434072
v -2.544412 0.679306 7.609695
v -2.522211 0.674466 7.604635
v -2.453372 0.674467 7.450965
v -2.453372 0.674467 7.450965
v -2.522211 0.674466 7.604635
v -2.469401 0.661246 7.600930
v -2.430719 0.661246 7.485524
v -2.430719 0.661246 7.485524
v -2.469401 0.661246 7.600930
v -2.463453 0.643186 7.599574
v -2.427405 0.643186 7.490050
v -2.427405 0.643186 7.490050
v -2.463453 0.643186 7.599574
v -2.505960 0.625126 7.600930
v -2.444320 0.625126 7.463331
v -2.444320 0.625126 7.463331
v -2.505960 0.625126 7.600930
v -2.522211 0.611905 7.604635
v -2.453372 0.611905 7.450965
v -2.453372 0.611905 7.450965
v -2.522211 0.611905 7.604635
v -2.544412 0.607065 7.609695
v -2.465739 0.607065 7.434072
v -2.465739 0.607065 7.434072
v -2.544412 0.607065 7.609695
v -2.566612 0.611905 7.614756
v -2.478105 0.611905 7.417180
v -2.478105 0.611905 7.417180
v -2.566612 0.611905 7.614756
v -2.582864 0.625126 7.618460
v -2.487157 0.625126 7.404814
v -2.487157 0.625126 7.404814
v -2.582864 0.625126 7.618460
v -2.588812 0.643186 7.619816
v -2.490471 0.643186 7.400288
v -2.588812 0.643186 7.619816
v -2.380354 0.643186 7.769410
v -2.379991 0.661246 7.764046
v -2.582864 0.661246 7.618460
v -2.582864 0.661246 7.618460
v -2.379991 0.661246 7.764046
v -2.378999 0.674466 7.749390
v -2.566612 0.674466 7.614756
v -2.566612 0.674466 7.614756
v -2.378999 0.674466 7.749390
v -2.377645 0.679306 7.729371
v -2.544412 0.679306 7.609695
v -2.544412 0.679306 7.609695
v -2.377645 0.679306 7.729371
v -2.376291 0.674466 7.709351
v -2.522211 0.674466 7.604635
v -2.522211 0.674466 7.604635
v -2.376291 0.674466 7.709351
v -2.375299 0.661246 7.694695
v -2.469401 0.661246 7.600930
v -2.469401 0.661246 7.600930
v -2.375299 0.661246 7.694695
v -2.374936 0.643186 7.689331
v -2.463453 0.643186 7.599574
v -2.463453 0.643186 7.599574
v -2.374936 0.643186 7.689331
v -2.375299 0.625126 7.694695
v -2.505960 0.625126 7.600930
v -2.505960 0.625126 7.600930
v -2.375299 0.625126 7.694695
v -2.376291 0.611905 7.709351
v -2.522211 0.611905 7.604635
v -2.522211 0.611905 7.604635
v -2.376291 0.611905 7.709351
v -2.377645 0.607065 7.729371
v -2.544412 0.607065 7.609695
v -2.544412 0.607065 7.609695
v -2.377645 0.607065 7.729371
v -2.378999 0.611905 7.749390
v -2.566612 0.611905 7.614756
v -2.566612 0.611905 7.614756
v -2.378999 0.611905 7.749390
v -2.379991 0.625126 7.764046
v -2.582864 0.625126 7.618460
v -2.582864 0.625126 7.618460
v -2.379991 0.625126 7.764046
v -2.380354 0.643186 7.769410
v -2.588812 0.643186 7.619816
v -2.380827 0.691472 7.776408
v -2.145711 0.691472 7.644892
v -2.151636 0.710164 7.642864
v -2.380452 0.710164 7.770856
v -2.380452 0.710164 7.770856
v -2.151636 0.710164 7.642864
v -2.167821 0.723847 7.637324
v -2.379426 0.723846 7.755688
v -2.379426 0.723846 7.755688
v -2.167821 0.723847 7.637324
v -2.189931 0.728855 7.629755
v -2.378024 0.728855 7.734968
v -2.378024 0.728855 7.734968
v -2.189931 0.728855 7.629755
v -2.212041 0.723847 7.622188
v -2.376622 0.723847 7.714249
v -2.376622 0.723847 7.714249
v -2.212041 0.723847 7.622188
v -2.279956 0.710164 7.616681
v -2.375596 0.710164 7.699081
v -2.375596 0.710164 7.699081
v -2.279956 0.710164 7.616681
v -2.285739 0.691472 7.614619
v -2.375220 0.691472 7.693529
v -2.375220 0.691472 7.693529
v -2.285739 0.691472 7.614619
v -2.228226 0.672781 7.616647
v -2.375596 0.672781 7.699081
v -2.375596 0.672781 7.699081
v -2.228226 0.672781 7.616647
v -2.212041 0.659098 7.622188
v -2.376622 0.659098 7.714249
v -2.376622 0.659098 7.714249
v -2.212041 0.659098 7.622188
v -2.189931 0.654090 7.629755
v -2.378024 0.654090 7.734968
v -2.378024 0.654090 7.734968
v -2.189931 0.654090 7.629755
v -2.167821 0.659098 7.637324
v -2.379426 0.659098 7.755688
v -2.379426 0.659098 7.755688
v -2.167821 0.659098 7.637324
v -2.151636 0.672781 7.642864
v -2.380452 0.672781 7.770856
v -2.380452 0.672781 7.770856
v -2.151636 0.672781 7.642864
v -2.145711 0.691472 7.644892
v -2.380827 0.691472 7.776408
v -2.145711 0.691472 7.644892
v -2.216146 0.691472 7.408788
v -2.220183 0.710163 7.413086
v -2.151636 0.710164 7.642864
v -2.151636 0.710164 7.642864
v -2.220183 0.710163 7.413086
v -2.231213 0.723846 7.424830
v -2.167821 0.723847 7.637324
v -2.167821 0.723847 7.637324
v -2.231213 0.723846 7.424830
v -2.246279 0.728855 7.440872
v -2.189931 0.728855 7.629755
v -2.189931 0.728855 7.629755
v -2.246279 0.728855 7.440872
v -2.261345 0.723846 7.456915
v -2.212041 0.723847 7.622188
v -2.212041 0.723847 7.622188
v -2.261345 0.723846 7.456915
v -2.305568 0.713933 7.496043
v -2.279956 0.710164 7.616681
v -2.279956 0.710164 7.616681
v -2.305568 0.713933 7.496043
v -2.309606 0.695241 7.500342
v -2.285739 0.691472 7.614619
v -2.285739 0.691472 7.614619
v -2.309606 0.695241 7.500342
v -2.272375 0.672781 7.468658
v -2.228226 0.672781 7.616647
v -2.228226 0.672781 7.616647
v -2.272375 0.672781 7.468658
v -2.261345 0.659098 7.456915
v -2.212041 0.659098 7.622188
v -2.212041 0.659098 7.622188
v -2.261345 0.659098 7.456915
v -2.246279 0.654090 7.440872
v -2.189931 0.654090 7.629755
v -2.189931 0.654090 7.629755
v -2.246279 0.654090 7.440872
v -2.231213 0.659098 7.424830
v -2.167821 0.659098 7.637324
v -2.167821 0.659098 7.637324
v -2.231213 0.659098 7.424830
v -2.220183 0.672781 7.413086
v -2.151636 0.672781 7.642864
v -2.151636 0.672781 7.642864
v -2.220183 0.672781 7.413086
v -2.216146 0.691472 7.408788
v -2.145711 0.691472 7.644892
v -2.216146 0.691472 7.408788
v -2.494793 0.691472 7.394383
v -2.491364 0.710163 7.399068
v -2.220183 0.710163 7.413086
v -2.220183 0.710163 7.413086
v -2.491364 0.710163 7.399068
v -2.481995 0.723846 7.411866
v -2.231213 0.723846 7.424830
v -2.231213 0.723846 7.424830
v -2.481995 0.723846 7.411866
v -2.469196 0.728855 7.429349
v -2.246279 0.728855 7.440872
v -2.246279 0.728855 7.440872
v -2.469196 0.728855 7.429349
v -2.456398 0.723846 7.446832
v -2.261345 0.723846 7.456915
v -2.433428 0.710163 7.481823
v -2.305568 0.713933 7.496043
v -2.305568 0.713933 7.496043
v -2.433428 0.710163 7.481823
v -2.429998 0.691472 7.486508
v -2.309606 0.695241 7.500342
v -2.309606 0.695241 7.500342
v -2.429998 0.691472 7.486508
v -2.447029 0.672781 7.459630
v -2.272375 0.672781 7.468658
v -2.272375 0.672781 7.468658
v -2.447029 0.672781 7.459630
v -2.456398 0.659098 7.446832
v -2.261345 0.659098 7.456915
v -2.261345 0.659098 7.456915
v -2.456398 0.659098 7.446832
v -2.469196 0.654090 7.429349
v -2.246279 0.654090 7.440872
v -2.246279 0.654090 7.440872
v -2.469196 0.654090 7.429349
v -2.481995 0.659098 7.411866
v -2.231213 0.659098 7.424830
v -2.231213 0.659098 7.424830
v -2.481995 0.659098 7.411866
v -2.491364 0.672781 7.399068
v -2.220183 0.672781 7.413086
v -2.220183 0.672781 7.413086
v -2.491364 0.672781 7.399068
v -2.494793 0.691472 7.394383
v -2.216146 0.691472 7.408788
v -2.494793 0.691472 7.394383
v -2.596571 0.691472 7.621585
v -2.590415 0.710164 7.620182
v -2.491364 0.710163 7.399068
v -2.491364 0.710163 7.399068
v -2.590415 0.710164 7.620182
v -2.573595 0.723847 7.616348
v -2.481995 0.723846 7.411866
v -2.481995 0.723846 7.411866
v -2.573595 0.723847 7.616348
v -2.550619 0.728855 7.611110
v -2.469196 0.728855 7.429349
v -2.469196 0.728855 7.429349
v -2.550619 0.728855 7.611110
v -2.527643 0.723847 7.605873
v -2.456398 0.723846 7.446832
v -2.456398 0.723846 7.446832
v -2.527643 0.723847 7.605873
v -2.474265 0.710164 7.602039
v -2.433428 0.710163 7.481823
v -2.433428 0.710163 7.481823
v -2.474265 0.710164 7.602039
v -2.468108 0.691472 7.600636
v -2.429998 0.691472 7.486508
v -2.429998 0.691472 7.486508
v -2.468108 0.691472 7.600636
v -2.510823 0.672781 7.602039
v -2.447029 0.672781 7.459630
v -2.447029 0.672781 7.459630
v -2.510823 0.672781 7.602039
v -2.527643 0.659098 7.605873
v -2.456398 0.659098 7.446832
v -2.456398 0.659098 7.446832
v -2.527643 0.659098 7.605873
v -2.550619 0.654090 7.611110
v -2.469196 0.654090 7.429349
v -2.469196 0.654090 7.429349
v -2.550619 0.654090 7.611110
v -2.573595 0.659098 7.616348
v -2.481995 0.659098 7.411866
v -2.481995 0.659098 7.411866
v -2.573595 0.659098 7.616348
v -2.590415 0.672781 7.620182
v -2.491364 0.672781 7.399068
v -2.491364 0.672781 7.399068
v -2.590415 0.672781 7.620182
v -2.596571 0.691472 7.621585
v -2.494793 0.691472 7.394383
v -2.596571 0.691472 7.621585
v -2.380827 0.691472 7.776408
v -2.380452 0.710164 7.770856
v -2.590415 0.710164 7.620182
v -2.590415 0.710164 7.620182
v -2.380452 0.710164 7.770856
v -2.379426 0.723846 7.755688
v -2.573595 0.723847 7.616348
v -2.573595 0.723847 7.616348
v -2.379426 0.723846 7.755688
v -2.378024 0.728855 7.734968
v -2.550619 0.728855 7.611110
v -2.550619 0.728855 7.611110
v -2.378024 0.728855 7.734968
v -2.376622 0.723847 7.714249
v -2.527643 0.723847 7.605873
v -2.527643 0.723847 7.605873
v -2.376622 0.723847 7.714249
v -2.375596 0.710164 7.699081
v -2.474265 0.710164 7.602039
v -2.474265 0.710164 7.602039
v -2.375596 0.710164 7.699081
v -2.375220 0.691472 7.693529
v -2.468108 0.691472 7.600636
v -2.468108 0.691472 7.600636
v -2.375220 0.691472 7.693529
v -2.375596 0.672781 7.699081
v -2.510823 0.672781 7.602039
v -2.510823 0.672781 7.602039
v -2.375596 0.672781 7.699081
v -2.376622 0.659098 7.714249
v -2.527643 0.659098 7.605873
v -2.527643 0.659098 7.605873
v -2.376622 0.659098 7.714249
v -2.378024 0.654090 7.734968
v -2.550619 0.654090 7.611110
v -2.550619 0.654090 7.611110
v -2.378024 0.654090 7.734968
v -2.379426 0.659098 7.755688
v -2.573595 0.659098 7.616348
v -2.573595 0.659098 7.616348
v -2.379426 0.659098 7.755688
v -2.380452 0.672781 7.770856
v -2.590415 0.672781 7.620182
v -2.590415 0.672781 7.620182
v -2.380452 0.672781 7.770856
v -2.380827 0.691472 7.776408
v -2.596571 0.691472 7.621585
vn 0.4737 0.2420 0.8468
vn 0.3573 0.6813 0.6388
vn 0.1350 0.9610 0.2414
vn -0.1350 0.9610 -0.2414
vn -0.2474 0.8969 -0.3665
vn -0.2473 0.8970 -0.3665
vn -0.2473 0.8969 -0.3665
vn -0.2474 0.8969 -0.3666
vn -0.6441 0.2444 -0.7248
vn -0.6443 0.2445 -0.7246
vn -0.3882 -0.7277 -0.5654
vn -0.3883 -0.7278 -0.5653
vn -0.3573 -0.6813 -0.6388
vn -0.1350 -0.9610 -0.2414
vn 0.1350 -0.9610 0.2414
vn 0.3573 -0.6813 0.6388
vn 0.4737 -0.2420 0.8468
vn 0.9245 0.2631 -0.2758
vn 0.6716 0.7133 -0.2004
vn 0.2440 0.9670 -0.0728
vn -0.2440 0.9670 0.0728
vn -0.3184 0.9471 0.0407
vn -0.5820 0.8121 0.0429
vn -0.5819 0.8121 0.0429
vn -0.5819 0.8121 0.0430
vn -0.3660 -0.9271 0.0803
vn -0.3660 -0.9272 0.0803
vn -0.6716 -0.7133 0.2004
vn -0.2440 -0.9670 0.0728
vn 0.2440 -0.9670 -0.0728
vn 0.6716 -0.7133 -0.2004
vn 0.9245 -0.2631 -0.2758
vn 0.0502 0.2341 -0.9709
vn 0.0384 0.6684 -0.7428
vn 0.0147 0.9583 -0.2853
vn -0.0147 0.9583 0.2853
vn 0.0054 0.8671 0.4981
vn 0.0054 0.8671 0.4980
vn -0.0107 0.7493 0.6621
vn -0.0107 0.7493 0.6622
vn -0.0106 0.7493 0.6622
vn -0.0106 0.7493 0.6621
vn -0.0327 -0.8299 0.5569
vn -0.0384 -0.6684 0.7428
vn -0.0147 -0.9583 0.2853
vn 0.0147 -0.9583 -0.2853
vn 0.0384 -0.6684 -0.7428
vn 0.0502 -0.2341 -0.9709
vn -0.8811 0.2606 -0.3947
vn -0.6430 0.7097 -0.2880
vn -0.2346 0.9664 -0.1051
vn 0.2346 0.9664 0.1051
vn 0.2865 0.9512 0.1145
vn 0.9159 0.2616 0.3043
vn 0.9160 0.2616 0.3042
vn 0.9160 0.2616 0.3043
vn 0.4540 -0.8728 0.1795
vn 0.4539 -0.8728 0.1794
vn 0.4539 -0.8728 0.1795
vn 0.6430 -0.7097 0.2880
vn 0.2346 -0.9664 0.1051
vn -0.2346 -0.9664 -0.1051
vn -0.6430 -0.7097 -0.2880
vn -0.8811 -0.2606 -0.3947
vn -0.5652 0.2453 0.7876
vn -0.4239 0.6866 0.5907
vn -0.1591 0.9620 0.2218
vn 0.1591 0.9620 -0.2218
vn 0.3053 0.8777 -0.3692
vn 0.3054 0.8777 -0.3693
vn 0.6869 0.2472 -0.6835
vn 0.6868 0.2472 -0.6835
vn 0.4761 -0.6709 -0.5686
vn 0.4761 -0.6708 -0.5686
vn 0.4760 -0.6709 -0.5686
vn 0.4239 -0.6866 -0.5907
vn 0.1591 -0.9620 -0.2218
vn -0.1591 -0.9620 0.2218
vn -0.4239 -0.6866 0.5907
vn -0.5652 -0.2453 0.7876
vn -0.2502 0.8934 -0.3732
vn -0.2502 0.8934 -0.3731
vn -0.6376 0.2412 -0.7317
vn -0.6375 0.2412 -0.7317
vn -0.3926 -0.7168 -0.5763
vn -0.3925 -0.7168 -0.5762
vn -0.3926 -0.7168 -0.5762
vn -0.1877 0.9803 0.0621
vn -0.1876 0.9803 0.0621
vn -0.9431 0.2601 0.2070
vn -0.3747 -0.9233 0.0839
vn -0.3748 -0.9233 0.0839
vn 0.0384 0.6685 -0.7428
vn -0.0247 0.9566 0.2902
vn -0.0240 0.9568 0.2897
vn -0.0333 0.9551 0.2945
vn -0.1162 0.2338 0.9653
vn -0.1162 0.2339 0.9653
vn -0.0334 -0.8231 0.5669
vn -0.0384 -0.6685 0.7428
vn 0.0384 -0.6685 -0.7428
vn 0.2923 0.9491 0.1173
vn 0.9147 0.2616 0.3081
vn 0.9147 0.2616 0.3080
vn 0.4637 -0.8666 0.1842
vn 0.3086 0.8741 -0.3752
vn 0.3087 0.8741 -0.3752
vn 0.3087 0.8740 -0.3752
vn 0.3086 0.8741 -0.3751
vn 0.6822 0.2472 -0.6881
vn 0.4802 -0.6609 -0.5767
vn 0.4802 -0.6608 -0.5768
vn 0.4802 -0.6609 -0.5768
vt 0.600000 0.500000
vt 0.800000 0.500000
vt 0.800000 0.416667
vt 0.600000 0.416667
vt 0.800000 0.333333
vt 0.600000 0.333333
vt 0.800000 0.250000
vt 0.600000 0.250000
vt 0.800000 0.166667
vt 0.600000 0.166667
vt 0.800000 0.083333
vt 0.600000 0.083333
vt 0.800000 0.000000
vt 0.600000 0.000000
vt 0.600000 1.000000
vt 0.800000 1.000000
vt 0.800000 0.916667
vt 0.600000 0.916667
vt 0.800000 0.833333
vt 0.600000 0.833333
vt 0.800000 0.750000
vt 0.600000 0.750000
vt 0.800000 0.666667
vt 0.600000 0.666667
vt 0.800000 0.583333
vt 0.600000 0.583333
vt 1.000000 0.500000
vt 1.000000 0.416667
vt 1.000000 0.333333
vt 1.000000 0.250000
vt 1.000000 0.166667
vt 1.000000 0.083333
vt 1.000000 0.000000
vt 1.000000 1.000000
vt 1.000000 0.916667
vt 1.000000 0.833333
vt 1.000000 0.750000
vt 1.000000 0.666667
vt 1.000000 0.583333
vt 0.000000 0.500000
vt 0.200000 0.500000
vt 0.200000 0.416667
vt 0.000000 0.416667
vt 0.200000 0.333333
vt 0.000000 0.333333
vt 0.200000 0.250000
vt 0.000000 0.250000
vt 0.200000 0.166667
vt 0.000000 0.166667
vt 0.200000 0.083333
vt 0.000000 0.083333
vt 0.200000 0.000000
vt 0.000000 0.000000
vt 0.000000 1.000000
vt 0.200000 1.000000
vt 0.200000 0.916667
vt 0.000000 0.916667
vt 0.200000 0.833333
vt 0.000000 0.833333
vt 0.200000 0.750000
vt 0.000000 0.750000
vt 0.200000 0.666667
vt 0.000000 0.666667
vt 0.200000 0.583333
vt 0.000000 0.583333
vt 0.400000 0.500000
vt 0.400000 0.416667
vt 0.400000 0.333333
vt 0.400000 0.250000
vt 0.400000 0.166667
vt 0.400000 0.083333
vt 0.400000 0.000000
vt 0.400000 1.000000
vt 0.400000 0.916667
vt 0.400000 0.833333
vt 0.400000 0.750000
vt 0.400000 0.666667
vt 0.400000 0.583333
s 0
usemtl white
f 11033/2875/2469 11034/2876/2469 11035/2877/2469
f 11033/2875/2469 11035/2877/2469 11036/2878/2469
f 11037/2878/2470 11038/2877/2470 11039/2879/2470
f 11037/2878/2470 11039/2879/2470 11040/2880/2470
f 11041/2880/2471 11042/2879/2471 11043/2881/2471
f 11041/2880/2471 11043/2881/2471 11044/2882/2471
f 11045/2882/2472 11046/2881/2472 11047/2883/2472
f 11045/2882/2472 11047/2883/2472 11048/2884/2472
s 1
f 11049/2884/2473 11050/2883/2474 11051/2885/2475
f 11049/2884/2473 11051/2885/2475 11052/2886/2476
f 11053/2886/2477 11054/2885/2478 11055/2887/2477
f 11053/2886/2477 11055/2887/2477 11056/2888/2477
f 11057/2889/2479 11058/2890/2480 11059/2891/2480
f 11057/2889/2479 11059/2891/2480 11060/2892/2480
s 0
f 11061/2892/2481 11062/2891/2481 11063/2893/2481
f 11061/2892/2481 11063/2893/2481 11064/2894/2481
f 11065/2894/2482 11066/2893/2482 11067/2895/2482
f 11065/2894/2482 11067/2895/2482 11068/2896/2482
f 11069/2896/2483 11070/2895/2483 11071/2897/2483
f 11069/2896/2483 11071/2897/2483 11072/2898/2483
f 11073/2898/2484 11074/2897/2484 11075/2899/2484
f 11073/2898/2484 11075/2899/2484 11076/2900/2484
f 11077/2900/2485 11078/2899/2485 11079/2876/2485
f 11077/2900/2485 11079/2876/2485 11080/2875/2485
f 11081/2876/2486 11082/2901/2486 11083/2902/2486
f 11081/2876/2486 11083/2902/2486 11084/2877/2486
s 1
f 11085/2877/2487 11086/2902/2487 11087/2903/2487
s 0
f 11085/2877/2487 11087/2903/2487 11088/2879/2487
f 11089/2879/2488 11090/2903/2488 11091/2904/2488
f 11089/2879/2488 11091/2904/2488 11092/2881/2488
f 11093/2881/2489 11094/2904/2489 11095/2905/2489
f 11093/2881/2489 11095/2905/2489 11096/2883/2489
s 1
f 11097/2883/2490 11098/2905/2490 11099/2906/2490
f 11097/2883/2490 11099/2906/2490 11100/2885/2490
f 11101/2885/2491 11102/2906/2492 11103/2907/2492
f 11101/2885/2491 11103/2907/2492 11104/2887/2493
f 11105/2890/2494 11106/2908/2494 11107/2909/2494
f 11105/2890/2494 11107/2909/2494 11108/2891/2495
f 11109/2891/2496 11110/2909/2496 11111/2910/2496
s 0
f 11109/2891/2496 11111/2910/2496 11112/2893/2496
f 11113/2893/2497 11114/2910/2497 11115/2911/2497
f 11113/2893/2497 11115/2911/2497 11116/2895/2497
f 11117/2895/2498 11118/2911/2498 11119/2912/2498
f 11117/2895/2498 11119/2912/2498 11120/2897/2498
f 11121/2897/2499 11122/2912/2499 11123/2913/2499
f 11121/2897/2499 11123/2913/2499 11124/2899/2499
f 11125/2899/2500 11126/2913/2500 11127/2901/2500
f 11125/2899/2500 11127/2901/2500 11128/2876/2500
f 11129/2914/2501 11130/2915/2501 11131/2916/2501
f 11129/2914/2501 11131/2916/2501 11132/2917/2501
s 1
f 11133/2917/2502 11134/2916/2502 11135/2918/2502
s 0
f 11133/2917/2502 11135/2918/2502 11136/2919/2502
f 11137/2919/2503 11138/2918/2503 11139/2920/2503
f 11137/2919/2503 11139/2920/2503 11140/2921/2503
f 11141/2921/2504 11142/2920/2504 11143/2922/2504
f 11141/2921/2504 11143/2922/2504 11144/2923/2504
s 1
f 11145/2923/2505 11146/2922/2506 11147/2924/2506
f 11145/2923/2505 11147/2924/2506 11148/2925/2505
f 11149/2925/2507 11150/2924/2508 11151/2926/2509
f 11149/2925/2507 11151/2926/2509 11152/2927/2510
f 11153/2928/2511 11154/2929/2511 11155/2930/2511
f 11153/2928/2511 11155/2930/2511 11156/2931/2511
s 0
f 11157/2931/2512 11158/2930/2512 11159/2932/2512
f 11157/2931/2512 11159/2932/2512 11160/2933/2512
f 11161/2933/2513 11162/2932/2513 11163/2934/2513
f 11161/2933/2513 11163/2934/2513 11164/2935/2513
f 11165/2935/2514 11166/2934/2514 11167/2936/2514
f 11165/2935/2514 11167/2936/2514 11168/2937/2514
f 11169/2937/2515 11170/2936/2515 11171/2938/2515
f 11169/2937/2515 11171/2938/2515 11172/2939/2515
s 1
f 11173/2939/2516 11174/2938/2516 11175/2915/2516
s 0
f 11173/2939/2516 11175/2915/2516 11176/2914/2516
f 11177/2915/2517 11178/2940/2517 11179/2941/2517
f 11177/2915/2517 11179/2941/2517 11180/2916/2517
f 11181/2916/2518 11182/2941/2518 11183/2942/2518
f 11181/2916/2518 11183/2942/2518 11184/2918/2518
f 11185/2918/2519 11186/2942/2519 11187/2943/2519
f 11185/2918/2519 11187/2943/2519 11188/2920/2519
f 11189/2920/2520 11190/2943/2520 11191/2944/2520
f 11189/2920/2520 11191/2944/2520 11192/2922/2520
s 1
f 11193/2922/2521 11194/2944/2521 11195/2945/2521
f 11193/2922/2521 11195/2945/2521 11196/2924/2521
f 11197/2924/2522 11198/2945/2523 11199/2946/2522
f 11197/2924/2522 11199/2946/2522 11200/2926/2524
f 11201/2929/2525 11202/2947/2526 11203/2948/2526
f 11201/2929/2525 11203/2948/2526 11204/2930/2527
s 0
f 11205/2930/2528 11206/2948/2528 11207/2949/2528
f 11205/2930/2528 11207/2949/2528 11208/2932/2528
f 11209/2932/2529 11210/2949/2529 11211/2950/2529
f 11209/2932/2529 11211/2950/2529 11212/2934/2529
f 11213/2934/2530 11214/2950/2530 11215/2951/2530
f 11213/2934/2530 11215/2951/2530 11216/2936/2530
f 11217/2936/2531 11218/2951/2531 11219/2952/2531
f 11217/2936/2531 11219/2952/2531 11220/2938/2531
f 11221/2938/2532 11222/2952/2532 11223/2940/2532
f 11221/2938/2532 11223/2940/2532 11224/2915/2532
f 11225/2940/2533 11226/2875/2533 11227/2878/2533
f 11225/2940/2533 11227/2878/2533 11228/2941/2533
f 11229/2941/2534 11230/2878/2534 11231/2880/2534
f 11229/2941/2534 11231/2880/2534 11232/2942/2534
f 11233/2942/2535 11234/2880/2535 11235/2882/2535
f 11233/2942/2535 11235/2882/2535 11236/2943/2535
f 11237/2943/2536 11238/2882/2536 11239/2884/2536
f 11237/2943/2536 11239/2884/2536 11240/2944/2536
s 1
f 11241/2944/2537 11242/2884/2538 11243/2886/2538
f 11241/2944/2537 11243/2886/2538 11244/2945/2537
f 11245/2945/2539 11246/2886/2539 11247/2888/2540
f 11245/2945/2539 11247/2888/2540 11248/2946/2539
f 11249/2947/2541 11250/2889/2542 11251/2892/2542
f 11249/2947/2541 11251/2892/2542 11252/2948/2543
s 0
f 11253/2948/2544 11254/2892/2544 11255/2894/2544
f 11253/2948/2544 11255/2894/2544 11256/2949/2544
f 11257/2949/2545 11258/2894/2545 11259/2896/2545
f 11257/2949/2545 11259/2896/2545 11260/2950/2545
f 11261/2950/2546 11262/2896/2546 11263/2898/2546
f 11261/2950/2546 11263/2898/2546 11264/2951/2546
f 11265/2951/2547 11266/2898/2547 11267/2900/2547
f 11265/2951/2547 11267/2900/2547 11268/2952/2547
f 11269/2952/2548 11270/2900/2548 11271/2875/2548
f 11269/2952/2548 11271/2875/2548 11272/2940/2548
f 11273/2875/2469 11274/2876/2469 11275/2877/2469
f 11273/2875/2469 11275/2877/2469 11276/2878/2469
f 11277/2878/2470 11278/2877/2470 11279/2879/2470
f 11277/2878/2470 11279/2879/2470 11280/2880/2470
f 11281/2880/2471 11282/2879/2471 11283/2881/2471
f 11281/2880/2471 11283/2881/2471 11284/2882/2471
f 11285/2882/2472 11286/2881/2472 11287/2883/2472
f 11285/2882/2472 11287/2883/2472 11288/2884/2472
s 1
f 11289/2884/2549 11290/2883/2550 11291/2885/2549
f 11289/2884/2549 11291/2885/2549 11292/2886/2549
f 11293/2886/2551 11294/2885/2552 11295/2887/2551
f 11293/2886/2551 11295/2887/2551 11296/2888/2551
f 11297/2889/2553 11298/2890/2554 11299/2891/2555
f 11297/2889/2553 11299/2891/2555 11300/2892/2555
s 0
f 11301/2892/2481 11302/2891/2481 11303/2893/2481
f 11301/2892/2481 11303/2893/2481 11304/2894/2481
f 11305/2894/2482 11306/2893/2482 11307/2895/2482
f 11305/2894/2482 11307/2895/2482 11308/2896/2482
f 11309/2896/2483 11310/2895/2483 11311/2897/2483
f 11309/2896/2483 11311/2897/2483 11312/2898/2483
f 11313/2898/2484 11314/2897/2484 11315/2899/2484
f 11313/2898/2484 11315/2899/2484 11316/2900/2484
f 11317/2900/2485 11318/2899/2485 11319/2876/2485
f 11317/2900/2485 11319/2876/2485 11320/2875/2485
f 11321/2876/2486 11322/2901/2486 11323/2902/2486
f 11321/2876/2486 11323/2902/2486 11324/2877/2486
f 11325/2877/2487 11326/2902/2487 11327/2903/2487
f 11325/2877/2487 11327/2903/2487 11328/2879/2487
f 11329/2879/2488 11330/2903/2488 11331/2904/2488
f 11329/2879/2488 11331/2904/2488 11332/2881/2488
f 11333/2881/2489 11334/2904/2489 11335/2905/2489
f 11333/2881/2489 11335/2905/2489 11336/2883/2489
s 1
f 11337/2883/2556 11338/2905/2556 11339/2906/2557
f 11337/2883/2556 11339/2906/2557 11340/2885/2556
f 11341/2885/2558 11342/2906/2558 11343/2907/2558
f 11341/2885/2558 11343/2907/2558 11344/2887/2558
f 11345/2890/2559 11346/2908/2560 11347/2909/2560
f 11345/2890/2559 11347/2909/2560 11348/2891/2559
s 0
f 11349/2891/2496 11350/2909/2496 11351/2910/2496
f 11349/2891/2496 11351/2910/2496 11352/2893/2496
f 11353/2893/2497 11354/2910/2497 11355/2911/2497
f 11353/2893/2497 11355/2911/2497 11356/2895/2497
f 11357/2895/2498 11358/2911/2498 11359/2912/2498
f 11357/2895/2498 11359/2912/2498 11360/2897/2498
f 11361/2897/2499 11362/2912/2499 11363/2913/2499
f 11361/2897/2499 11363/2913/2499 11364/2899/2499
f 11365/2899/2500 11366/2913/2500 11367/2901/2500
f 11365/2899/2500 11367/2901/2500 11368/2876/2500
f 11369/2914/2501 11370/2915/2501 11371/2916/2501
f 11369/2914/2501 11371/2916/2501 11372/2917/2501
f 11373/2917/2561 11374/2916/2561 11375/2918/2561
f 11373/2917/2502 11375/2918/2502 11376/2919/2502
f 11377/2919/2503 11378/2918/2503 11379/2920/2503
f 11377/2919/2503 11379/2920/2503 11380/2921/2503
s 1
f 11381/2921/2504 11382/2920/2504 11383/2922/2562
f 11381/2921/2504 11383/2922/2562 11384/2923/2563
f 11384/2923/2563 11383/2922/2562 11385/2924/2564
f 11384/2923/2563 11385/2924/2564 11386/2925/2564
f 11387/2925/2565 11388/2924/2565 11389/2926/2566
f 11387/2925/2565 11389/2926/2566 11390/2927/2565
f 11391/2928/2567 11392/2929/2567 11393/2930/2567
f 11391/2928/2567 11393/2930/2567 11394/2931/2567
s 0
f 11395/2931/2568 11396/2930/2568 11397/2932/2568
f 11395/2931/2568 11397/2932/2568 11398/2933/2568
f 11399/2933/2513 11400/2932/2513 11401/2934/2513
f 11399/2933/2513 11401/2934/2513 11402/2935/2513
f 11403/2935/2514 11404/2934/2514 11405/2936/2514
f 11403/2935/2514 11405/2936/2514 11406/2937/2514
f 11407/2937/2569 11408/2936/2569 11409/2938/2569
f 11407/2937/2515 11409/2938/2515 11410/2939/2515
f 11411/2939/2516 11412/2938/2516 11413/2915/2516
f 11411/2939/2516 11413/2915/2516 11414/2914/2516
f 11415/2915/2517 11416/2940/2517 11417/2941/2517
f 11415/2915/2517 11417/2941/2517 11418/2916/2517
f 11419/2916/2518 11420/2941/2518 11421/2942/2518
f 11419/2916/2518 11421/2942/2518 11422/2918/2518
f 11423/2918/2519 11424/2942/2519 11425/2943/2519
f 11423/2918/2519 11425/2943/2519 11426/2920/2519
f 11427/2920/2520 11428/2943/2520 11429/2944/2520
f 11427/2920/2520 11429/2944/2520 11430/2922/2520
s 1
f 11431/2922/2570 11432/2944/2570 11433/2945/2570
f 11431/2922/2570 11433/2945/2570 11434/2924/2570
f 11435/2924/2571 11436/2945/2572 11437/2946/2571
f 11435/2924/2571 11437/2946/2571 11438/2926/2571
f 11439/2929/2573 11440/2947/2573 11441/2948/2573
f 11439/2929/2573 11441/2948/2573 11442/2930/2573
s 0
f 11443/2930/2528 11444/2948/2528 11445/2949/2528
f 11443/2930/2528 11445/2949/2528 11446/2932/2528
s 1
f 11447/2932/2529 11448/2949/2529 11449/2950/2529
s 0
f 11447/2932/2529 11449/2950/2529 11450/2934/2529
f 11451/2934/2530 11452/2950/2530 11453/2951/2530
f 11451/2934/2530 11453/2951/2530 11454/2936/2530
f 11455/2936/2531 11456/2951/2531 11457/2952/2531
f 11455/2936/2531 11457/2952/2531 11458/2938/2531
f 11459/2938/2532 11460/2952/2532 11461/2940/2532
f 11459/2938/2532 11461/2940/2532 11462/2915/2532
f 11463/2940/2533 11464/2875/2533 11465/2878/2533
f 11463/2940/2533 11465/2878/2533 11466/2941/2533
f 11467/2941/2534 11468/2878/2534 11469/2880/2534
f 11467/2941/2534 11469/2880/2534 11470/2942/2534
f 11471/2942/2535 11472/2880/2535 11473/2882/2535
f 11471/2942/2535 11473/2882/2535 11474/2943/2535
f 11475/2943/2536 11476/2882/2536 11477/2884/2536
f 11475/2943/2536 11477/2884/2536 11478/2944/2536
s 1
f 11479/2944/2574 11480/2884/2575 11481/2886/2576
f 11479/2944/2574 11481/2886/2576 11482/2945/2577
f 11483/2945/2578 11484/2886/2578 11485/2888/2578
f 11483/2945/2578 11485/2888/2578 11486/2946/2578
f 11487/2947/2579 11488/2889/2579 11489/2892/2580
f 11487/2947/2579 11489/2892/2580 11490/2948/2581
s 0
f 11491/2948/2544 11492/2892/2544 11493/2894/2544
s 1
f 11491/2948/2544 11493/2894/2544 11494/2949/2544
s 0
f 11495/2949/2545 11496/2894/2545 11497/2896/2545
f 11495/2949/2545 11497/2896/2545 11498/2950/2545
f 11499/2950/2546 11500/2896/2546 11501/2898/2546
f 11499/2950/2546 11501/2898/2546 11502/2951/2546
f 11503/2951/2547 11504/2898/2547 11505/2900/2547
f 11503/2951/2547 11505/2900/2547 11506/2952/2547
f 11507/2952/2548 11508/2900/2548 11509/2875/2548
f 11507/2952/2548 11509/2875/2548 11510/2940/2548
